003298611111111111-90_268-261I506_356I538-356I536_262I538_261I506_356I507-0_0_3_28_33_25_30_30-52-8.jpg	皖AD49166
00490885416667-92_92-329I464_445I506-443I506_329I501_332I464_445I473-0_0_3_26_24_33_27_33-98-23.jpg	皖AD20939
005836925287356322-89_267-348I548_473I590-473I586_348I590_349I552_472I548-0_0_3_28_26_29_29_31-141-12.jpg	皖AD42557
006630747126436781-90_266-250I483_392I526-392I525_252I526_250I484_391I483-0_0_3_24_32_32_25_29-135-43.jpg	皖AD08815
007470703125-91_266-259I422_412I471-412I469_261I471_259I422_411I425-0_0_3_24_30_32_24_33-166-16.jpg	皖AD06809
007655651340996168-86_270-291I541_430I592-430I580_293I592_291I552_426I541-0_0_3_25_25_25_31_26-83-12.jpg	皖AD11172
007945402298850575-90_90-305I523_463I569-460I569_305I565_305I525_463I523-0_0_3_33_31_25_32_29-39-9.jpg	皖AD97185
00805121527778-93_271-296I485_436I543-433I543_296I541_297I485_436I494-1_0_3_32_24_29_24_29-168-78.jpg	沪AD80505
008159722222222223-88_267-268I576_413I628-413I627_271I628_268I582_411I576-0_0_3_26_33_31_33_30-88-47.jpg	皖AD29796
008186063218390804-90_265-249I576_378I634-378I634_253I629_249I576_369I576-0_0_3_28_28_30_25_30-100-113.jpg	皖AD44616
008426724137931035-90_267-314I518_467I569-464I569_314I564_316I518_467I520-10_2_3_24_24_26_31_26-165-16.jpg	苏CD00272
008448275862068965-91_266-354I560_501I612-501I612_356I610_354I560_501I565-0_0_3_28_26_26_32_32-110-72.jpg	皖AD42288
008536877394636015-90_263-370I578_525I629-524I629_370I627_375I578_525I580-0_0_3_25_30_32_33_32-109-20.jpg	皖AD16898
008684895833333333-90_268-268I462_406I526-406I511_269I526_268I465_403I462-0_0_3_25_32_33_32_33-166-5.jpg	皖AD18989
008735632183908045-88_266-333I400_485I453-485I448_333I453_334I407_483I400-0_0_3_1_25_26_26_30-99-131.jpg	皖ADB1226
008778735632183909-91_262-222I554_378I606-378I606_227I601_222I554_375I558-0_0_3_32_26_29_33_33-80-10.jpg	皖AD82599
008797892720306514-90_268-220I558_387I606-387I606_220I601_221I558_382I560-10_2_3_24_24_26_25_26-148-11.jpg	苏CD00212
008854166666666666-85_273-255I544_400I600-399I585_256I600_255I560_400I544-0_0_3_30_25_24_30_30-90-2.jpg	皖AD61066
00885416666667-91_269-309I483_469I539-467I539_309I527_310I483_469I488-1_0_3_24_33_31_29_31-135-31.jpg	沪AD09757
008947557471264368-90_90-252I459_411I511-411I511_252I511_252I461_410I459-0_0_3_24_26_32_26_33-98-52.jpg	皖AD02829
00897135416667-92_270-282I402_441I459-441I459_282I447_283I402_439I409-1_0_5_27_32_26_33_31-153-23.jpg	沪AF38297
008979885057471264-86_263-216I559_366I613-366I602_223I613_216I571_360I559-0_0_3_30_26_26_26_32-84-15.jpg	皖AD62228
008997844827586208-90_266-246I544_413I594-408I590_246I594_249I544_413I544-0_0_3_28_33_30_33_30-124-15.jpg	皖AD49696
009093630268199234-93_270-295I536_450I589-449I589_295I584_297I536_450I547-0_0_3_30_32_29_29_32-127-26.jpg	皖AD68558
009137931034482759-90_266-307I558_466I610-462I610_307I610_310I558_466I559-1_0_3_4_25_25_24_31-97-62.jpg	沪ADE1107
00925347222222-90_94-243I474_407I531-407I529_243I531_245I476_404I474-0_0_3_17_24_33_24_27-145-54.jpg	皖ADT0903
00939176245210728-88_270-297I527_445I585-444I575_298I585_297I534_445I527-0_0_5_24_29_24_29_30-168-6.jpg	皖AF05056
009464798850574713-91_267-301I534_456I589-456I589_301I586_304I534_454I537-0_0_3_32_33_25_25_30-137-14.jpg	皖AD89116
009588122605363984-88_265-156I539_310I596-310I589_161I596_156I547_306I539-0_0_5_25_27_27_30_30-229-82.jpg	皖AF13366
0096484375-89_267-315I416_486I473-486I471_315I473_316I420_483I416-0_0_3_24_29_25_29_29-107-31.jpg	皖AD05155
009650383141762453-91_268-307I553_462I610-456I610_307I602_309I553_462I557-10_2_3_24_24_26_31_26-143-10.jpg	苏CD00272
009770114942528735-92_264-309I536_469I592-461I590_309I592_316I536_469I543-0_0_3_31_29_26_29_32-98-31.jpg	皖AD75258
009827586206896551-90_268-220I573_391I625-389I625_220I625_221I573_391I575-0_0_3_30_26_26_30_31-170-63.jpg	皖AD62267
00994900173611-90_268-224I458_397I516-396I514_225I516_224I460_397I458-0_0_3_24_32_31_32_24-124-35.jpg	皖AD08780
01001953125-89_264-303I484_474I543-465I540_303I543_307I490_474I484-1_0_5_24_27_27_29_29-150-8.jpg	沪AF03355
010032327586206896-89_258-285I538_456I592-456I586_295I592_285I541_454I538-10_2_3_24_33_31_27_32-138-75.jpg	苏CD09738
01003831417624521-97_267-263I515_394I585-389I585_263I573_272I515_394I534-0_0_3_25_31_31_32_33-125-10.jpg	皖AD17789
010208333333333333-87_251-336I496_483I560-472I536_336I560_350I506_483I496-15_14_3_26_24_30_26_25-80-6.jpg	鲁QD20621
010335249042145594-91_267-294I595_460I652-459I648_295I652_294I595_460I600-0_0_3_29_29_30_28_28-132-90.jpg	皖AD55644
010335249042145594-92_266-328I534_494I590-493I590_328I580_332I534_494I541-0_0_3_28_30_31_30_32-223-5.jpg	皖AD46768
010407088122605363-89_268-282I592_446I650-446I643_284I650_282I595_444I592-10_2_3_24_33_29_31_24-78-16.jpg	苏CD09570
0104090711806-90_96-324I476_505I534-505I532_324I534_326I476_500I478-10_0_3_27_27_29_30_24-169-41.jpg	苏AD33560
010458984375-90_94-288I461_477I517-474I517_288I515_289I462_477I461-1_0_5_30_27_25_25_24-135-61.jpg	沪AF63110
0104947916667-90_268-262I470_448I527-448I526_263I527_262I470_447I470-0_0_3_24_29_29_30_30-99-94.jpg	皖AD05566
010526819923371648-93_260-260I554_417I616-417I616_265I601_260I554_414I564-0_0_3_1_33_24_30_26-108-36.jpg	皖ADB9062
0105794270833-90_268-252I444_447I499-447I499_252I497_253I446_446I444-0_0_3_24_30_30_33_25-150-60.jpg	皖AD06691
010797413793103448-88_268-212I574_379I633-379I625_215I633_212I582_377I574-0_0_3_26_29_33_29_29-79-8.jpg	皖AD25955
010838122605363985-95_272-304I548_450I616-444I616_304I597_306I548_450I563-0_0_3_32_29_32_24_32-102-10.jpg	皖AD85808
010869140625-89_266-292I439_481I497-481I497_292I497_294I444_480I439-0_0_3_25_32_26_30_32-116-22.jpg	皖AD18268
010909961685823755-85_266-203I553_339I627-339I608_211I627_203I567_333I553-0_0_3_26_24_33_27_33-61-14.jpg	皖AD20939
0109266493056-89_94-245I497_435I555-435I549_245I555_247I499_431I497-0_0_3_24_32_31_30_30-64-10.jpg	皖AD08766
010972222222222222-94_271-297I483_455I547-454I547_297I531_299I483_455I496-10_2_3_24_30_31_29_26-187-16.jpg	苏CD06752
011119791666666667-90_268-284I479_467I540-463I540_284I537_285I479_467I480-0_0_3_24_30_27_25_33-134-29.jpg	皖AD06319
0111328125-90_264-229I500_419I559-419I559_234I557_229I500_413I502-1_0_33_1_32_26_25_25-121-148.jpg	沪A9B8211
011279296875-90_260-243I525_432I585-432I585_252I584_243I525_424I525-10_0_5_24_30_26_26_30-132-120.jpg	苏AF06226
0115169270833-89_90-301I386_475I453-474I439_301I453_301I392_475I386-19_1_5_26_33_33_26_26-128-18.jpg	粤BF29922
0115831163194-86_270-263I464_438I530-438I517_266I530_263I477_434I464-0_0_3_24_28_29_30_30-99-10.jpg	皖AD04566
0115885416667-89_90-224I464_402I529-402I518_224I529_224I469_402I464-0_0_3_26_33_33_29_25-129-9.jpg	皖AD29951
0117057291667-93_97-229I476_415I539-415I539_232I527_229I476_412I483-0_0_3_25_26_27_33_32-137-81.jpg	皖AD12398
0117274305556-91_269-279I433_472I494-472I494_279I486_280I433_471I437-1_0_5_30_32_33_31_25-134-7.jpg	沪AF68971
01173611111111111-88_256-138I512_307I575-307I569_152I575_138I518_302I512-0_0_3_28_32_33_30_33-137-279.jpg	皖AD48969
011774425287356323-86_263-351I513_500I585-500I567_351I585_353I525_499I513-0_0_3_1_33_25_29_25-113-8.jpg	皖ADB9151
0118760850694-91_93-259I547_458I607-458I607_259I602_263I547_457I551-0_0_3_24_31_33_33_32-142-8.jpg	皖AD07998
011961206896551724-89_266-230I559_415I618-415I613_230I618_232I564_412I559-0_0_3_28_30_31_30_32-171-11.jpg	皖AD46768
0120920138889-90_267-278I402_477I464-477I459_278I464_280I404_471I402-1_0_3_30_27_32_24_32-192-84.jpg	沪AD63808
012265325670498085-90_263-252I502_449I559-449I554_258I559_252I505_443I502-10_2_3_24_27_31_27_24-144-59.jpg	苏CD03730
0122916666667-90_268-250I435_442I500-442I493_250I500_252I435_437I435-0_0_3_17_25_24_32_25-162-52.jpg	皖ADT1081
0123426649306-91_264-260I476_435I547-429I540_260I547_267I476_435I479-0_0_3_24_27_31_32_26-172-177.jpg	皖AD03782
0123697916667-90_264-191I450_391I513-385I513_191I513_196I450_391I451-0_0_3_24_33_32_26_24-146-90.jpg	皖AD09820
0124837239583-91_90-220I483_415I548-413I548_220I544_220I483_415I488-1_0_5_30_32_33_31_25-196-63.jpg	沪AF68971
0124934895833-89_90-239I422_441I484-440I481_239I484_239I428_441I422-0_0_3_24_33_29_32_29-124-60.jpg	皖AD09585
012509765625-88_269-265I497_448I566-448I553_267I566_265I506_443I497-0_0_3_24_25_33_30_26-94-56.jpg	皖AD01962
0125477430556-90_90-246I456_442I520-441I520_246I511_246I456_442I459-1_0_5_29_25_24_33_27-119-54.jpg	沪AF51093
01259765625-90_265-270I391_485I450-485I450_274I448_270I392_479I391-0_0_3_24_31_29_26_24-176-34.jpg	皖AD07520
0126909722222-91_270-259I434_431I508-426I502_259I508_260I434_431I438-0_0_5_24_24_26_24_26-125-46.jpg	皖AF00202
0128038194444-90_267-237I470_437I535-435I535_237I534_239I471_437I470-0_0_3_24_26_29_27_31-144-155.jpg	皖AD02537
0128255208333-90_93-283I459_480I525-480I525_283I523_286I470_477I459-1_0_5_29_25_31_30_30-132-12.jpg	沪AF51766
0128678385417-90_268-272I433_473I497-473I497_272I493_273I433_471I435-0_0_3_24_33_32_27_28-93-47.jpg	皖AD09834
0129014756944-90_263-253I528_458I592-453I592_253I590_259I528_458I529-0_0_3_24_28_29_30_30-156-121.jpg	皖AD04566
0129839409722-90_269-310I453_503I520-503I517_311I520_310I453_502I454-1_0_3_24_24_33_30_25-116-29.jpg	沪AD00961
01302734375-89_265-260I393_467I457-467I457_265I456_260I399_463I393-1_0_5_29_29_24_33_25-168-207.jpg	沪AF55091
0130501302083-90_264-221I423_432I485-429I485_226I480_221I423_432I425-1_0_3_30_25_32_26_32-201-14.jpg	沪AD61828
0131586371528-94_102-254I507_435I581-435I581_262I565_254I507_427I516-10_0_3_24_32_32_26_25-106-81.jpg	苏AD08821
0131857638889-90_259-333I490_550I551-550I551_342I547_333I491_539I490-0_0_3_24_33_30_26_30-129-154.jpg	皖AD09626
0133040364583-90_261-178I519_379I586-379I586_186I578_178I519_372I522-1_0_5_1_26_25_25_25-148-89.jpg	沪AFB2111
013304036458333333-91_267-307I495_508I562-508I562_308I557_307I495_508I501-1_0_5_30_32_33_31_25-172-23.jpg	沪AF68971
0133463541667-90_256-260I474_465I540-459I534_260I540_274I477_465I474-0_0_3_24_27_26_27_29-130-151.jpg	皖AD03235
0134049479167-90_265-229I398_442I461-442I458_233I461_229I399_436I398-0_0_3_24_33_33_26_29-98-23.jpg	皖AD09925
0134049479167-90_268-264I408_477I471-477I469_265I471_264I409_476I408-0_0_3_24_27_28_27_31-145-137.jpg	皖AD03437
0134440104167-89_267-251I416_461I481-461I477_254I481_251I424_459I416-1_0_5_27_27_27_33_33-146-33.jpg	沪AF33399
013505747126436781-88_259-250I526_438I592-438I588_262I592_250I534_428I526-10_2_3_24_24_26_24_24-141-4.jpg	苏CD00200
013802083333333333-90_269-271I471_483I537-482I537_271I535_272I471_483I471-0_0_3_25_25_25_25_25-164-24.jpg	皖AD11111
0138335503472-92_271-185I437_394I504-388I504_185I501_186I437_394I447-0_0_5_24_24_25_24_29-143-78.jpg	皖AF00105
013941570881226054-77_248-279I506_421I596-421I553_279I596_287I539_416I506-0_0_3_24_31_25_30_31-113-7.jpg	皖AD07167
014013671875-90_91-255I468_460I537-459I534_255I537_258I472_460I468-0_0_3_24_26_25_27_33-141-63.jpg	皖AD02139
0140190972222-89_268-256I474_446I549-446I540_256I549_257I479_446I474-19_1_5_28_27_32_26_33-112-125.jpg	粤BF43829
0141276041667-91_270-264I430_474I497-474I497_264I496_265I430_474I435-1_0_3_32_33_33_33_27-137-142.jpg	沪AD89993
014150390625-91_90-286I386_493I455-493I455_286I447_286I386_492I393-0_0_3_24_33_32_28_27-115-150.jpg	皖AD09843
014164272030651341-92_254-385I544_554I621-554I621_397I599_385I544_538I552-0_0_5_24_33_33_30_31-232-47.jpg	皖AF09967
0141666666667-92_263-182I426_374I501-374I501_186I488_182I426_364I435-1_0_5_30_32_33_31_25-130-135.jpg	沪AF68971
0141927083333-90_263-238I499_456I564-456I563_244I564_238I502_454I499-0_0_3_24_32_32_32_24-98-16.jpg	皖AD08880
0143174913194-91_263-181I419_384I490-384I490_186I478_181I419_382I424-0_0_3_24_30_29_30_29-114-94.jpg	皖AD06565
0143229166667-91_268-261I509_481I575-478I575_261I572_263I509_481I514-0_0_3_24_31_30_29_32-161-169.jpg	皖AD07658
014453125-90_269-261I439_483I505-481I505_262I504_261I439_483I442-1_0_5_29_32_30_32_30-72-59.jpg	沪AF58686
0146701388889-92_90-283I400_491I471-487I471_283I458_283I400_491I409-0_0_3_26_24_26_29_30-82-36.jpg	皖AD20256
0147916666667-92_270-244I458_457I528-452I528_244I517_245I458_457I470-1_0_5_30_32_33_31_25-90-15.jpg	沪AF68971
0148111979167-90_267-244I451_439I528-437I516_247I528_244I451_439I451-0_0_3_25_29_33_33_33-131-6.jpg	皖AD15999
01482421875-91_90-235I465_442I537-442I537_235I528_235I465_442I470-0_0_3_24_31_26_31_33-149-62.jpg	皖AD07279
014833984375-91_261-243I441_460I509-460I509_251I504_243I441_453I445-1_0_3_30_24_31_31_30-131-17.jpg	沪AD60776
014861111111111111-68_247-354I537_470I654-469I592_354I654_355I589_470I537-15_14_3_26_24_30_26_25-92-5.jpg	鲁QD20621
014892578125-90_90-217I451_442I518-442I516_217I518_217I451_437I451-0_0_3_24_28_33_25_24-144-63.jpg	皖AD04910
0148990885417-93_98-283I497_482I573-482I573_287I559_283I497_477I507-0_0_3_24_31_28_30_25-99-58.jpg	皖AD07461
015107421875-92_104-250I477_471I546-471I546_262I535_250I477_459I482-0_0_5_25_24_24_24_24-122-90.jpg	皖AF10000
0151085069444-90_268-250I445_486I509-486I509_251I506_250I445_486I448-10_0_3_27_28_33_33_29-135-121.jpg	苏AD34995
015129310344827587-67_243-230I530_347I648-346I584_230I648_234I585_347I530-0_0_3_25_26_32_26_25-104-5.jpg	皖AD12821
01513671875-90_267-253I402_478I470-474I470_256I467_253I402_478I406-0_0_3_25_24_24_32_26-144-158.jpg	皖AD10082
01517578125-92_95-234I460_456I529-456I529_234I518_234I460_453I460-0_0_3_24_29_25_29_29-134-6.jpg	皖AD05155
0151985677083-91_270-299I455_502I530-495I530_299I525_300I455_502I461-0_0_5_24_31_27_32_32-136-119.jpg	皖AF07388
0153255208333-92_265-257I385_471I457-471I457_259I445_257I385_471I393-1_0_5_29_29_24_33_25-165-127.jpg	沪AF55091
0153255208333-93_101-227I446_441I518-441I518_238I506_227I446_433I449-0_0_3_27_29_32_32_32-108-61.jpg	皖AD35888
0154861111111-90_267-269I428_492I499-490I496_269I499_272I430_492I428-0_0_3_24_30_32_24_33-115-35.jpg	皖AD06809
0154947916667-94_99-243I391_447I468-447I468_248I453_243I391_443I407-10_0_3_27_24_24_26_26-101-51.jpg	苏AD30022
0155555555556-90_268-230I451_454I522-454I522_230I522_232I451_454I453-0_0_3_25_24_24_24_24-172-75.jpg	皖AD10000
0155555555556-90_268-236I427_460I497-458I495_238I497_236I431_460I427-0_0_5_25_29_26_24_24-146-86.jpg	皖AF15200
0155859375-91_99-240I445_468I514-468I514_243I508_240I445_460I445-10_0_3_24_24_27_27_25-138-29.jpg	苏AD00331
0157628038194-96_103-257I432_456I512-456I512_264I486_257I432_449I447-0_0_3_25_30_30_30_32-105-29.jpg	皖AD16668
0157758246528-89_269-280I380_497I454-497I445_282I454_280I385_497I380-1_0_5_26_27_24_26_26-144-56.jpg	沪AF23022
0157758246528-91_269-269I427_486I501-484I501_269I494_271I427_486I435-10_0_3_24_26_24_25_27-95-25.jpg	苏AD02013
0157975260417-93_270-256I396_467I471-466I471_256I462_259I396_467I409-0_0_3_24_31_25_28_29-165-49.jpg	皖AD07145
0158485243056-91_264-240I492_458I565-456I565_244I553_240I492_458I497-1_0_5_30_32_33_31_25-122-70.jpg	沪AF68971
015859375-90_269-263I454_495I523-495I523_264I522_263I458_493I454-0_0_3_26_33_26_33_32-78-23.jpg	皖AD29298
015863715277777777-90_267-196I460_411I535-410I525_199I535_196I462_411I460-0_0_3_25_26_27_30_32-164-71.jpg	皖AD12368
0158745659722-90_266-309I434_518I511-513I501_309I511_313I435_518I434-11_0_5_25_25_25_33_24-143-125.jpg	浙AF11190
0160112847222-91_268-226I419_443I493-443I493_227I493_226I419_442I424-0_0_3_24_26_32_26_26-190-127.jpg	皖AD02822
016015625-91_267-237I491_442I570-438I567_237I570_242I491_442I496-0_0_3_24_30_31_33_29-100-26.jpg	皖AD06795
0161111111111-90_261-280I427_512I497-512I497_289I492_280I427_505I428-1_0_5_29_24_26_26_33-115-57.jpg	沪AF50229
0161783854167-91_267-272I413_485I490-481I490_274I479_272I413_485I420-0_0_3_24_33_32_28_29-118-22.jpg	皖AD09845
016221788194444444-90_258-214I504_444I575-444I575_226I566_214I504_437I505-0_0_3_25_26_33_26_33-98-84.jpg	皖AD12929
0162326388889-90_268-170I486_390I561-390I553_172I561_170I488_386I486-0_0_3_26_27_27_26_26-142-112.jpg	皖AD23322
0163997395833-92_254-236I430_465I502-465I502_250I492_236I430_459I438-0_0_5_24_24_25_29_29-104-83.jpg	皖AF00155
0164583333333-90_90-221I438_458I508-453I501_221I508_221I443_458I438-0_0_5_25_26_27_28_29-144-252.jpg	皖AF12345
0166449652778-88_266-173I497_409I569-402I564_178I569_173I508_409I497-0_0_3_24_24_29_25_32-118-26.jpg	皖AD00518
0166482204861-89_257-230I404_459I478-459I478_244I473_230I410_445I404-0_0_3_25_26_27_28_30-77-37.jpg	皖AD12346
0166579861111-89_268-246I473_448I557-443I544_246I557_247I478_448I473-19_1_5_29_28_29_25_29-172-112.jpg	粤BF54515
016781684027777778-87_256-255I474_464I555-447I527_255I555_267I488_464I474-10_0_3_24_24_27_27_25-109-177.jpg	苏AD00331
0167936197917-90_267-276I485_507I559-507I559_276I558_279I485_507I489-0_0_3_26_24_33_27_33-102-69.jpg	皖AD20939
016845703125-90_265-207I450_432I526-428I520_207I526_212I450_432I453-0_0_3_24_26_30_29_28-115-45.jpg	皖AD02654
01689655172413793-90_266-248I461_472I530-472I530_248I522_251I461_472I461-10_2_3_24_26_29_31_30-147-73.jpg	苏CD02576
01689670138888889-93_270-258I537_487I611-485I611_258I601_261I537_487I550-0_0_3_25_33_24_32_25-94-44.jpg	皖AD19081
0168999565972-100_258-186I442_361I539-361I539_187I500_186I442_360I476-0_0_3_24_27_31_32_26-89-65.jpg	皖AD03782
0169010416667-90_265-298I433_534I505-534I505_303I500_298I434_534I433-1_0_5_29_29_24_33_25-127-131.jpg	沪AF55091
0169270833333-91_97-242I502_482I573-482I573_252I567_242I505_476I502-11_0_5_24_26_33_32_26-146-421.jpg	浙AF02982
0170442708333-90_267-230I467_461I541-455I539_230I541_233I467_461I468-1_0_5_30_32_33_31_25-118-9.jpg	沪AF68971
017109375-90_93-182I477_401I555-398I552_182I555_185I477_401I481-0_0_3_24_27_24_26_26-170-176.jpg	皖AD03022
0171571180556-90_268-253I501_489I574-488I574_255I566_253I501_489I504-1_0_5_30_32_33_31_25-69-11.jpg	沪AF68971
0171799045139-89_258-228I427_451I505-442I491_228I505_240I432_451I427-0_0_3_25_24_24_30_30-118-99.jpg	皖AD10066
0171885850694-90_94-284I518_501I598-497I595_284I598_284I518_501I525-1_0_3_24_24_33_30_25-115-35.jpg	沪AD00961
017265625-88_264-209I419_430I497-430I497_216I486_209I426_408I419-0_0_3_25_24_30_24_30-125-64.jpg	皖AD10606
01730603448275862-92_252-287I444_506I516-506I516_303I506_287I444_491I454-10_2_3_24_24_25_30_27-137-100.jpg	苏CD00163
0173502604167-90_263-215I438_461I509-461I509_222I502_215I438_458I441-1_0_5_1_31_33_25_29-160-166.jpg	沪AFB7915
01740234375-90_94-264I430_507I502-507I501_267I502_264I430_503I432-1_0_5_4_29_33_24_25-95-16.jpg	沪AFE5901
017510775862068964-91_262-321I504_516I586-516I586_328I567_321I504_512I511-10_0_3_30_25_26_29_32-238-50.jpg	苏AD61258
0175607638889-91_262-208I413_446I488-446I488_214I473_208I413_443I421-1_0_5_33_33_26_33_33-149-94.jpg	沪AF99299
017744140625-90_251-247I465_484I540-484I540_268I531_247I465_466I468-0_0_3_24_31_25_31_25-78-32.jpg	皖AD07171
0179014756944-90_266-245I466_471I546-471I539_250I546_245I466_471I466-0_0_5_25_32_25_25_32-112-7.jpg	皖AF18118
01796875-90_257-180I522_410I600-410I600_194I592_180I522_393I523-0_0_3_25_33_33_31_33-157-190.jpg	皖AD19979
018046875-90_103-210I469_474I538-460I537_210I538_217I469_474I470-1_0_5_3_33_24_25_24-94-90.jpg	沪AFD9010
018046875-90_92-279I448_531I520-531I520_283I517_279I450_529I448-0_0_3_24_31_29_30_32-138-143.jpg	皖AD07568
01806640625-93_271-284I361_509I442-509I442_284I430_286I361_508I376-0_0_3_24_28_26_28_32-104-15.jpg	皖AD04248
0181814236111-91_264-219I411_455I489-455I489_224I479_219I411_454I419-0_0_3_24_33_29_32_30-119-90.jpg	皖AD09586
018190104166666665-90_268-269I474_523I547-509I544_269I547_271I478_523I474-10_4_3_24_30_30_30_26-102-86.jpg	苏ED06662
0182183159722-89_99-234I415_464I495-455I491_234I495_241I415_464I420-10_0_5_25_25_25_30_24-115-26.jpg	苏AF11160
0182183159722-93_101-229I497_459I577-459I577_241I564_229I497_450I506-0_0_3_25_26_27_33_32-87-119.jpg	皖AD12398
0182248263889-90_95-183I508_430I583-430I583_191I583_183I508_425I511-0_0_3_25_25_24_25_25-166-99.jpg	皖AD11011
0184125434028-92_265-246I474_485I552-481I552_246I544_253I474_485I486-0_0_3_24_24_25_27_30-118-71.jpg	皖AD00136
0184505208333-90_264-237I441_455I526-451I519_237I526_244I441_455I443-0_0_5_24_24_31_32_30-136-64.jpg	皖AF00786
0185329861111-88_264-246I398_490I474-482I465_246I474_250I410_490I398-1_0_5_1_31_33_27_30-175-98.jpg	沪AFB7936
0186197916667-90_95-212I526_432I611-432I608_212I611_215I526_426I530-10_0_3_24_24_27_27_25-155-200.jpg	苏AD00331
018642578125-89_259-214I497_463I573-463I573_225I566_214I505_457I497-0_0_3_17_25_24_27_24-146-260.jpg	皖ADT1030
01869140625-90_268-187I438_448I511-448I511_189I508_187I442_444I438-0_0_3_24_33_30_26_33-107-81.jpg	皖AD09629
0187413194444-90_267-205I461_459I536-458I536_205I528_208I462_459I461-1_0_5_27_26_24_29_33-206-12.jpg	沪AF32059
01880859375-88_90-224I465_438I553-432I534_224I553_224I477_438I465-11_0_5_24_27_26_31_31-163-112.jpg	浙AF03277
0188151041667-91_95-209I473_464I548-464I548_213I539_209I476_460I473-1_0_5_29_24_31_27_27-87-52.jpg	沪AF50733
01890625-90_92-215I493_479I565-477I565_215I563_219I493_479I494-1_0_5_0_33_31_27_27-68-24.jpg	沪AFA9733
0190288628472-90_269-244I434_491I512-490I512_244I509_245I434_491I435-0_0_3_26_27_24_30_32-177-39.jpg	皖AD23068
0190494791667-95_256-201I416_410I508-410I508_210I481_201I416_408I437-0_0_3_25_24_24_32_26-198-100.jpg	皖AD10082
0190646701389-90_262-211I406_462I482-460I482_220I481_211I410_462I406-0_0_3_25_30_24_24_24-94-54.jpg	皖AD16000
0190646701389-90_267-246I435_497I512-497I512_249I504_246I435_494I437-0_0_3_24_27_31_32_26-143-199.jpg	皖AD03782
0191059027778-90_267-236I421_484I499-477I494_236I499_239I421_484I425-0_0_3_24_29_31_27_24-154-81.jpg	皖AD05730
0191200086806-90_267-205I473_468I547-468I546_208I547_205I473_466I478-11_0_5_24_32_27_29_26-164-198.jpg	浙AF08352
019140625-88_96-230I494_482I571-482I560_235I571_230I503_474I494-0_0_3_24_33_29_32_30-147-14.jpg	皖AD09586
0191634114583-84_257-199I474_402I570-397I536_199I570_207I497_402I474-10_0_3_24_24_27_27_25-93-50.jpg	苏AD00331
01921875-89_263-191I486_437I565-437I565_200I565_191I493_429I486-1_0_5_24_27_27_29_29-169-309.jpg	沪AF03355
0193912760417-90_92-223I464_482I539-480I539_226I536_223I464_482I469-10_0_3_27_32_32_26_29-94-74.jpg	苏AD38825
0194075520833-89_245-231I423_502I495-502I495_259I495_231I430_484I423-0_0_3_25_30_30_32_32-68-108.jpg	皖AD16688
0194498697917-89_258-229I418_468I500-451I486_229I500_242I422_468I418-1_0_3_24_31_26_26_29-67-26.jpg	沪AD07225
01953125-90_261-221I500_471I578-471I578_230I569_221I500_467I504-0_0_3_24_27_31_27_31-84-41.jpg	皖AD03737
0196354166667-92_263-254I388_486I473-479I473_254I464_264I388_486I399-0_0_3_24_26_26_30_28-114-86.jpg	皖AD02264
0196875-91_267-237I424_489I503-481I499_237I503_241I424_489I431-1_0_5_29_24_26_26_33-137-72.jpg	沪AF50229
0197526041667-90_251-210I426_456I507-434I497_210I507_234I427_456I426-1_0_3_24_31_26_26_29-71-55.jpg	沪AD07225
0198025173611-89_261-224I454_474I534-474I534_234I525_224I459_473I454-19_1_5_26_33_33_26_26-112-15.jpg	粤BF29922
0198741319444-89_112-208I517_449I600-423I593_208I600_233I517_449I518-0_0_3_24_28_26_26_26-87-268.jpg	皖AD04222
0198763020833-90_259-157I451_415I529-415I529_170I527_157I453_409I451-0_0_3_24_33_30_30_31-59-40.jpg	皖AD09667
0201236979167-90_269-211I410_492I482-492I482_212I481_211I412_491I410-0_0_3_24_29_24_24_26-85-70.jpg	皖AD05002
020234375-89_268-223I448_475I529-475I523_223I529_224I454_474I448-0_0_3_17_25_25_24_32-128-95.jpg	皖ADT1108
0202615017361-93_104-214I505_477I583-477I583_223I567_214I505_465I512-1_0_5_1_32_32_24_25-86-32.jpg	沪AFB8801
0203125-101_90-312I467_492I581-490I581_312I535_312I467_492I508-10_0_3_25_26_25_25_25-67-16.jpg	苏AD12111
0203125-90_269-273I391_533I470-533I470_274I465_273I391_532I396-1_0_5_24_31_27_31_24-91-42.jpg	沪AF07370
0203559027778-90_260-263I479_531I555-531I555_273I542_263I479_529I483-10_0_3_24_24_27_27_25-136-25.jpg	苏AD00331
0204752604167-90_268-256I378_511I459-511I459_258I458_256I378_510I378-19_1_5_25_29_29_30_24-135-43.jpg	粤BF15560
0205154079861-89_104-202I476_461I555-446I548_202I555_210I480_461I476-1_0_5_2_25_26_30_25-139-39.jpg	沪AFC1261
02056640625-91_266-183I399_417I488-409I482_183I488_190I399_417I403-0_0_3_24_30_25_29_25-116-188.jpg	皖AD06151
0205729166667-88_269-196I419_436I505-433I493_199I505_196I428_436I419-0_0_3_25_25_24_25_25-183-52.jpg	皖AD11011
0207139756944-90_90-238I395_468I485-468I481_238I485_238I395_466I395-0_0_5_24_24_25_29_24-181-31.jpg	皖AF00150
0207530381944-91_266-225I515_487I595-475I595_225I588_230I515_487I524-0_0_3_26_30_27_33_33-89-78.jpg	皖AD26399
020859375-89_258-214I504_481I583-481I565_229I583_214I512_481I504-0_0_3_25_30_29_32_32-148-627.jpg	皖AD16588
0209147135417-92_90-292I454_549I536-546I536_292I527_292I454_549I464-0_0_3_25_32_32_32_29-160-264.jpg	皖AD18885
0209635416667-89_257-191I435_421I527-405I512_191I527_208I439_421I435-1_0_5_4_26_33_27_32-179-153.jpg	沪AFE2938
0210069444444-87_269-236I453_478I540-478I529_240I540_236I470_477I453-0_0_3_24_30_25_29_25-102-101.jpg	皖AD06151
0210286458333-89_96-229I449_484I532-484I525_235I532_229I462_476I449-0_0_3_17_25_24_25_25-203-11.jpg	皖ADT1011
0210546875-92_269-233I488_485I572-482I572_233I559_236I488_485I499-0_0_3_26_33_30_33_32-143-226.jpg	皖AD29698
0212217881944-90_268-266I432_520I516-520I516_266I515_268I432_520I434-1_0_5_29_29_26_27_30-214-174.jpg	沪AF55236
02140625-90_93-224I447_498I526-495I526_224I525_225I451_498I447-0_0_3_24_26_30_33_28-104-114.jpg	皖AD02694
0214171006944-90_263-269I419_547I496-547I496_277I494_269I419_545I419-0_0_3_24_33_29_25_31-116-108.jpg	皖AD09517
021484375-90_262-185I395_449I477-449I477_194I467_185I395_437I398-11_0_5_24_32_27_29_26-118-189.jpg	浙AF08352
02158203125-91_249-213I411_468I496-468I496_235I480_213I411_449I420-0_0_5_24_24_25_26_30-160-764.jpg	皖AF00126
0216796875-90_254-239I434_509I515-509I515_258I512_239I438_496I434-19_1_5_28_31_26_26_33-104-146.jpg	粤BF47229
0217230902778-89_266-290I407_550I491-550I482_296I491_290I415_543I407-0_0_3_25_24_25_24_24-134-83.jpg	皖AD10100
021824712643678162-101_250-262I441_458I542-458I542_270I500_262I441_455I483-10_2_3_24_31_30_31_27-146-123.jpg	苏CD07673
021840277777777778-90_267-198I415_470I496-470I496_201I494_198I415_462I420-0_0_3_26_26_33_27_33-99-37.jpg	皖AD22939
0219216579861-95_90-299I396_526I493-521I493_299I465_299I396_526I421-1_0_3_30_26_30_26_32-103-74.jpg	沪AD62628
0219737413194-89_266-258I513_521I597-513I590_258I597_261I520_521I513-1_0_3_30_25_32_26_32-101-203.jpg	沪AD61828
0221148003472-86_259-291I433_520I530-517I500_291I530_299I451_520I433-0_0_3_24_29_28_32_26-85-130.jpg	皖AD05482
0221354166667-87_99-223I466_463I559-456I544_223I559_226I474_463I466-11_0_5_24_26_33_32_26-165-162.jpg	浙AF02982
0221875-92_90-190I465_478I542-476I542_197I529_190I465_478I474-0_0_3_24_32_30_28_24-83-250.jpg	皖AD08640
0222016059028-91_259-226I422_485I508-485I508_237I493_226I422_478I431-1_0_5_24_27_33_30_25-113-48.jpg	沪AF03961
0222591145833-88_260-208I461_471I547-471I543_222I547_208I471_461I461-0_0_3_26_26_24_25_32-176-252.jpg	皖AD22018
0223090277778-91_259-270I403_527I491-527I491_282I481_270I403_524I410-1_0_3_30_26_30_26_32-188-105.jpg	沪AD62628
0223220486111-90_256-218I468_496I549-483I544_218I549_236I469_496I468-0_0_3_24_31_30_27_32-118-34.jpg	皖AD07638
0223372395833-90_245-242I472_524I552-524I552_271I543_242I472_488I477-1_0_5_29_29_26_27_30-133-34.jpg	沪AF55236
02234375-89_270-253I411_517I496-517I489_254I496_253I421_517I411-1_0_5_30_25_25_24_24-120-51.jpg	沪AF61100
022421875-90_265-226I430_478I519-478I519_231I500_226I430_474I432-1_0_5_24_31_30_33_26-144-67.jpg	沪AF07692
0225130208333-90_250-203I438_476I522-476I522_225I506_203I438_452I442-0_0_3_24_24_32_31_30-114-10.jpg	皖AD00876
02255859375-90_267-183I469_453I553-452I553_183I549_186I469_453I473-17_8_5_26_24_33_32_32-165-144.jpg	鄂JF20988
0225618489583-89_261-267I478_506I573-492I552_267I573_278I485_506I478-0_0_3_24_29_33_26_30-56-145.jpg	皖AD05926
0226421440972-91_90-239I406_510I490-510I490_239I484_239I406_509I414-1_0_5_30_32_33_31_25-135-74.jpg	沪AF68971
02267578125-92_253-196I454_439I548-439I548_214I532_196I454_424I466-0_0_3_25_32_32_24_24-110-228.jpg	皖AD18800
0227994791667-98_251-294I492_500I604-500I604_306I561_294I492_485I522-0_0_3_24_25_30_26_25-108-131.jpg	皖AD01621
0228038194444-88_246-262I366_546I447-546I446_292I447_262I378_519I366-1_0_5_33_32_32_26_25-107-92.jpg	沪AF98821
0228678385417-90_267-183I439_464I522-459I514_186I522_183I444_464I439-0_0_3_24_26_29_26_31-85-63.jpg	皖AD02527
022955729166666668-90_269-247I471_505I561-505I552_247I561_248I471_505I474-0_0_3_24_26_32_30_25-115-151.jpg	皖AD02861
0230045572917-78_82-212I434_403I555-403I512_217I555_212I468_399I434-1_0_5_30_27_25_25_24-183-25.jpg	沪AF63110
0230121527778-87_262-228I408_469I504-465I484_228I504_234I423_469I408-0_0_3_24_33_32_31_29-154-49.jpg	皖AD09875
0230447048611-91_253-236I425_495I515-495I515_256I503_236I425_470I433-0_0_3_24_28_28_28_28-87-36.jpg	皖AD04444
0230577256944-89_102-160I415_410I508-396I500_160I508_175I415_410I419-0_0_3_24_33_32_27_27-135-11.jpg	皖AD09833
0231499565972-92_269-222I388_473I481-472I481_222I474_226I388_473I400-0_0_5_25_30_26_24_30-149-110.jpg	皖AF16206
0232421875-89_90-255I485_507I578-507I572_258I578_255I489_506I485-0_0_3_17_25_28_27_33-122-134.jpg	皖ADT1439
0233159722222-90_257-203I425_475I512-475I512_219I504_203I425_466I426-0_0_3_24_33_32_28_27-114-39.jpg	皖AD09843
0233376736111-89_97-240I441_523I524-523I518_250I524_240I445_514I441-0_0_3_25_24_32_26_30-106-174.jpg	皖AD10826
0234006076389-90_93-207I447_470I537-470I537_207I534_209I448_467I447-1_0_5_1_32_32_24_25-101-61.jpg	沪AFB8801
0234016927083-90_268-209I488_482I574-480I567_211I574_209I490_482I488-0_0_3_25_26_27_30_32-130-88.jpg	皖AD12368
0234375-90_268-247I383_517I470-512I468_247I470_249I383_517I387-0_0_3_25_24_24_24_32-103-52.jpg	皖AD10008
0234440104167-90_257-279I426_556I512-556I512_294I502_279I426_549I428-0_0_3_25_24_24_24_26-62-37.jpg	皖AD10002
0235026041667-91_265-237I389_522I472-521I472_241I466_237I389_522I397-1_0_5_5_24_27_29_32-107-22.jpg	沪AFF0358
0235286458333-90_91-274I520_552I606-551I605_274I606_279I520_552I524-1_0_3_30_25_32_26_32-161-123.jpg	沪AD61828
0235611979167-90_92-201I492_483I576-481I576_201I576_207I493_483I492-10_0_5_25_24_26_24_27-114-39.jpg	苏AF10203
0236979166667-90_255-158I433_431I520-431I520_177I513_158I433_415I435-0_0_3_24_28_24_31_30-73-29.jpg	皖AD04076
0238671875-90_265-172I491_454I576-454I576_178I571_172I491_450I492-0_0_3_26_29_33_29_29-104-179.jpg	皖AD25955
0238715277778-94_259-210I458_460I554-460I554_217I526_210I458_456I480-0_0_3_24_29_32_28_24-94-54.jpg	皖AD05840
0239518229167-90_266-226I430_509I515-506I515_231I513_226I434_509I430-1_0_5_29_32_25_26_33-119-161.jpg	沪AF58129
0240625-89_269-231I357_495I449-495I437_233I449_231I367_490I357-29_0_5_25_31_29_29_29-101-79.jpg	宁AF17555
02407986111111111-90_265-230I497_522I581-515I581_236I578_230I497_522I500-0_0_3_24_27_25_30_32-77-73.jpg	皖AD03168
0241276041667-100_256-258I418_462I537-462I537_262I483_258I418_457I459-1_0_5_26_27_24_26_26-111-62.jpg	沪AF23022
0242578125-91_262-158I398_434I486-434I486_166I474_158I398_428I406-0_0_3_17_25_24_30_24-90-80.jpg	皖ADT1060
0243055555556-85_270-281I426_505I536-505I504_287I536_281I450_504I426-0_0_5_24_30_31_30_32-161-93.jpg	皖AF06768
0243196614583-87_271-235I421_476I523-476I502_237I523_235I435_476I421-0_0_3_24_30_30_32_30-170-952.jpg	皖AD06686
0243359375-92_266-236I396_503I488-499I488_236I486_244I396_503I407-0_0_3_24_26_32_29_33-109-97.jpg	皖AD02859
0243923611111-90_97-185I439_466I527-466I525_195I527_185I449_457I439-0_0_3_26_33_24_32_32-95-40.jpg	皖AD29088
0244683159722-91_268-252I435_527I525-527I525_253I523_252I435_527I445-1_0_3_24_24_24_31_32-109-109.jpg	沪AD00078
024479166666666666-90_263-237I449_519I537-513I528_245I537_237I454_519I449-0_0_3_26_27_30_27_30-121-159.jpg	皖AD23636
0245182291667-88_93-221I481_490I573-489I561_221I573_223I485_490I481-0_0_3_25_29_31_31_31-132-139.jpg	皖AD15777
024616858237547893-93_246-227I558_484I645-484I645_248I620_227I558_468I573-10_2_3_24_24_26_24_30-102-3.jpg	苏CD00206
024631226053639845-90_250-227I509_505I590-505I590_250I580_227I509_492I512-10_2_3_24_27_24_32_24-115-3.jpg	苏CD03080
0246473524306-90_266-192I459_487I543-486I543_197I540_192I459_487I460-0_0_3_24_26_28_27_33-143-335.jpg	皖AD02439
024697265625-90_261-216I436_497I525-496I520_216I525_228I436_497I437-0_0_3_25_31_32_31_32-109-67.jpg	皖AD17878
0247667100694-89_94-211I447_486I538-483I531_211I538_214I457_486I447-0_0_3_24_33_26_30_30-136-46.jpg	皖AD09266
0247916666667-90_91-245I460_517I552-516I552_245I552_245I460_517I467-0_0_5_24_32_29_32_24-188-122.jpg	皖AF08580
0248220486111-92_269-230I393_496I488-491I488_230I474_233I393_496I407-0_0_3_24_27_25_29_30-180-56.jpg	皖AD03156
0250868055556-89_269-224I398_513I485-509I477_226I485_224I409_513I398-0_0_3_24_33_33_33_25-99-63.jpg	皖AD09991
0250868055556-91_90-211I422_500I509-497I509_211I500_211I422_500I428-0_0_3_24_33_30_33_33-65-56.jpg	皖AD09699
0252018229167-90_90-207I426_501I513-501I506_207I513_207I426_499I431-0_0_3_24_33_32_31_31-104-93.jpg	皖AD09877
0252213541667-91_90-195I426_493I512-493I512_197I504_195I426_493I430-0_0_3_24_25_27_32_32-97-116.jpg	皖AD01388
0252604166667-88_262-187I387_478I474-478I469_198I474_187I399_470I387-0_0_3_24_30_29_29_27-89-38.jpg	皖AD06553
0252951388889-86_251-212I449_460I552-439I522_212I552_232I469_460I449-0_0_3_24_28_33_26_31-86-168.jpg	皖AD04927
0253472222222-90_91-232I478_524I565-524I564_232I565_233I478_523I480-0_0_3_24_33_26_33_24-121-37.jpg	皖AD09290
0253634982639-92_253-164I388_439I481-439I481_181I460_164I388_427I402-11_0_5_25_25_25_33_24-140-295.jpg	浙AF11190
0254817708333-89_265-210I465_519I548-515I548_217I548_210I471_519I465-1_0_5_29_31_29_26_26-70-61.jpg	沪AF57522
02548828125-90_265-176I430_466I518-466I518_182I511_176I430_462I434-0_0_3_24_32_27_26_29-101-11.jpg	皖AD08325
025547960069444445-91_250-217I479_494I572-494I572_241I557_217I479_480I485-1_0_3_30_25_32_26_32-141-112.jpg	沪AD61828
0255598958333-90_265-222I418_524I503-511I501_222I503_228I418_524I422-1_0_5_29_29_24_33_25-112-92.jpg	沪AF55091
0255772569444-91_268-185I430_469I520-469I520_186I513_185I430_468I436-0_0_3_24_25_31_32_33-98-117.jpg	皖AD01789
0255772569444-92_249-215I478_499I569-499I569_237I549_215I478_490I489-0_0_3_24_33_29_26_30-100-25.jpg	皖AD09526
0256673177083-96_107-238I454_487I558-487I558_252I527_238I454_473I471-0_0_3_24_24_29_25_32-96-63.jpg	皖AD00518
0256857638889-90_267-182I474_451I571-447I567_182I571_186I474_451I479-10_0_3_29_26_33_30_30-173-161.jpg	苏AD52966
0257335069444-90_266-212I481_520I565-514I565_217I561_212I481_520I485-0_0_3_24_32_32_27_31-81-380.jpg	皖AD08837
0257335069444-97_84-229I502_471I609-470I609_233I574_229I502_471I532-0_0_3_26_33_25_26_27-95-99.jpg	皖AD29123
02578125-90_264-164I388_461I476-449I474_164I476_172I388_461I389-1_0_5_30_31_27_24_25-165-83.jpg	沪AF67301
0257877604167-99_103-212I437_445I549-445I549_220I508_212I437_441I472-1_0_3_32_31_29_26_32-123-233.jpg	沪AD87528
025865885416666668-92_254-242I465_516I560-516I560_258I540_242I465_502I477-0_0_3_27_26_29_30_31-111-66.jpg	皖AD32567
0259809027778-90_92-183I484_475I574-475I574_183I573_185I484_473I489-1_0_3_30_25_32_26_32-207-39.jpg	沪AD61828
0260275607639-91_270-239I509_528I600-525I600_239I592_240I509_528I517-1_0_5_29_31_29_26_26-118-34.jpg	沪AF57522
02603515625-91_266-195I448_474I542-470I542_195I536_201I448_474I458-1_0_5_30_32_33_31_25-140-84.jpg	沪AF68971
0260677083333-90_93-231I443_539I528-536I528_233I526_231I443_539I447-10_0_3_27_24_24_26_26-96-92.jpg	苏AD30022
02625-80_257-201I438_417I561-413I511_201I561_204I480_417I438-1_0_3_24_31_26_26_29-89-82.jpg	沪AD07225
02625-90_269-191I389_479I481-479I478_192I481_191I392_478I389-1_0_5_24_26_30_26_33-139-331.jpg	沪AF02629
0262673611111-92_270-265I464_537I561-531I561_265I553_267I464_537I478-1_0_5_24_26_30_26_33-151-154.jpg	沪AF02629
0262977430556-89_90-186I486_518I566-518I560_199I566_186I494_518I486-0_0_5_24_29_33_29_32-60-137.jpg	皖AF05958
0263639322917-89_266-243I437_516I535-510I519_243I535_247I443_516I437-19_1_5_28_27_25_26_33-222-36.jpg	粤BF43129
0263671875-90_92-260I514_560I602-558I602_260I597_264I514_560I516-0_0_3_25_26_27_32_32-145-174.jpg	皖AD12388
0264084201389-91_92-226I446_509I540-506I540_226I530_230I446_509I451-0_0_3_26_25_31_33_32-149-95.jpg	皖AD21798
0265451388889-94_90-205I459_483I555-478I555_208I535_205I459_483I476-11_0_5_24_27_26_31_31-121-223.jpg	浙AF03277
0267339409722-95_256-220I423_474I529-474I529_230I494_220I423_467I449-0_0_3_25_25_24_24_24-115-61.jpg	皖AD11000
0267361111111-90_267-209I365_517I453-515I453_213I453_209I367_517I365-0_0_3_24_33_29_33_27-104-207.jpg	皖AD09593
0267751736111-108_251-227I378_426I514-426I514_228I444_227I378_426I449-10_0_3_24_26_30_25_29-149-9.jpg	苏AD02615
0267816840278-91_244-251I454_552I543-552I543_281I526_251I454_523I459-1_0_5_29_29_26_27_30-110-27.jpg	沪AF55236
0268706597222-90_269-210I422_512I512-512I512_210I509_211I425_512I422-0_0_3_25_30_27_27_27-161-109.jpg	皖AD16333
026883680555555556-90_263-229I431_555I514-554I511_238I514_229I431_555I431-0_0_3_24_30_31_29_29-139-636.jpg	皖AD06755
0269314236111-90_252-196I408_488I501-488I501_219I488_196I408_468I408-0_0_3_26_26_33_31_31-118-64.jpg	皖AD22977
0269314236111-93_94-264I416_556I509-556I509_273I489_264I416_555I431-10_0_3_27_24_24_26_26-132-205.jpg	苏AD30022
026953125-89_268-253I447_529I546-528I531_253I546_254I455_529I447-1_0_3_30_25_32_24_29-190-431.jpg	沪AD61805
0270236545139-91_269-215I412_508I505-500I505_215I501_217I412_508I419-0_0_3_25_25_25_26_26-159-573.jpg	皖AD11122
0271158854167-90_90-230I437_524I530-524I530_230I530_230I437_522I442-1_0_5_24_25_25_33_26-189-224.jpg	沪AF01192
0271549479167-90_269-196I406_487I500-487I493_196I500_197I409_482I406-0_0_3_24_33_33_33_25-152-85.jpg	皖AD09991
0271549479167-91_268-208I472_499I566-493I566_208I559_212I472_499I480-1_0_5_4_26_33_27_32-142-236.jpg	沪AFE2938
0272135416667-88_94-229I502_493I606-493I592_236I606_229I502_485I504-0_0_3_24_33_25_26_33-117-161.jpg	皖AD09129
0272819010417-93_109-232I428_521I524-521I524_249I504_232I428_500I441-0_0_5_24_28_28_32_32-123-35.jpg	皖AF04488
02744140625-88_266-198I419_479I517-474I505_198I517_200I433_479I419-0_0_3_25_30_24_24_24-148-267.jpg	皖AD16000
0274934895833-92_92-205I444_514I534-510I534_205I519_205I444_514I455-10_0_3_27_24_24_26_26-108-185.jpg	苏AD30022
0275-90_268-218I431_506I527-503I517_218I527_221I432_506I431-0_0_5_24_30_31_32_33-154-77.jpg	皖AF06789
0275260416667-89_94-220I446_522I538-519I531_220I538_221I446_522I447-1_0_5_5_26_31_33_32-128-361.jpg	沪AFF2798
02755028735632184-91_251-208I520_503I606-503I606_228I589_208I520_487I530-10_2_3_24_31_25_27_33-154-37.jpg	苏CD07139
02759765625-89_256-254I391_568I480-568I479_273I480_254I398_555I391-0_0_3_24_33_25_30_25-106-89.jpg	皖AD09161
0276041666667-92_252-241I407_506I512-506I512_259I479_241I407_496I419-0_0_3_26_33_25_26_33-84-74.jpg	皖AD29129
027685546875-90_261-218I466_533I554-533I554_229I549_218I466_531I467-0_0_3_24_30_29_24_24-78-69.jpg	皖AD06500
0276909722222-89_261-183I427_502I515-502I515_195I514_183I434_488I427-0_0_3_25_30_29_29_32-105-110.jpg	皖AD16558
02771484375-91_259-175I404_472I499-472I499_188I488_175I404_466I412-0_0_3_24_33_33_26_27-115-170.jpg	皖AD09923
0277615017361-88_98-223I404_524I497-517I485_224I497_223I408_524I404-10_0_5_25_24_26_24_27-128-50.jpg	苏AF10203
0277734375-90_268-199I425_515I514-512I514_201I508_199I425_515I428-0_0_5_25_30_30_30_30-102-35.jpg	皖AF16666
0278125-91_257-210I393_498I491-498I491_227I481_210I393_489I400-1_0_5_29_33_26_26_27-220-161.jpg	沪AF59223
0278287760417-91_259-197I431_506I522-506I522_209I508_197I431_504I437-0_0_3_24_24_27_30_24-75-145.jpg	皖AD00360
02783420138888889-101_240-213I461_425I594-425I594_235I532_213I461_407I506-1_0_5_24_30_25_24_24-171-102.jpg	沪AF06100
028125-90_264-173I488_493I576-487I571_181I576_173I492_493I488-1_0_5_30_32_33_31_25-74-37.jpg	沪AF68971
0281814236111-90_94-192I461_494I555-489I550_192I555_200I461_494I467-0_0_3_24_33_29_32_27-154-42.jpg	皖AD09583
0281890190972-90_257-182I488_495I578-495I578_198I567_182I488_484I489-0_0_3_24_24_33_28_25-79-30.jpg	皖AD00941
0282638888889-90_95-210I465_506I561-506I559_214I561_210I472_499I465-1_0_5_1_32_32_24_27-112-61.jpg	沪AFB8803
0283203125-89_266-268I432_568I527-568I525_274I527_268I438_564I432-0_0_3_24_33_26_33_26-104-13.jpg	皖AD09292
0284505208333-90_268-228I425_513I526-513I518_228I526_231I425_510I427-1_0_3_30_27_31_29_31-151-186.jpg	沪AD63757
02845703125-88_271-144I502_426I604-425I584_145I604_144I515_426I502-0_0_3_24_33_26_33_27-124-18.jpg	皖AD09293
0285362413194-89_267-176I434_465I534-465I522_176I534_178I441_461I434-1_0_5_29_24_31_25_31-181-154.jpg	沪AF50717
0286501736111-89_92-290I486_577I587-576I577_290I587_292I491_577I486-0_0_3_17_25_28_30_33-134-122.jpg	皖ADT1469
0286501736111-91_247-223I385_510I485-510I485_250I461_223I385_485I393-0_0_3_25_32_32_30_32-76-136.jpg	皖AD18868
028759765625-88_98-219I454_504I555-497I541_219I555_228I454_504I455-1_0_5_1_32_32_24_27-106-95.jpg	沪AFB8803
028903256704980843-90_257-187I559_527I636-527I636_202I633_187I562_524I559-10_2_3_24_25_33_29_31-202-269.jpg	苏CD01957
029018199233716475-90_267-206I493_538I573-538I571_209I573_206I494_537I493-0_0_3_25_32_26_25_31-44-3.jpg	皖AD18217
0290299479167-91_258-214I404_508I504-508I504_227I481_214I404_502I413-0_0_3_25_24_24_24_32-86-86.jpg	皖AD10008
0290950520833-104_78-219I485_437I620-435I620_219I560_219I485_437I537-0_0_3_24_25_24_30_29-93-77.jpg	皖AD01065
0291232638889-90_267-246I418_551I514-551I511_249I514_246I422_551I418-0_0_3_26_30_27_33_33-97-107.jpg	皖AD26399
02913793103448276-90_263-172I525_484I610-483I610_180I597_172I525_484I527-0_0_3_28_33_33_28_33-124-148.jpg	皖AD49949
02927801724137931-85_272-124I438_371I547-371I515_128I547_124I462_359I438-0_0_3_25_26_24_25_30-190-58.jpg	皖AD12016
029316331417624523-92_260-242I427_537I518-537I518_251I502_242I427_534I441-0_0_3_27_33_25_32_32-131-133.jpg	皖AD39188
029327107279693485-90_250-169I486_500I567-500I567_195I567_169I486_493I486-10_2_3_24_26_24_26_24-77-5.jpg	苏CD02020
0293315972222-98_258-234I374_482I493-482I493_239I453_234I374_477I415-0_0_3_24_30_30_33_25-82-41.jpg	皖AD06691
0293576388889-90_93-216I460_520I558-516I558_216I558_223I460_520I466-1_0_5_1_32_32_24_25-145-57.jpg	沪AFB8801
0293587239583-90_268-129I468_440I563-440I563_129I562_132I468_439I472-0_0_3_17_25_25_31_29-130-161.jpg	皖ADT1175
029578993055555555-91_262-282I455_572I558-572I558_292I544_282I455_570I464-0_0_3_25_25_25_31_26-91-57.jpg	皖AD11172
029633620689655173-90_242-240I520_570I602-570I602_276I599_240I525_538I520-10_2_3_24_29_27_24_30-109-135.jpg	苏CD05306
0296484375-89_268-180I454_477I554-476I541_184I554_180I465_477I454-0_0_3_24_31_25_31_25-142-262.jpg	皖AD07171
0296744791667-90_266-197I443_515I537-512I537_197I537_202I443_515I445-0_0_3_17_24_33_25_25-141-123.jpg	皖ADT0911
0297135416667-90_93-184I477_510I569-507I566_187I569_184I477_510I479-0_0_3_24_26_29_27_30-140-45.jpg	皖AD02536
0297287326389-95_258-222I432_488I544-488I544_230I511_222I432_483I459-0_0_3_24_26_28_28_28-125-44.jpg	皖AD02444
02998046875-90_267-188I389_495I488-491I484_188I488_192I389_495I391-1_0_5_3_29_29_25_25-189-194.jpg	沪AFD5511
0299848090278-89_99-138I411_475I501-465I493_141I501_138I415_475I411-1_0_5_29_31_32_29_30-110-37.jpg	沪AF57856
030124521072796936-90_248-176I483_516I564-516I564_204I564_176I486_495I483-0_0_3_25_27_31_26_31-93-83.jpg	皖AD13727
03017241379310345-89_253-189I474_525I557-525I542_211I557_189I481_521I474-10_2_3_24_32_29_24_29-75-33.jpg	苏CD08505
0302734375-89_265-211I418_521I516-520I506_219I516_211I428_521I418-0_0_3_24_31_25_30_32-163-126.jpg	皖AD07168
0303059895833-97_104-151I493_417I608-417I608_165I571_151I493_407I516-0_0_3_24_33_32_33_25-65-90.jpg	皖AD09891
0303276909722-90_269-163I409_488I503-479I502_163I503_164I409_488I412-0_0_3_24_33_32_33_29-92-252.jpg	皖AD09895
0304090711806-92_251-184I406_479I509-479I509_207I489_184I406_458I418-0_0_3_24_33_33_33_25-57-34.jpg	皖AD09991
030490900383141763-87_272-293I522_531I639-530I605_294I639_293I536_531I522-0_0_5_24_24_33_30_32-115-36.jpg	皖AF00968
0305110677083-90_264-198I399_507I499-507I499_205I486_198I399_501I404-11_0_5_29_25_33_32_24-107-145.jpg	浙AF51980
030603448275862068-90_258-159I522_519I599-516I590_172I599_159I527_519I522-0_0_3_24_30_30_33_25-72-123.jpg	皖AD06691
0306510416667-91_93-197I415_518I512-513I512_202I501_197I415_518I425-0_0_3_26_27_27_29_27-130-174.jpg	皖AD23353
030712890625-90_268-179I412_512I505-507I502_181I505_179I412_512I413-0_0_3_24_30_27_27_27-101-330.jpg	皖AD06333
030732758620689655-90_260-149I483_521I559-519I559_160I558_149I483_521I486-10_2_3_24_29_33_27_29-170-282.jpg	苏CD05935
0307758246528-83_272-217I460_468I584-467I542_223I584_217I496_468I460-0_0_3_24_24_24_27_26-101-7.jpg	皖AD00032
030842911877394637-91_256-152I525_474I612-474I612_167I597_152I525_461I536-10_2_3_24_32_25_26_29-78-106.jpg	苏CD08125
0308463541667-90_260-203I461_512I562-512I562_217I549_203I461_504I467-0_0_3_25_25_25_24_29-111-158.jpg	皖AD11105
0309375-90_90-210I411_534I507-531I507_210I507_210I411_534I413-0_0_3_25_33_33_33_33-102-208.jpg	皖AD19999
0311458333333-97_102-211I458_510I563-510I563_226I525_211I458_504I473-1_0_5_3_33_24_25_24-169-570.jpg	沪AFD9010
0312890625-92_270-199I383_523I480-510I480_199I473_201I383_523I396-0_0_3_24_25_27_32_32-111-213.jpg	皖AD01388
0313368055556-92_264-239I374_543I478-541I478_244I457_239I374_543I388-0_0_3_24_33_29_24_30-93-63.jpg	皖AD09506
0313910590278-97_255-189I408_452I528-452I528_198I484_189I408_448I444-0_0_3_24_33_26_24_32-89-71.jpg	皖AD09208
031530172413793106-89_238-161I515_503I599-503I594_203I599_161I526_471I515-0_0_3_30_25_30_32_33-123-115.jpg	皖AD61689
0315451388889-91_256-247I438_563I539-563I539_265I524_247I438_554I445-0_0_3_25_26_27_33_32-84-109.jpg	皖AD12398
03173828125-92_91-188I493_513I592-510I592_196I578_188I493_513I505-0_0_3_26_26_25_26_27-103-272.jpg	皖AD22123
03190852490421456-90_264-163I481_488I571-484I571_170I567_163I481_488I486-0_0_3_28_27_27_33_27-101-29.jpg	皖AD43393
03207614942528736-90_263-214I530_499I633-499I633_223I612_214I530_491I534-0_0_3_25_24_32_26_30-88-9.jpg	皖AD10826
0320909288194-91_266-174I418_499I517-496I517_178I502_174I418_499I430-1_0_3_24_33_31_29_31-108-134.jpg	沪AD09757
03215636973180076-95_252-282I509_533I627-533I627_296I580_282I509_528I537-10_2_3_24_26_24_26_24-112-3.jpg	苏CD02020
0321907552083-90_265-198I473_539I569-527I562_204I569_198I478_539I473-0_0_3_24_27_25_30_32-89-29.jpg	皖AD03168
0322916666667-91_270-219I391_539I493-535I493_219I490_220I391_539I400-0_0_3_24_30_24_32_26-129-212.jpg	皖AD06082
03229765325670498-90_247-191I517_516I608-516I608_222I601_191I518_491I517-0_0_3_1_31_24_24_31-162-165.jpg	皖ADB7007
03229765325670498-90_261-208I516_533I607-533I607_220I601_208I516_531I522-10_2_3_24_33_30_24_32-107-4.jpg	苏CD09608
032313218390804595-90_260-206I562_552I647-550I647_218I643_206I562_552I564-10_2_3_24_26_24_27_31-125-23.jpg	苏CD02037
0323480902778-100_115-192I489_449I616-449I616_212I566_192I489_427I520-0_0_3_24_31_33_33_29-131-119.jpg	皖AD07995
03235991379310345-90_245-191I523_542I607-542I607_222I597_191I523_521I523-23_7_5_25_25_25_25_25-123-217.jpg	贵HF11111
0323795572917-110_235-232I377_435I538-435I538_249I447_232I377_414I450-0_0_3_24_24_32_33_24-81-20.jpg	皖AD00890
0324858940972-91_94-216I442_545I541-538I541_218I529_216I442_545I451-0_0_3_24_26_25_31_31-77-87.jpg	皖AD02177
0325434027778-92_93-200I482_526I583-526I583_210I570_200I482_525I494-0_0_3_26_32_31_31_30-125-287.jpg	皖AD28776
0327419704861-91_106-198I427_553I520-553I520_225I512_198I431_531I427-1_0_5_30_32_33_31_25-105-413.jpg	沪AF68971
032758620689655175-89_246-169I520_511I608-511I608_201I602_169I527_482I520-0_0_5_24_24_31_24_32-80-86.jpg	皖AF00708
0328125-95_255-179I427_459I546-459I546_192I512_179I427_449I457-0_0_3_24_26_29_32_24-60-27.jpg	皖AD02580
0328220785440613-90_255-179I476_526I562-526I562_198I557_179I476_520I478-10_0_3_24_32_32_32_24-149-195.jpg	苏AD08880
0329427083333-90_266-183I458_528I554-528I549_189I554_183I460_528I458-0_0_3_25_25_32_25_32-166-284.jpg	皖AD11818
03295019157088123-90_262-203I474_523I569-504I557_203I569_214I480_523I474-0_0_3_25_32_27_24_25-69-117.jpg	皖AD18301
0329644097222-89_96-215I445_525I552-518I541_215I552_218I447_525I445-1_0_5_0_30_27_32_25-146-20.jpg	沪AFA6381
0332063802083-88_264-243I356_546I467-546I451_243I467_248I370_543I356-0_0_3_17_24_33_27_33-123-69.jpg	皖ADT0939
03321360153256705-90_254-135I526_515I606-515I606_154I601_135I526_513I527-0_0_5_25_26_33_33_33-115-201.jpg	皖AF12999
0332899305556-89_264-210I436_505I550-498I528_210I550_217I445_505I436-0_0_3_26_27_30_26_32-147-181.jpg	皖AD23628
03333333333333333-90_264-188I517_536I605-528I605_196I602_188I517_536I518-0_0_3_2_27_25_26_26-155-239.jpg	皖ADC3122
0333528645833-89_90-209I504_536I607-536I600_214I607_209I508_536I504-0_0_3_24_24_32_25_32-121-10.jpg	皖AD00818
033490181992337165-90_267-170I553_507I644-501I642_174I644_170I558_507I553-0_0_3_30_30_33_26_33-104-46.jpg	皖AD66929
033528645833333336-93_246-174I432_474I544-474I544_201I513_174I432_451I449-0_0_3_25_25_24_24_24-63-120.jpg	皖AD11000
03356800766283525-90_265-98I516_424I610-424I607_104I610_98I518_419I516-1_0_3_29_32_27_27_27-151-292.jpg	沪AD58333
0336757662835249-91_265-185I522_528I611-528I611_190I605_185I522_527I531-0_0_5_24_29_33_24_24-134-4.jpg	皖AF05900
0337565104167-95_245-193I411_498I523-498I523_218I486_193I411_471I439-0_0_3_25_29_29_30_30-59-44.jpg	皖AD15566
03388671875-91_269-180I409_527I507-523I507_180I500_182I409_527I421-0_0_3_24_33_32_27_27-124-157.jpg	皖AD09833
03394396551724138-91_257-188I518_538I607-538I607_204I601_188I518_527I525-0_0_3_24_26_25_33_32-79-88.jpg	皖AD02198
033951149425287354-82_253-253I522_457I674-432I611_253I674_269I553_457I522-0_0_3_24_29_26_31_31-155-7.jpg	皖AD05277
034027777777777775-89_269-203I431_523I538-523I538_206I534_203I439_522I431-0_0_3_24_31_27_31_28-107-173.jpg	皖AD07374
03405172413793103-89_255-199I481_559I567-559I567_219I567_199I490_550I481-10_2_3_24_26_31_31_24-160-168.jpg	苏CD02770
03408285440613027-84_228-241I517_572I611-572I594_304I611_241I549_505I517-0_0_5_25_30_26_24_30-72-76.jpg	皖AF16206
034166666666666665-89_259-178I518_526I608-526I606_194I608_178I525_519I518-0_0_3_32_26_29_25_32-177-148.jpg	皖AD82518
0341666666667-89_91-187I435_515I540-515I531_193I540_187I443_513I435-1_0_5_4_26_33_27_32-173-146.jpg	沪AFE2938
03420019157088123-89_268-185I532_571I613-559I605_188I613_185I541_571I532-0_0_3_28_25_33_32_32-64-85.jpg	皖AD41988
03427734375-101_122-281I449_551I577-551I577_307I523_281I449_520I486-0_0_5_24_31_24_31_24-85-223.jpg	皖AF07070
0342795138889-89_265-202I397_561I493-561I493_209I493_202I410_554I397-1_0_5_1_32_25_32_32-112-48.jpg	沪AFB8188
0343055555556-92_100-174I469_478I583-478I583_183I567_174I471_464I469-19_1_5_24_28_28_32_32-165-171.jpg	粤BF04488
03436302681992337-90_266-220I473_570I563-560I558_224I563_220I480_570I473-0_0_3_25_32_32_25_30-111-175.jpg	皖AD18816
034375-90_266-267I567_557I676-556I665_273I676_267I567_557I569-0_0_3_1_32_32_33_31-219-65.jpg	皖ADB8897
0343845785440613-90_249-118I479_464I570-464I570_147I564_118I481_447I479-0_0_3_25_29_29_29_27-216-82.jpg	皖AD15553
03439655172413793-100_245-215I515_467I640-467I640_231I582_215I515_455I564-10_2_3_24_29_26_29_30-102-5.jpg	苏CD05256
03439655172413793-90_260-180I564_558I647-550I647_192I645_180I564_558I565-0_0_5_24_26_33_32_24-95-42.jpg	皖AF02980
034583333333333334-90_264-210I516_558I607-558I605_218I607_210I516_558I520-0_0_3_1_32_32_24_25-113-8.jpg	皖ADB8801
03460249042145594-90_250-258I518_598I611-598I611_286I607_258I523_575I518-0_0_3_25_25_31_26_26-45-17.jpg	皖AD11722
0346354166667-88_102-216I461_501I584-486I570_216I584_233I461_501I472-1_0_3_24_33_31_29_31-93-71.jpg	沪AD09757
0346538628472-96_250-228I494_521I613-521I613_244I569_228I494_512I528-0_0_5_25_30_25_30_32-107-45.jpg	皖AF16168
0346788194444-90_246-222I426_562I529-562I529_256I518_222I432_534I426-1_0_5_4_32_32_24_26-95-120.jpg	沪AFE8802
03468271072796935-90_264-219I516_568I607-568I600_227I607_219I522_568I516-0_0_3_24_29_27_25_24-66-45.jpg	皖AD05310
034698275862068965-90_268-186I513_508I611-506I607_188I611_186I517_508I513-0_0_3_2_27_26_26_26-125-181.jpg	皖ADC3222
034798850574712645-91_258-179I518_525I610-525I610_193I599_179I518_524I527-0_0_3_29_29_33_33_33-86-176.jpg	皖AD55999
03480603448275862-89_256-189I474_531I567-531I567_209I567_189I481_522I474-10_2_3_24_33_30_30_27-160-285.jpg	苏CD09663
0348502604167-86_252-263I378_566I494-544I459_263I494_282I404_566I378-0_1_3_24_27_27_29_26-100-48.jpg	皖BD03352
03486328125-90_259-158I390_515I489-515I489_175I489_158I390_510I390-15_1_5_24_29_32_31_30-123-65.jpg	鲁BF05876
0349609375-90_265-170I451_528I550-525I550_176I543_170I451_528I455-1_0_5_30_27_30_32_31-94-225.jpg	沪AF63687
0350065104167-97_85-217I471_500I596-497I596_217I558_220I471_500I502-1_0_5_29_24_31_27_27-119-63.jpg	沪AF50733
0350095785440613-90_268-214I501_554I595-547I595_216I590_214I501_554I505-0_0_3_30_30_33_26_33-76-5.jpg	皖AD66929
03503352490421456-90_265-191I486_571I571-563I567_197I571_191I490_571I486-10_2_3_24_33_31_30_27-60-52.jpg	苏CD09763
03505028735632184-90_264-208I522_565I611-565I611_215I607_208I522_564I527-10_0_3_24_32_32_32_24-149-366.jpg	苏AD08880
0351790364583-96_232-201I431_522I541-522I541_239I499_201I431_474I466-1_0_5_24_27_31_27_33-86-40.jpg	沪AF03739
0352886284722-89_269-190I406_512I516-512I509_193I516_190I415_508I406-1_0_5_27_27_31_31_32-98-101.jpg	沪AF33778
0352907986111-89_263-168I420_514I523-514I513_179I523_168I432_513I420-0_0_3_26_26_33_27_33-76-119.jpg	皖AD22939
0353448275862069-91_90-178I517_506I616-502I616_178I610_178I517_506I526-0_0_3_29_32_26_26_26-212-212.jpg	皖AD58222
0353493923611-89_93-203I472_561I572-559I564_213I572_203I483_561I472-0_0_3_25_29_24_24_25-88-130.jpg	皖AD15001
0353927951389-90_98-163I496_510I599-499I599_168I595_163I496_510I504-0_0_3_24_25_32_32_24-153-214.jpg	皖AD01880
035416666666666666-90_264-129I517_477I610-477I606_136I610_129I523_474I517-0_0_3_28_32_25_27_27-77-70.jpg	皖AD48133
035440613026819924-90_255-202I520_572I608-572I608_221I602_202I520_571I526-23_7_5_25_25_25_25_25-127-44.jpg	贵HF11111
0354416232639-90_261-171I484_538I582-538I582_183I570_171I484_531I488-0_0_3_26_27_27_26_26-77-19.jpg	皖AD23322
035625-90_263-163I554_505I650-482I650_163I648_173I554_505I558-0_0_3_27_26_31_27_31-116-213.jpg	皖AD32737
0356803385417-86_93-146I447_485I553-485I524_164I553_146I477_477I447-0_0_3_24_25_24_26_28-58-202.jpg	皖AD01024
035704022988505744-91_238-182I518_537I610-537I610_223I594_182I518_503I526-0_0_5_24_24_31_24_32-92-80.jpg	皖AF00708
035729166666666666-89_257-189I515_532I610-532I610_207I606_189I523_527I515-0_0_3_33_32_31_25_32-104-194.jpg	皖AD98718
03582375478927203-92_259-185I515_525I611-522I611_197I600_185I515_525I528-0_0_3_26_30_30_26_33-85-136.jpg	皖AD26629
035833333333333335-90_267-177I511_521I606-512I600_181I606_177I511_521I517-0_0_3_28_24_24_27_29-81-22.jpg	皖AD40035
03592911877394636-92_258-190I512_531I608-531I608_202I590_190I512_530I528-0_0_3_33_31_31_33_32-111-203.jpg	皖AD97798
0359418402778-88_248-177I428_541I528-541I528_208I522_177I443_505I428-10_0_5_25_24_26_24_27-84-53.jpg	苏AF10203
03598060344827586-90_267-184I430_555I518-546I518_188I518_184I430_555I433-10_2_3_24_33_31_30_27-87-189.jpg	苏CD09763
036027298850574714-89_255-206I517_560I610-560I607_226I610_206I530_551I517-0_0_3_32_24_32_33_26-92-95.jpg	皖AD80892
036027298850574714-90_263-200I513_554I606-554I605_210I606_200I513_549I513-12_0_3_7_27_33_24_30-81-162.jpg	京ADH3906
03607758620689655-90_260-170I565_542I654-542I653_184I654_170I565_540I571-0_0_3_32_25_29_30_32-74-163.jpg	皖AD81568
03609375-90_257-124I484_520I576-512I576_142I572_124I484_520I491-0_0_3_24_28_29_25_32-63-574.jpg	皖AD04518
0362065972222-90_266-177I431_521I537-521I537_177I534_183I431_515I435-0_0_3_24_31_24_24_27-156-232.jpg	皖AD07003
03623084291187739-91_255-179I517_535I610-535I610_196I595_179I517_533I526-10_2_3_24_26_25_24_33-96-45.jpg	苏CD02109
0362369791667-91_262-151I464_514I564-512I564_161I553_151I464_514I471-0_0_3_24_30_25_33_30-88-171.jpg	皖AD06196
03624521072796935-90_262-169I517_513I613-513I613_180I611_169I517_511I518-0_0_3_27_26_24_30_30-88-143.jpg	皖AD32066
03625-91_253-211I557_559I652-559I652_232I638_211I557_548I563-0_0_3_25_27_26_25_24-94-78.jpg	皖AD13210
03625718390804598-84_225-147I494_456I601-408I553_147I601_203I525_456I494-0_0_5_24_25_27_24_24-97-31.jpg	皖AF01300
03643438697318008-90_242-172I560_530I653-530I653_210I640_172I560_501I562-0_0_3_27_32_32_26_31-210-339.jpg	皖AD38827
03646551724137931-93_259-121I433_445I536-444I536_130I507_121I433_445I457-0_0_3_29_30_33_33_30-102-60.jpg	皖AD56996
03657088122605364-90_256-182I512_514I612-514I612_201I600_182I512_507I517-0_0_3_31_31_32_32_32-83-137.jpg	皖AD77888
0365798611111-90_269-232I403_576I511-576I507_232I511_233I403_576I403-19_1_3_24_27_32_27_29-102-87.jpg	粤BD03835
036637931034482756-90_268-195I512_535I610-525I602_198I610_195I516_535I512-19_1_5_26_28_33_30_24-191-125.jpg	粤BF24960
0366753472222-92_270-204I397_542I506-534I506_204I495_207I397_542I412-16_0_3_24_30_32_24_33-104-83.jpg	豫AD06809
036772030651341-90_268-143I516_492I612-484I608_146I612_143I517_492I516-0_0_3_25_27_31_32_33-140-287.jpg	皖AD13789
0368001302083-83_262-243I391_528I522-527I471_243I522_244I433_528I391-0_0_3_24_25_30_30_32-73-10.jpg	皖AD01668
036950431034482756-88_241-179I511_560I599-560I595_218I599_179I527_532I511-0_0_3_0_33_32_26_32-192-328.jpg	皖ADA9828
037047413793103445-91_267-166I518_548I607-539I607_168I599_166I518_548I527-0_0_3_25_26_31_31_31-99-195.jpg	皖AD12777
037083333333333336-90_256-186I515_542I610-542I610_205I605_186I515_538I518-0_0_5_24_24_31_24_32-97-67.jpg	皖AF00708
0371267361111-88_269-139I411_468I525-467I511_143I525_139I426_468I411-0_0_3_17_25_24_26_30-145-60.jpg	皖ADT1026
03714080459770115-86_250-219I507_549I610-517I580_219I610_239I534_549I507-0_0_5_24_26_33_25_25-169-114.jpg	皖AF02911
0371516927083-89_254-178I423_517I534-517I534_204I525_178I431_496I423-1_0_3_24_33_31_29_31-117-667.jpg	沪AD09757
037176724137931036-90_236-170I525_584I607-584I607_213I597_170I525_566I528-10_2_3_24_32_27_27_26-124-209.jpg	苏CD08332
037176724137931036-90_257-149I512_563I594-551I592_165I594_149I516_563I512-10_2_3_24_26_24_26_24-85-196.jpg	苏CD02020
03719109195402299-90_267-192I520_526I622-526I617_196I622_192I520_522I520-10_2_3_24_33_30_24_32-198-92.jpg	苏CD09608
03721264367816092-90_248-146I513_516I605-516I605_177I601_146I517_494I513-0_0_5_24_29_31_24_29-148-357.jpg	皖AF05705
03721264367816092-90_256-171I530_541I622-541I612_191I622_171I534_541I530-10_2_3_24_33_30_24_32-81-11.jpg	苏CD09608
03721264367816092-90_257-185I470_555I562-553I562_202I560_185I474_555I470-0_0_3_25_31_33_32_32-103-188.jpg	皖AD17988
037236328125-100_108-232I430_511I564-511I564_243I512_232I430_501I476-0_0_5_24_24_25_32_24-102-242.jpg	皖AF00180
03730244252873563-89_269-236I548_571I650-571I647_238I650_236I554_565I548-10_2_3_24_26_24_26_24-146-12.jpg	苏CD02020
037350335249042146-90_263-203I513_570I606-570I606_213I605_203I513_566I513-0_0_3_25_31_32_32_32-151-345.jpg	皖AD17888
03737188697318008-91_260-132I512_475I611-475I611_144I596_132I512_471I523-0_0_3_33_24_33_33_29-126-422.jpg	皖AD90995
0374327256944-90_265-158I406_525I508-519I508_165I503_158I406_525I412-0_0_3_17_25_25_24_29-83-77.jpg	皖ADT1105
03745210727969349-90_264-204I512_544I612-540I612_213I612_204I512_544I515-0_0_3_28_29_32_32_33-133-16.jpg	皖AD45889
0375010850694-89_268-164I473_487I590-487I565_164I590_165I485_486I473-0_0_3_24_27_25_26_32-125-97.jpg	皖AD03128
03756226053639847-90_269-200I511_541I611-529I605_201I611_200I511_541I511-0_0_3_28_33_33_31_33-136-269.jpg	皖AD49979
0376215277778-90_263-144I438_538I535-537I535_154I532_144I438_538I443-0_0_3_24_29_25_30_27-118-11.jpg	皖AD05163
0376692708333-104_78-329I435_592I580-590I580_331I508_329I435_592I497-1_0_5_33_32_32_26_25-156-179.jpg	沪AF98821
037672413793103446-90_258-192I511_534I611-534I611_209I605_192I513_520I511-0_0_5_24_25_30_30_30-68-122.jpg	皖AF01666
037672413793103446-90_265-171I549_513I650-513I650_178I645_171I549_512I552-0_0_5_24_33_30_30_24-108-709.jpg	皖AF09660
0376953125-90_264-201I478_587I576-579I576_207I572_201I483_587I478-0_0_3_29_24_28_33_30-177-45.jpg	皖AD50496
037703544061302684-90_267-186I515_521I618-521I618_186I617_190I517_518I515-10_2_3_24_26_24_26_24-138-65.jpg	苏CD02020
037928639846743294-94_253-212I515_549I618-549I618_226I586_212I515_549I542-10_2_3_24_30_24_29_33-155-70.jpg	苏CD06059
03793103448275862-90_265-134I509_494I606-477I600_134I606_141I515_494I509-0_0_3_27_28_29_33_30-80-83.jpg	皖AD34596
0379427083333-90_265-168I432_540I535-534I535_175I534_168I433_540I432-1_0_5_29_24_26_26_33-79-139.jpg	沪AF50229
0379774305556-89_101-172I432_522I541-507I529_172I541_183I439_522I432-10_0_5_25_24_26_24_27-103-373.jpg	苏AF10203
037995689655172415-88_242-200I512_569I606-569I606_241I606_200I527_536I512-0_0_3_30_25_27_27_32-80-80.jpg	皖AD61338
037995689655172415-90_251-222I480_609I570-609I570_245I557_222I480_599I484-0_0_5_24_31_24_24_24-82-79.jpg	皖AF07000
03804956896551724-93_239-217I469_514I586-514I586_257I553_217I469_463I485-10_2_3_24_24_26_32_32-157-4.jpg	苏CD00288
0380729166667-91_270-184I423_528I535-526I535_184I529_185I423_528I431-0_0_3_25_33_32_32_33-121-284.jpg	皖AD19889
0380859375-90_267-232I456_583I565-580I565_236I550_232I456_583I461-0_0_3_24_30_27_26_24-104-406.jpg	皖AD06320
038098659003831414-89_259-155I517_525I611-525I606_171I611_155I526_524I517-0_0_3_32_24_33_33_25-86-115.jpg	皖AD80991
03810344827586207-90_240-120I517_528I602-528I602_157I594_120I522_507I517-10_2_3_24_32_25_30_24-76-94.jpg	苏CD08160
03816451149425287-89_261-165I478_540I571-538I554_177I571_165I491_540I478-0_0_3_27_31_33_30_27-97-132.jpg	皖AD37963
03825431034482758-89_268-219I515_574I613-563I602_219I613_220I526_574I515-0_0_3_1_30_30_25_30-105-198.jpg	皖ADB6616
03833333333333333-90_257-177I560_545I655-545I655_195I648_177I560_538I562-0_0_3_25_33_33_32_33-124-356.jpg	皖AD19989
03844228927203065-90_266-146I472_477I578-477I578_152I573_146I474_467I472-15_14_3_26_24_30_26_25-66-199.jpg	鲁QD20621
03845785440613027-91_248-171I472_536I569-536I569_197I548_171I472_523I484-10_2_3_24_26_24_27_31-149-58.jpg	苏CD02037
03848659003831418-89_243-180I513_572I602-572I602_215I597_180I523_553I513-0_0_3_29_29_30_28_28-48-48.jpg	皖AD55644
03860392720306514-91_262-141I470_484I573-484I573_151I563_141I470_475I480-0_0_3_28_29_29_26_24-85-80.jpg	皖AD45520
03860392720306514-92_243-221I511_564I613-564I613_254I588_221I511_543I527-0_0_3_24_30_29_30_29-114-142.jpg	皖AD06565
03863864942528736-90_266-176I511_523I612-523I612_181I602_176I511_523I513-0_0_3_28_29_27_27_27-116-260.jpg	皖AD45333
03864583333333333-90_236-184I522_555I617-555I617_233I602_184I522_512I526-0_0_5_24_29_32_32_26-158-253.jpg	皖AF05882
03879310344827586-92_246-166I513_526I611-526I611_195I592_166I513_510I528-0_0_3_25_25_33_28_29-80-155.jpg	皖AD11945
03885416666666667-91_254-156I509_529I605-526I605_174I586_156I509_529I517-10_2_3_24_27_26_26_24-195-272.jpg	苏CD03220
038856561302681995-90_247-174I512_565I602-565I602_207I600_174I512_551I513-10_2_3_24_31_26_24_32-164-71.jpg	苏CD07208
038876915708812264-89_263-113I517_495I610-486I596_123I610_113I526_495I517-0_0_5_24_24_25_26_29-174-161.jpg	皖AF00125
038884099616858236-89_265-168I515_521I616-521I606_176I616_168I527_519I515-0_0_3_28_29_32_32_33-86-8.jpg	皖AD45889
038884099616858236-91_262-185I507_538I608-528I608_195I597_185I507_538I518-0_0_3_26_31_30_33_33-42-14.jpg	皖AD27699
038897270114942525-90_263-195I517_552I617-552I613_205I617_195I520_552I517-0_0_3_28_33_30_33_30-108-130.jpg	皖AD49696
03894157088122605-93_260-201I509_547I612-539I612_209I592_201I509_547I531-10_2_3_24_24_26_33_26-160-510.jpg	苏CD00292
03896484375-89_269-202I392_544I507-544I493_204I507_202I402_544I392-0_0_3_25_32_25_25_30-75-109.jpg	皖AD18116
038984674329501916-90_256-167I461_574I549-570I549_186I548_167I461_574I461-10_0_3_24_26_31_30_24-121-464.jpg	苏AD02760
03901460727969348-90_251-188I513_531I617-531I617_214I600_188I513_512I518-0_0_3_29_32_33_30_30-128-170.jpg	皖AD58966
03902538314176245-90_255-161I513_540I607-540I607_182I605_161I516_535I513-0_0_3_25_33_33_32_30-102-163.jpg	皖AD19986
0390256076389-90_92-197I435_564I542-561I536_198I542_197I436_564I435-0_0_3_24_32_32_32_24-99-514.jpg	皖AD08880
03907567049808429-90_247-153I505_551I595-551I595_183I584_153I506_539I505-0_0_3_25_33_30_30_30-99-129.jpg	皖AD19666
03912835249042146-90_262-202I523_582I617-577I617_212I607_202I523_582I528-11_0_5_30_24_26_30_24-98-263.jpg	浙AF60260
03912835249042146-90_263-175I509_519I613-499I600_175I613_185I511_519I509-1_0_5_7_33_30_30_25-115-82.jpg	沪AFH9661
039195402298850573-91_266-183I506_524I611-524I611_187I607_183I506_521I513-0_0_3_24_32_32_33_33-115-635.jpg	皖AD08899
039224137931034485-90_258-145I523_509I621-509I621_162I612_145I523_504I528-0_0_5_24_24_25_30_30-194-537.jpg	皖AF00166
039224137931034485-91_90-204I468_564I567-546I567_204I564_204I468_564I479-1_0_5_7_33_30_30_25-116-37.jpg	沪AFH9661
03925407088122605-90_235-160I504_555I595-555I595_211I584_160I504_517I504-0_0_3_25_33_24_33_30-205-228.jpg	皖AD19096
039255268199233716-92_251-161I589_499I696-499I696_182I669_161I589_483I607-0_0_3_28_27_30_28_30-113-87.jpg	皖AD43646
039310344827586205-90_269-256I476_598I581-591I578_257I581_256I476_598I481-0_0_5_25_26_32_32_32-219-253.jpg	皖AF12888
039355842911877395-90_269-187I517_533I621-523I618_187I621_188I517_533I522-0_0_3_25_25_33_33_32-59-21.jpg	皖AD11998
039452825670498085-90_261-156I509_553I600-549I600_168I596_156I509_553I512-0_0_3_25_26_31_31_31-150-307.jpg	皖AD12777
03947198275862069-89_258-183I500_590I588-581I582_199I588_183I509_590I500-0_0_3_27_32_32_25_25-186-49.jpg	皖AD38811
03947198275862069-90_260-141I496_548I585-539I581_154I585_141I502_548I496-10_2_3_24_31_26_24_31-136-357.jpg	苏CD07207
03947198275862069-95_258-239I486_536I608-536I608_247I565_239I486_530I518-0_0_3_33_33_33_26_33-51-8.jpg	皖AD99929
03955100574712644-89_248-132I476_495I575-495I563_166I575_132I483_482I476-1_0_5_30_29_32_33_30-114-265.jpg	沪AF65896
03958333333333333-100_242-205I460_490I600-490I600_228I539_205I460_473I513-19_1_3_29_25_26_31_24-87-79.jpg	粤BD51270
0396050347222-92_247-136I444_501I553-501I553_168I538_136I444_475I457-0_0_3_24_32_31_32_32-77-149.jpg	皖AD08788
039655172413793106-91_227-184I472_544I573-544I573_245I548_184I472_479I483-19_1_5_26_28_33_30_24-161-179.jpg	粤BF24960
0396970785440613-90_269-168I553_517I657-514I647_169I657_168I553_517I560-0_0_3_1_30_32_27_26-102-51.jpg	皖ADB6832
03977729885057471-92_250-200I467_539I574-539I574_224I552_200I467_526I480-18_4_3_30_30_30_30_30-105-117.jpg	湘ED66666
03979166666666667-89_248-163I478_545I573-545I570_196I573_163I485_536I478-10_2_3_24_31_25_27_33-173-101.jpg	苏CD07139
03979166666666667-91_251-154I472_536I567-534I567_180I564_154I472_536I480-10_2_3_24_24_26_24_24-101-36.jpg	苏CD00200
039827586206896554-90_241-110I552_572I631-572I631_147I629_110I553_563I552-10_2_3_24_33_30_24_32-75-182.jpg	苏CD09608
03984375-85_257-170I398_476I529-466I484_170I529_181I432_476I398-0_0_3_25_30_32_33_32-92-50.jpg	皖AD16898
039952107279693484-91_257-191I437_579I531-575I531_206I518_191I437_579I449-10_2_3_24_26_27_24_25-168-507.jpg	苏CD02301
0399544270833-94_247-166I439_489I564-489I564_193I527_166I439_466I462-1_0_5_4_26_33_27_32-124-103.jpg	沪AFE2938
040129310344827585-90_254-163I478_562I570-562I570_184I565_163I481_557I478-0_0_3_29_26_29_30_30-132-217.jpg	皖AD52566
04020354406130268-90_255-224I469_550I582-550I582_247I563_224I469_525I472-0_0_3_32_27_30_33_33-73-32.jpg	皖AD83699
040205938697318006-90_258-180I516_545I617-545I617_197I608_180I516_540I522-0_0_3_2_27_32_32_26-122-192.jpg	皖ADC3882
0402061631944-90_268-146I481_528I587-520I584_148I587_146I486_528I481-1_0_3_31_29_25_24_26-159-386.jpg	沪AD75102
040229885057471264-87_250-203I549_503I671-483I623_203I671_230I569_503I549-0_0_3_25_26_33_26_33-42-4.jpg	皖AD12929
040244140625-96_103-236I392_553I520-553I520_256I481_236I392_543I422-1_0_5_29_25_31_30_30-177-250.jpg	沪AF51766
04030172413793103-90_254-164I509_538I608-538I608_187I599_164I509_525I516-0_0_3_29_32_29_32_26-108-131.jpg	皖AD58582
04031609195402299-91_261-161I473_527I574-527I574_173I569_161I473_526I481-1_0_3_4_30_24_25_24-113-45.jpg	沪ADE6010
04034722222222222-90_247-128I448_534I539-534I539_160I534_128I448_534I454-10_2_3_24_26_33_25_26-107-189.jpg	苏CD02912
04040469348659004-91_258-143I513_502I616-502I616_158I602_143I513_499I523-0_0_3_28_33_30_30_30-87-141.jpg	皖AD49666
04045977011494253-92_242-208I507_560I612-560I612_243I589_208I507_541I526-0_0_3_30_30_33_26_33-84-195.jpg	皖AD66929
04048132183908046-92_261-270I548_615I655-613I655_280I647_270I548_615I565-0_0_3_2_31_31_29_25-140-179.jpg	皖ADC7751
040545977011494254-89_257-117I536_525I627-523I622_135I627_117I544_525I536-0_0_3_28_28_27_27_27-103-17.jpg	皖AD44333
04059985632183908-91_265-212I516_593I613-571I611_212I613_221I516_593I526-0_0_3_0_33_26_32_25-100-203.jpg	皖ADA9281
04060704022988506-91_258-152I544_551I638-549I638_167I631_152I544_551I552-10_2_3_24_29_27_27_26-176-263.jpg	苏CD05332
040625-90_96-179I428_539I542-530I538_179I542_184I428_539I431-1_0_5_4_26_33_27_32-203-206.jpg	沪AFE2938
04064655172413793-91_260-183I502_552I602-550I602_196I601_183I502_552I511-10_2_3_24_31_26_24_32-141-360.jpg	苏CD07208
0406532118056-81_256-127I366_389I523-381I457_127I523_135I414_389I366-0_0_3_24_26_29_32_32-127-126.jpg	皖AD02588
04067289272030651-88_248-119I505_514I599-514I592_150I599_119I520_500I505-0_0_3_30_26_24_24_24-147-251.jpg	皖AD62000
040715996168582375-90_269-240I513_587I620-587I620_241I618_240I515_584I513-10_2_3_24_26_24_26_24-140-13.jpg	苏CD02020
040715996168582375-92_261-188I515_535I622-533I622_198I606_188I515_535I530-0_0_3_25_25_25_29_25-139-17.jpg	皖AD11151
04075311302681992-88_260-102I543_439I654-439I652_120I654_102I557_423I543-0_0_3_25_29_29_31_31-81-128.jpg	皖AD15577
040812978927203064-90_258-133I548_516I645-516I645_149I638_133I548_516I552-10_2_3_24_26_33_25_26-143-444.jpg	苏CD02912
0408311631944-89_270-207I435_562I551-561I542_208I551_207I443_562I435-1_0_5_0_26_31_25_30-157-297.jpg	沪AFA2716
04083333333333333-90_257-156I489_562I581-554I576_174I581_156I489_562I490-2_0_3_31_29_26_29_25-172-21.jpg	津AD75251
04084051724137931-91_259-158I515_537I613-535I613_172I605_158I515_537I525-23_7_5_25_25_25_25_25-111-233.jpg	贵HF11111
04089439655172414-87_265-141I470_486I578-486I559_152I578_141I490_484I470-0_0_3_25_29_29_30_30-92-140.jpg	皖AD15566
041039272030651344-90_254-136I485_554I575-552I567_158I575_136I485_554I489-10_2_3_24_29_26_31_30-105-77.jpg	苏CD05276
041041666666666664-90_262-169I504_563I599-555I597_179I599_169I511_563I504-0_0_3_32_24_33_33_25-70-140.jpg	皖AD80991
04108836206896552-92_247-154I543_523I645-523I645_183I628_154I543_503I563-0_0_5_24_29_33_24_24-87-22.jpg	皖AF05900
04119971264367816-90_262-229I509_599I611-599I611_241I611_229I516_597I509-0_0_5_25_25_31_31_31-151-36.jpg	皖AF11777
041302681992337165-91_261-182I511_534I618-534I618_194I605_182I511_530I518-19_1_5_26_28_33_30_24-184-12.jpg	粤BF24960
04131345785440613-91_249-178I513_513I625-513I625_205I596_178I513_483I522-0_0_3_26_30_31_33_33-72-71.jpg	皖AD26799
041357758620689654-94_238-186I465_528I575-528I575_221I538_186I465_508I494-0_0_5_24_32_33_33_26-84-95.jpg	皖AF08992
041403256704980844-91_259-182I506_546I610-546I610_196I600_182I506_543I517-0_0_5_25_24_24_24_30-68-17.jpg	皖AF10006
04140625-98_111-147I406_465I537-465I537_166I490_147I406_446I445-0_0_3_25_33_33_30_30-89-215.jpg	皖AD19966
04141163793103448-91_244-170I512_597I600-597I600_204I592_170I512_582I522-0_0_3_24_30_30_33_25-55-39.jpg	皖AD06691
0414279513889-90_96-149I466_564I566-555I566_164I566_149I469_564I466-0_0_3_24_32_24_26_31-73-594.jpg	皖AD08027
04144037356321839-90_246-157I451_574I542-574I542_191I542_157I458_554I451-10_2_3_24_30_31_31_26-209-287.jpg	苏CD06772
04157088122605364-97_240-244I501_554I623-554I623_271I571_244I501_532I541-10_2_3_24_33_24_27_29-141-72.jpg	苏CD09035
041618773946360155-91_261-200I499_595I595-586I595_210I580_200I499_595I511-10_2_3_24_32_29_26_27-125-148.jpg	苏CD08523
04163912835249042-90_255-146I525_565I616-564I616_165I608_146I525_565I528-0_0_5_24_26_30_30_32-127-280.jpg	皖AF02668
041666666666666664-90_263-127I511_475I620-475I616_138I620_127I512_470I511-2_0_5_25_29_28_32_32-140-714.jpg	津AF15488
04169420498084291-177_91-133I470_492I576-490I562_492I470_133I485_137I576-0_0_3_27_31_33_30_27-102-1969.jpg	皖AD37963
0417205459770115-93_251-180I470_525I581-525I581_202I557_180I470_504I491-23_7_5_25_25_25_25_25-109-169.jpg	贵HF11111
04181034482758621-91_262-210I515_598I613-590I613_221I613_210I515_598I523-11_0_5_30_24_26_30_24-101-380.jpg	浙AF60260
04182471264367816-90_239-165I563_591I653-591I653_205I636_165I563_569I567-0_0_3_28_29_32_32_33-97-280.jpg	皖AD45889
041858237547892724-89_254-149I476_517I580-517I580_173I574_149I483_506I476-0_0_3_29_30_30_30_29-101-234.jpg	皖AD56665
042021072796934865-87_271-234I505_562I622-544I588_236I622_234I526_562I505-10_2_3_24_26_24_26_24-78-7.jpg	苏CD02020
0420345052083-94_98-192I466_541I587-541I587_204I559_192I466_536I486-0_0_3_24_30_32_24_33-79-201.jpg	皖AD06809
04204022988505747-90_249-163I515_562I611-562I611_194I605_163I516_552I515-0_12_3_24_33_31_26_26-98-178.jpg	皖ND09722
04206896551724138-91_248-176I468_542I573-542I573_208I560_176I468_519I479-0_0_3_25_32_25_25_30-77-96.jpg	皖AD18116
04206896551724138-92_263-147I513_513I618-508I618_154I602_147I513_513I528-0_0_3_29_31_33_29_32-117-257.jpg	皖AD57958
04209051724137931-90_257-180I552_558I654-558I653_200I654_180I559_553I552-10_2_3_24_33_28_29_32-156-60.jpg	苏CD09458
04215876436781609-89_267-286I509_649I616-641I605_291I616_286I523_649I509-0_0_3_24_32_29_30_31-165-327.jpg	皖AD08567
04215876436781609-91_255-187I512_550I618-550I618_206I600_187I512_549I520-19_1_5_26_28_33_30_24-183-165.jpg	粤BF24960
04224137931034483-92_237-136I500_496I607-496I607_182I586_136I500_465I515-12_0_3_6_28_27_32_24-166-42.jpg	京ADG4380
04239104406130268-91_251-243I430_608I536-608I536_268I515_243I430_598I438-10_2_3_24_29_26_31_30-159-450.jpg	苏CD05276
04240900383141762-90_255-216I515_601I616-601I611_239I616_216I518_601I515-0_0_3_1_28_29_30_30-134-326.jpg	皖ADB4566
042423371647509575-85_269-183I467_527I580-523I548_190I580_183I501_527I467-10_2_3_24_32_31_33_27-232-39.jpg	苏CD08793
042423371647509575-91_248-179I552_523I665-523I665_208I638_179I552_504I563-0_0_3_25_29_30_31_32-105-174.jpg	皖AD15678
0424389367816092-90_255-142I501_559I594-557I594_163I592_142I502_559I501-10_2_3_24_30_26_27_29-170-240.jpg	苏CD06235
042492816091954023-92_267-226I506_564I621-561I621_226I607_233I506_564I522-0_0_5_24_30_29_25_30-85-83.jpg	皖AF06516
04253352490421456-90_249-139I532_567I623-567I623_168I618_139I532_565I539-10_2_3_24_24_26_24_32-131-388.jpg	苏CD00208
0425933908045977-92_248-176I511_539I618-539I618_204I595_176I511_520I528-0_0_3_27_26_32_31_26-88-123.jpg	皖AD32872
04261067708333333-94_250-245I477_575I607-575I607_269I570_245I477_565I503-0_0_3_27_29_27_26_26-98-159.jpg	皖AD35322
0427788628472-90_259-180I474_595I578-592I578_196I571_180I474_595I477-1_0_5_33_32_32_26_25-132-749.jpg	沪AF98821
04280411877394636-98_241-278I516_553I658-553I658_306I599_278I516_521I557-1_0_3_2_32_31_30_33-137-116.jpg	沪ADC8769
0429600694444-90_258-151I431_555I538-555I538_169I530_151I432_554I431-0_0_3_24_31_28_31_32-69-11.jpg	皖AD07478
043093869731800766-90_256-179I512_588I608-588I608_198I600_179I512_586I516-10_2_3_24_32_29_25_30-83-56.jpg	苏CD08516
0431640625-78_279-226I435_486I602-486I528_230I602_226I495_484I435-0_0_3_24_31_29_32_32-89-90.jpg	皖AD07588
0431992337164751-90_265-163I541_573I638-554I638_169I628_163I541_573I549-10_2_3_24_27_24_31_29-142-340.jpg	苏CD03075
043229166666666666-90_246-122I522_557I612-557I612_157I611_122I523_544I522-0_0_3_28_25_33_32_32-94-114.jpg	皖AD41988
04331896551724138-90_262-200I522_602I620-592I613_212I620_200I523_602I522-10_2_3_24_33_30_30_27-209-463.jpg	苏CD09663
04338362068965517-87_254-225I505_591I613-560I585_225I613_243I526_591I505-0_0_3_29_25_30_33_24-66-5.jpg	皖AD51690
04338362068965517-94_254-128I465_494I573-462I573_128I559_158I465_494I493-0_0_3_1_27_24_32_32-80-146.jpg	皖ADB3088
043413553639846746-92_260-193I509_552I620-552I620_202I589_193I509_552I527-0_0_3_0_32_24_30_26-79-138.jpg	皖ADA8062
043448275862068966-90_253-127I485_575I574-569I574_149I564_127I485_575I486-10_2_3_24_26_24_26_24-80-105.jpg	苏CD02020
04353208812260537-87_261-189I541_532I657-532I636_207I657_189I563_524I541-0_0_5_25_24_29_26_32-143-154.jpg	皖AF10528
0435590277778-89_95-138I401_524I515-519I501_139I515_138I411_524I401-0_0_3_24_25_27_32_32-91-240.jpg	皖AD01388
0435823754789272-89_252-171I511_571I610-571I602_198I610_171I522_556I511-10_2_3_24_32_29_25_30-71-71.jpg	苏CD08516
043583572796934866-89_256-176I430_585I527-580I516_196I527_176I442_585I430-10_2_3_24_30_31_24_24-180-223.jpg	苏CD06700
04359913793103448-92_248-153I469_510I581-510I581_182I558_153I469_492I483-0_0_3_26_27_31_33_32-76-97.jpg	皖AD23798
0436610243056-94_264-211I418_552I547-551I547_213I509_211I418_552I449-0_0_3_24_26_25_27_33-89-115.jpg	皖AD02139
043720703125-89_97-138I455_545I563-537I552_145I563_138I457_545I455-0_3_3_24_24_26_26_26-122-96.jpg	皖DD00222
04375-90_245-135I484_555I580-555I580_167I560_135I484_545I484-0_0_3_25_29_26_24_32-103-264.jpg	皖AD15208
04379310344827586-91_251-125I512_506I617-506I617_149I595_125I512_502I526-0_0_3_25_27_32_25_32-95-143.jpg	皖AD13818
043864942528735636-90_237-138I507_564I601-564I601_186I592_138I511_533I507-0_0_3_25_24_26_32_30-149-18.jpg	皖AD10286
043909243295019156-91_228-216I468_619I567-619I567_274I542_216I468_573I481-1_0_3_27_27_24_30_25-138-31.jpg	沪AD33061
0439388020833-90_90-172I419_569I530-559I530_172I525_172I419_569I423-1_0_5_5_24_27_29_32-91-295.jpg	沪AFF0358
043967911877394635-90_258-154I506_581I600-577I594_172I600_154I506_581I512-10_2_3_24_26_24_25_24-149-166.jpg	苏CD02010
04398467432950191-90_253-132I481_580I571-574I570_156I571_132I484_580I481-10_2_3_24_30_27_30_31-138-87.jpg	苏CD06367
044051724137931035-90_260-160I528_598I620-588I618_173I620_160I530_598I528-0_0_3_28_31_31_25_30-86-220.jpg	皖AD47716
04413314176245211-91_261-169I499_557I602-552I602_181I599_169I499_557I506-19_1_5_27_28_29_25_24-146-210.jpg	粤BF34510
04420498084291188-92_247-128I502_483I616-483I616_158I592_128I502_461I520-0_0_5_24_32_24_31_30-145-285.jpg	皖AF08076
044270833333333336-90_257-134I531_559I627-553I623_154I627_134I531_559I532-10_2_3_24_26_27_33_25-141-341.jpg	苏CD02391
044270833333333336-90_262-153I408_578I513-565I508_165I513_153I408_578I408-0_0_3_24_28_31_32_29-77-109.jpg	皖AD04785
044360632183908046-89_264-163I506_553I610-540I596_173I610_163I517_553I506-0_0_3_24_24_24_32_24-118-231.jpg	皖AD00080
04439655172413793-91_252-171I576_583I675-581I675_193I658_171I576_583I592-10_2_3_24_27_24_24_33-169-331.jpg	苏CD03009
0444360632183908-91_258-145I412_562I509-553I509_160I499_145I412_562I422-0_0_3_25_32_33_32_33-124-776.jpg	皖AD18989
044450431034482756-93_240-179I470_554I578-554I578_218I554_179I470_529I493-0_0_3_25_30_30_30_32-58-134.jpg	皖AD16668
044450431034482756-93_240-179I509_554I618-554I618_213I585_179I509_533I534-0_0_3_2_29_24_26_32-192-143.jpg	皖ADC5028
04456896551724138-92_238-191I544_587I647-587I647_231I623_191I544_569I563-10_2_3_24_32_27_27_26-119-142.jpg	苏CD08332
044583333333333336-90_258-240I423_668I518-661I515_258I518_240I423_668I423-0_0_3_33_31_33_31_33-53-106.jpg	皖AD97979
04461206896551724-90_239-169I507_583I606-583I606_216I595_169I507_554I509-0_0_3_24_33_33_24_24-224-125.jpg	皖AD09900
04468151340996169-91_266-165I554_562I657-536I657_165I654_172I554_562I569-0_0_3_25_26_33_33_33-81-288.jpg	皖AD12999
04470186781609196-90_240-197I539_590I643-590I643_241I623_197I539_554I543-11_0_3_4_27_32_27_30-72-118.jpg	浙ADE3836
0447198275862069-90_248-127I495_577I586-577I586_157I581_127I495_574I496-0_0_3_28_33_30_30_30-104-200.jpg	皖AD49666
044870689655172415-91_244-169I507_516I625-516I625_203I589_169I507_491I517-0_0_3_1_31_24_24_31-106-105.jpg	皖ADB7007
04492097701149425-92_246-166I500_504I621-504I621_201I595_166I500_476I515-0_0_5_25_24_24_24_30-77-9.jpg	皖AF10006
04498323754789272-90_257-141I515_583I608-583I608_160I606_141I515_577I516-0_0_3_25_32_24_24_33-67-132.jpg	皖AD18009
044985632183908046-92_256-156I532_560I634-560I634_172I618_156I532_560I550-10_2_3_24_30_31_30_32-164-74.jpg	苏CD06768
044998802681992335-90_261-161I513_574I612-570I612_173I606_161I513_574I520-10_2_3_24_24_33_33_28-63-50.jpg	苏CD00994
045075431034482756-90_255-138I479_561I576-561I576_159I575_138I484_560I479-10_2_3_24_33_28_29_32-164-276.jpg	苏CD09458
04515625-101_117-180I469_486I618-486I618_210I554_180I469_463I526-0_0_3_24_31_29_33_32-74-34.jpg	皖AD07598
045162835249042146-90_256-148I557_558I657-558I657_169I654_148I557_550I560-0_0_3_25_25_33_28_29-92-409.jpg	皖AD11945
0452962239583-94_265-199I372_562I497-558I497_200I464_199I372_562I402-0_0_3_25_33_33_31_33-147-60.jpg	皖AD19979
045325670498084294-90_257-152I518_568I618-563I618_170I610_152I518_568I518-0_0_3_28_24_24_27_29-223-94.jpg	皖AD40035
04549329501915709-88_237-147I458_560I559-560I559_198I554_147I473_522I458-0_0_3_26_27_24_30_32-183-161.jpg	皖AD23068
04557471264367816-93_252-190I472_556I586-556I586_212I563_190I472_541I494-0_0_3_25_32_26_25_31-93-88.jpg	皖AD18217
045625-90_259-142I522_580I617-572I617_157I612_142I522_580I522-10_2_3_24_26_25_24_33-92-101.jpg	苏CD02109
04576508620689655-91_265-169I478_580I580-564I580_174I575_169I478_580I489-10_2_3_24_27_31_25_30-122-9.jpg	苏CD03716
04580699233716475-91_245-157I502_564I605-564I605_193I594_157I502_557I516-10_2_3_24_26_24_26_24-76-5.jpg	苏CD02020
045808189655172415-95_244-230I505_557I633-557I633_258I588_230I505_531I537-0_0_3_25_30_32_25_33-77-102.jpg	皖AD16819
04582375478927203-90_255-133I478_549I578-545I578_156I574_133I479_549I478-10_2_3_24_27_24_24_33-188-58.jpg	苏CD03009
04583333333333333-91_257-130I550_570I645-558I645_147I638_130I550_570I563-10_0_3_24_32_32_32_24-148-469.jpg	苏AD08880
04586446360153257-93_248-183I459_541I576-541I576_208I539_183I459_525I483-10_2_3_24_32_27_27_26-124-87.jpg	苏CD08332
04591954022988506-92_270-218I512_594I623-580I623_218I613_221I512_594I527-0_0_3_29_27_33_24_33-82-152.jpg	皖AD53909
04594827586206897-93_257-145I464_473I592-473I592_160I559_145I464_462I484-0_0_3_1_32_32_33_31-75-3.jpg	皖ADB8897
045991379310344825-91_245-119I468_515I574-515I574_155I557_119I468_497I481-10_2_3_24_24_26_32_30-154-423.jpg	苏CD00286
046099137931034484-93_230-177I461_591I563-591I563_221I527_177I461_567I484-10_2_3_24_26_25_24_33-84-77.jpg	苏CD02109
046117097701149426-94_247-142I548_489I669-489I669_167I628_142I548_476I575-0_0_3_25_26_32_26_25-79-7.jpg	皖AD12821
046193576388888886-90_261-145I388_512I515-492I500_145I515_163I388_512I395-1_0_5_30_32_33_31_25-133-114.jpg	沪AF68971
04623323754789272-91_245-146I505_595I599-595I599_177I585_146I505_589I516-0_0_5_24_26_32_26_26-146-267.jpg	皖AF02822
046415229885057474-89_263-146I501_572I600-560I576_157I600_146I513_572I501-10_2_3_24_33_30_24_32-77-69.jpg	苏CD09608
04646551724137931-87_242-166I493_562I600-517I569_166I600_200I520_562I493-10_2_3_24_30_27_26_31-146-229.jpg	苏CD06327
046633141762452104-90_260-191I468_555I585-555I585_207I576_191I468_537I468-0_0_3_26_29_33_29_29-192-7.jpg	皖AD25955
0467816091954023-90_257-114I480_558I576-548I576_132I571_114I480_558I483-0_0_5_24_26_24_26_33-154-559.jpg	皖AF02029
04689655172413793-92_251-149I468_557I573-555I573_174I562_149I468_557I486-0_0_3_32_32_33_28_24-114-23.jpg	皖AD88940
047036637931034485-90_254-164I457_569I563-569I563_190I557_164I457_566I464-0_0_3_2_26_30_27_30-107-247.jpg	皖ADC2636
04721264367816092-90_262-148I515_572I617-564I617_159I606_148I515_572I522-0_0_3_2_32_33_29_30-176-225.jpg	皖ADC8956
047268917624521074-90_238-120I462_527I569-527I569_173I565_120I469_496I462-0_0_5_24_30_32_32_32-162-433.jpg	皖AF06888
047283285440613027-88_260-134I437_525I548-521I538_152I548_134I453_525I437-10_2_3_24_27_24_24_33-171-345.jpg	苏CD03009
04731800766283525-90_258-149I507_565I611-554I611_166I600_149I507_565I513-10_2_3_24_27_24_24_33-166-270.jpg	苏CD03009
04732758620689655-92_247-190I421_556I539-556I539_221I509_190I421_535I438-10_0_3_24_26_30_25_29-140-292.jpg	苏AD02615
04734375-89_257-127I445_559I555-559I552_149I555_127I456_556I445-0_0_3_25_25_25_24_29-74-219.jpg	皖AD11105
04736111111111111-93_260-237I499_578I625-575I625_247I594_237I499_578I523-10_2_3_24_33_24_27_29-207-40.jpg	苏CD09035
047451171875-91_95-166I477_553I600-543I600_166I587_168I477_553I493-0_0_3_17_25_24_27_33-53-184.jpg	皖ADT1039
047720306513409964-90_250-108I468_532I571-532I571_140I565_108I468_523I470-0_0_3_28_25_33_32_32-90-253.jpg	皖AD41988
04788793103448276-91_247-163I500_567I608-567I608_197I594_163I500_550I509-18_4_3_30_30_30_30_30-118-284.jpg	湘ED66666
04794061302681992-91_257-101I501_556I597-544I597_116I584_101I501_556I509-10_2_3_24_24_33_33_28-67-51.jpg	苏CD00994
04796575670498084-90_257-165I526_578I632-576I632_185I625_165I526_578I531-10_2_3_24_25_26_29_33-164-56.jpg	苏CD01259
0479817708333-98_102-224I468_554I615-554I615_235I560_224I468_549I515-0_0_3_25_33_30_30_30-110-185.jpg	皖AD19666
0483940972222-89_263-112I447_558I557-550I549_124I557_112I456_558I447-0_0_3_25_32_32_32_25-64-46.jpg	皖AD18881
04848539272030651-92_220-172I511_617I610-617I610_244I584_172I511_565I530-10_2_3_24_24_26_31_26-107-147.jpg	苏CD00272
0485384114583-87_263-161I399_564I520-561I497_176I520_161I424_564I399-0_0_3_17_25_24_30_24-99-124.jpg	皖ADT1060
04873563218390804-93_267-180I496_564I612-539I612_180I599_189I496_564I523-1_0_5_7_33_30_30_25-107-152.jpg	沪AFH9661
04888888888888889-96_248-232I455_584I582-584I582_256I547_232I455_566I496-0_0_3_24_32_32_25_29-108-187.jpg	皖AD08815
049046934865900386-92_250-165I526_583I633-583I633_189I608_165I526_583I549-10_2_3_24_27_24_24_33-169-331.jpg	苏CD03009
04925167624521073-92_250-148I502_581I606-581I606_173I589_148I502_578I522-10_2_3_24_32_29_25_30-77-78.jpg	苏CD08516
0494140625-90_99-173I454_569I580-554I580_173I575_181I454_569I465-10_0_3_27_32_32_26_29-80-22.jpg	苏AD38825
049479166666666664-92_261-196I470_631I574-612I574_204I553_196I470_631I493-10_2_3_24_27_24_31_29-173-44.jpg	苏CD03075
0495330459770115-86_257-209I486_603I601-603I570_231I601_209I522_596I486-10_2_3_24_31_26_24_31-126-141.jpg	苏CD07207
0503352864583-100_104-221I472_550I627-550I627_228I560_221I472_544I529-1_0_5_27_33_32_26_33-192-200.jpg	沪AF39829
050427442528735635-88_269-142I531_559I642-543I616_146I642_142I553_559I531-10_2_3_24_26_24_26_24-90-14.jpg	苏CD02020
050478927203065134-90_225-123I504_619I597-619I597_198I588_123I504_565I506-0_0_3_32_26_32_30_32-37-7.jpg	皖AD82868
0505913628472-94_239-76I424_449I561-449I561_118I515_76I424_405I450-11_0_5_24_32_33_30_33-184-227.jpg	浙AF08969
05066451149425287-91_253-131I506_596I606-580I606_153I594_131I506_596I517-10_2_3_24_29_26_25_27-148-248.jpg	苏CD05213
05083812260536399-92_240-117I543_503I664-503I664_159I631_117I543_472I562-0_0_3_25_33_29_27_29-70-31.jpg	皖AD19535
05124521072796935-94_245-147I536_575I645-575I645_175I616_147I536_574I569-0_0_3_1_33_27_27_24-95-233.jpg	皖ADB9330
05132543103448276-89_260-140I509_573I618-562I608_156I618_140I522_573I509-10_2_3_24_27_24_24_33-190-213.jpg	苏CD03009
051332614942528734-91_251-129I512_590I613-575I613_156I606_129I512_590I528-10_2_3_24_29_26_31_30-94-113.jpg	苏CD05276
0514127604167-90_260-133I407_580I523-578I523_149I518_133I409_580I407-0_0_3_24_33_31_33_33-103-52.jpg	皖AD09799
0515625-97_256-179I387_539I531-537I531_189I477_179I387_539I437-1_0_5_4_26_33_27_32-206-285.jpg	沪AFE2938
05191451149425287-92_255-139I496_586I602-569I602_157I585_139I496_586I520-10_2_3_24_30_28_26_28-146-169.jpg	苏CD06424
0521354166667-104_255-128I419_414I602-409I602_129I509_128I419_414I501-0_0_3_24_26_30_33_24-97-290.jpg	皖AD02690
0523860677083-97_254-158I445_521I590-517I590_170I536_158I445_521I495-19_1_3_29_24_31_26_33-151-118.jpg	粤BD50729
05269396551724138-91_248-93I522_582I620-580I620_123I610_93I522_582I532-0_0_3_27_32_32_25_25-164-443.jpg	皖AD38811
052873563218390804-90_248-121I509_601I610-601I610_151I595_121I509_599I509-0_0_3_1_25_24_25_29-148-287.jpg	皖ADB1015
05298371647509578-90_254-129I501_610I601-602I601_153I601_129I509_610I501-0_0_3_30_26_24_24_24-118-310.jpg	皖AD62000
052988505747126435-91_250-122I527_583I632-578I632_150I617_122I527_583I543-10_2_3_24_27_24_24_33-178-214.jpg	苏CD03009
05300287356321839-87_255-164I483_598I595-563I559_164I595_180I511_598I483-10_2_3_24_26_24_26_24-72-57.jpg	苏CD02020
053005268199233714-91_258-123I506_589I610-581I610_140I605_123I506_589I516-18_4_3_30_30_30_30_30-148-544.jpg	湘ED66666
0532063802083-89_249-135I404_602I519-602I514_172I519_135I418_592I404-0_0_3_25_24_24_24_26-86-340.jpg	皖AD10002
05323275862068966-88_246-136I544_604I648-604I633_173I648_136I563_598I544-0_0_5_24_29_29_29_30-134-153.jpg	皖AF05556
0532356770833-91_95-147I460_628I572-628I572_180I557_147I460_622I461-0_0_3_24_29_32_29_25-89-228.jpg	皖AD05851
0533365885417-97_254-158I385_497I543-497I543_171I479_158I385_491I435-0_0_3_25_29_33_33_32-92-137.jpg	皖AD15998
0535319010417-99_100-178I430_523I586-523I586_187I523_178I430_522I489-0_0_3_24_33_33_30_33-107-84.jpg	皖AD09969
05362308429118774-92_251-118I489_575I596-566I596_141I576_118I489_575I512-10_2_3_24_33_30_27_24-151-198.jpg	苏CD09630
05365234375-108_286-273I432_519I652-502I652_273I525_275I432_519I524-1_0_3_24_33_31_29_31-86-27.jpg	沪AD09757
05441570881226054-97_259-232I481_531I647-531I647_237I585_232I481_529I525-0_0_3_25_27_26_25_24-94-791.jpg	皖AD13210
05481800766283525-91_256-109I494_581I600-565I600_127I584_109I494_581I507-0_0_3_29_25_24_29_25-89-169.jpg	皖AD51051
0554036458333-100_241-160I392_505I554-505I554_187I481_160I392_490I457-0_0_3_24_26_28_27_32-75-123.jpg	皖AD02438
0557877604167-93_235-169I377_587I512-587I512_217I462_169I377_544I400-1_0_5_30_32_33_31_25-135-52.jpg	沪AF68971
0562673611111-89_250-136I430_599I552-599I552_170I544_136I443_592I430-0_0_3_25_32_29_29_32-89-195.jpg	皖AD18558
05627394636015326-92_269-175I484_551I621-551I621_175I599_179I484_550I504-0_0_3_25_29_33_33_33-38-27.jpg	皖AD15999
05663553639846743-92_264-185I491_538I638-526I621_185I638_202I491_538I504-10_2_3_24_24_26_24_32-47-5.jpg	苏CD00208
0567911877394636-90_256-127I511_611I618-604I618_151I618_127I511_611I518-10_2_3_24_24_26_31_26-93-112.jpg	苏CD00272
0568185763889-90_95-89I465_583I581-583I581_125I580_89I480_574I465-0_0_3_24_29_31_33_27-78-185.jpg	皖AD05793
0571560329861-103_253-209I402_510I594-503I594_214I503_209I402_510I484-0_0_3_25_33_33_31_33-198-273.jpg	皖AD19979
057847222222222223-90_242-123I544_616I652-616I652_167I636_123I544_595I550-0_0_3_27_26_24_30_30-79-112.jpg	皖AD32066
05787116858237548-100_230-167I483_505I640-505I640_210I565_167I483_451I543-0_0_5_25_24_25_25_24-120-8.jpg	皖AF10110
058132183908045976-98_224-168I479_525I628-525I628_227I564_168I479_473I530-10_2_3_24_31_26_24_32-95-7.jpg	苏CD07208
05855124521072797-91_252-109I489_608I596-596I596_135I584_109I489_608I502-10_0_3_30_25_26_29_32-181-433.jpg	苏AD61258
058742816091954024-93_235-136I499_617I610-617I610_179I576_136I499_602I527-10_2_3_24_26_24_26_24-66-69.jpg	苏CD02020
05876197318007663-92_246-122I504_585I620-584I620_153I589_122I504_585I530-10_2_3_24_31_27_25_26-157-41.jpg	苏CD07312
05908203125-84_256-154I412_517I576-496I517_154I576_168I453_517I412-0_0_3_25_26_33_26_33-102-55.jpg	皖AD12929
0591362847222-90_93-154I424_590I561-590I554_161I561_154I438_585I424-0_0_3_24_27_32_31_31-52-110.jpg	皖AD03877
059489942528735636-90_249-109I493_616I600-613I600_140I584_109I493_616I495-10_2_3_24_32_29_25_30-76-74.jpg	苏CD08516
05982096354166667-89_261-188I526_579I680-553I634_188I680_206I536_579I526-0_0_3_26_27_24_30_32-140-312.jpg	皖AD23068
060311302681992335-90_255-103I500_617I607-600I605_129I607_103I500_617I500-0_0_3_24_28_33_29_32-55-110.jpg	皖AD04958
06079861111111111-91_242-112I513_605I625-605I625_153I601_112I513_589I523-10_2_3_24_32_29_25_30-82-184.jpg	苏CD08516
0619108072917-92_90-190I446_589I602-586I602_190I563_190I446_589I462-1_0_5_27_26_24_29_33-218-189.jpg	沪AF32059
0621940104167-94_97-108I443_574I577-574I577_142I542_108I443_569I469-10_0_5_25_24_26_24_27-60-278.jpg	苏AF10203
0627994791667-106_283-271I464_589I663-577I663_271I552_275I464_589I566-0_0_3_24_32_31_30_30-72-208.jpg	皖AD08766
06281130268199234-84_233-161I532_591I666-534I607_161I666_207I582_591I532-0_0_3_1_26_32_33_29-120-192.jpg	皖ADB2895
06300407088122606-90_247-93I464_614I574-612I574_132I567_93I464_614I470-0_0_3_32_24_32_33_26-98-62.jpg	皖AD80892
06361350574712643-92_243-100I523_606I638-606I638_142I622_100I523_606I542-0_0_3_33_32_31_25_32-185-90.jpg	皖AD98718
06381824712643679-93_233-127I515_616I634-616I634_172I590_127I515_599I549-10_2_3_24_26_24_26_24-65-62.jpg	苏CD02020
06449832375478927-91_253-135I544_658I657-648I657_158I634_135I544_658I563-10_2_3_24_24_33_33_28-82-327.jpg	苏CD00994
06612068965517241-91_256-105I494_636I608-613I608_126I595_105I494_636I511-10_2_3_24_32_31_33_27-152-176.jpg	苏CD08793
06819444444444445-93_241-120I468_611I595-611I595_158I553_120I468_607I499-0_0_3_24_29_32_30_33-100-35.jpg	皖AD05869
0683919270833-107_111-113I441_443I650-443I650_126I541_113I441_437I544-0_0_3_26_24_33_27_33-62-63.jpg	皖AD20939
06861829501915709-92_241-69I480_590I600-590I600_115I582_69I480_586I506-0_0_3_1_25_24_25_29-134-31.jpg	皖ADB1015
06923371647509578-109_282-122I174_400I401-385I401_122I282_134I174_400I279-0_0_3_1_26_30_32_30-105-167.jpg	皖ADB2686
06949869791666667-79_269-246I421_612I612-612I539_268I612_246I496_590I421-10_0_3_24_24_27_27_25-201-618.jpg	苏AD00331
06952227011494252-91_245-77I485_630I600-617I600_117I588_77I485_630I500-0_0_3_29_30_30_30_29-68-189.jpg	皖AD56665
07325191570881226-93_247-91I473_623I599-617I599_123I571_91I473_623I505-0_0_3_27_25_24_30_25-85-117.jpg	皖AD31061
07376436781609196-89_253-29I554_633I666-609I654_57I666_29I569_633I554-0_0_3_29_26_29_32_32-189-207.jpg	皖AD52588
074033203125-101_90-176I421_575I608-575I608_198I526_176I421_575I501-1_0_5_24_33_33_29_25-155-158.jpg	沪AF09951
0742947048611-108_235-175I342_509I566-509I566_201I437_175I342_500I462-0_0_3_24_32_31_32_25-60-118.jpg	皖AD08781
07646267361111111-94_254-163I425_609I598-609I598_185I543_163I425_609I461-19_1_3_29_24_28_33_30-187-40.jpg	粤BD50496
07884765625-74_250-192I422_559I639-532I514_192I639_198I539_559I422-0_0_3_26_30_27_33_33-117-28.jpg	皖AD26399
0790451388889-83_116-115I419_579I590-546I525_115I590_130I481_579I419-1_0_3_30_27_31_29_31-98-114.jpg	沪AD63757
07928639846743295-90_263-96I526_569I679-569I679_110I670_96I531_559I526-0_0_3_27_29_30_25_32-87-521.jpg	皖AD35618
08285807291666666-94_246-76I396_610I552-610I552_115I517_76I396_599I436-0_0_3_24_26_29_27_33-86-386.jpg	皖AD02539
0944270833333-104_125-138I424_582I639-582I639_191I531_138I424_537I505-1_0_5_6_31_25_32_33-139-732.jpg	沪AFG7189
0975651041667-96_248-51I425_559I619-559I619_81I541_51I425_554I490-0_0_3_25_25_32_25_29-93-631.jpg	皖AD11815
10178125-88_94-190I474_406I558-404I549_190I558_193I474_406I485-0_0_3_24_27_24_26_26-166-133.jpg	皖AD03022
10196875-91_92-224I457_476I536-473I536_228I527_224I457_476I459-0_0_3_26_30_30_26_33-109-180.jpg	皖AD26629
1026432291666666666-90_98-221I437_511I529-501I529_221I525_233I437_511I450-0_0_3_17_25_25_32_27-151-9.jpg	皖ADT1183
1033187934027777775-90_90-200I420_573I509-573I509_226I509_200I422_573I420-0_0_3_26_33_25_26_27-114-270.jpg	皖AD29123
103466796875-91_103-199I428_554I527-554I527_233I516_199I431_535I428-1_0_5_30_32_33_31_25-104-458.jpg	沪AF68971
15604166666666666-89_266-75I479_717I701-704I668_91I701_75I501_717I479-23_7_5_25_25_25_25_25-229-688.jpg	贵HF11111
30020030381944444444-90_90-256I494_327I523-327I523_256I523_258I494_327I494-1_0_5_29_25_33_32_24-75-7.jpg	沪AF51980
3006380208333333333-92_95-266I485_406I531-406I531_268I525_266I485_404I485-0_0_3_25_25_25_31_26-133-30.jpg	皖AD11172
3007185329861111111-92_95-304I483_458I530-453I530_310I525_304I483_458I485-0_0_3_17_24_33_33_33-123-41.jpg	皖ADT0999
3007373046875-90_92-252I432_403I481-402I481_254I481_252I432_403I435-0_0_3_24_33_32_27_28-122-47.jpg	皖AD09834
3009966362847222222-91_95-335I407_502I467-498I467_335I462_344I407_502I422-1_0_5_30_32_33_31_25-104-40.jpg	沪AF68971
3010409071180555556-89_269-199I503_380I561-380I561_200I557_199I508_380I503-0_0_3_25_26_27_33_32-88-46.jpg	皖AD12398
3011442057291666667-91_95-286I506_471I569-471I569_291I562_286I506_468I516-0_0_5_25_25_31_31_31-163-52.jpg	皖AF11777
301181640625-89_99-235I507_433I567-433I561_235I567_235I509_425I507-0_0_3_24_32_31_30_30-94-64.jpg	皖AD08766
3012245008680555556-89_93-282I454_467I520-466I516_282I520_282I454_467I460-0_0_3_26_24_26_29_27-112-46.jpg	皖AD20253
3012513020833333333-93_95-273I500_459I567-459I567_281I554_273I500_458I508-0_0_3_24_26_31_32_30-94-68.jpg	皖AD02786
301267578125-87_98-276I502_474I566-470I555_283I566_276I506_474I502-0_0_3_25_30_30_24_33-75-10.jpg	皖AD16609
3013051215277777778-91_92-275I523_469I590-467I590_279I585_275I523_469I536-0_0_3_24_31_28_33_24-156-19.jpg	皖AD07490
3013253038194444445-89_94-255I499_452I566-452I560_255I566_261I499_448I503-10_2_3_24_24_33_30_29-199-123.jpg	苏CD00965
301328125-90_90-276I490_480I555-480I553_286I555_276I493_480I490-1_0_3_30_24_31_31_30-165-32.jpg	沪AD60776
30133984375-88_90-235I528_431I597-431I588_236I597_235I541_430I528-10_0_3_24_32_24_27_30-182-127.jpg	苏AD08036
3013467881944444444-88_90-240I483_454I547-454I538_256I547_240I492_454I483-10_1_3_24_27_30_31_30-200-250.jpg	苏BD03676
3014075520833333334-87_100-236I476_424I551-418I538_236I551_250I477_424I476-0_0_3_24_24_25_32_32-70-28.jpg	皖AD00188
3014097222222222223-87_94-267I455_470I525-470I511_281I525_267I467_464I455-10_2_3_24_33_30_27_24-119-296.jpg	苏CD09630
3014127604166666667-90_95-259I477_469I544-465I542_262I544_259I477_469I483-0_0_3_24_32_31_32_24-67-24.jpg	皖AD08780
3014461805555555556-88_91-221I476_417I550-417I539_222I550_221I476_415I478-10_2_3_24_26_31_33_24-180-217.jpg	苏CD02790
3014468315972222222-89_92-232I477_458I541-458I536_232I541_232I479_456I477-10_2_3_24_26_26_25_27-118-54.jpg	苏CD02213
3014609375-92_267-271I477_475I549-471I549_271I542_271I477_475I488-0_0_3_26_30_30_26_33-117-17.jpg	皖AD26629
301530490451388889-90_98-268I433_485I504-485I504_272I501_268I433_477I434-0_0_3_24_28_30_30_25-95-54.jpg	皖AD04661
3015397135416666667-89_90-237I489_452I561-452I554_237I561_241I503_451I489-0_0_3_24_30_32_30_31-63-27.jpg	皖AD06867
30157421875-90_94-225I428_459I496-459I496_239I496_225I428_455I428-11_4_3_24_27_30_30_33-68-60.jpg	浙ED03669
3016178385416666666-92_89-293I466_506I542-505I542_293I530_295I466_506I477-1_0_5_4_26_24_30_24-116-47.jpg	沪AFE2060
301621636284722222-90_92-263I410_508I477-506I477_270I477_263I413_508I410-0_0_3_27_32_30_24_32-105-73.jpg	皖AD38608
3016375868055555555-107_113-223I459_377I566-377I566_223I514_223I459_369I476-10_0_3_24_32_26_32_32-124-21.jpg	苏AD08288
3016433376736111113-92_266-213I517_446I588-437I588_215I583_213I517_446I528-10_0_3_27_27_27_30_26-107-93.jpg	苏AD33362
3017118055555555556-90_108-213I476_485I539-485I539_240I535_213I476_467I476-10_2_3_24_29_27_33_27-121-364.jpg	苏CD05393
3017157118055555556-90_266-313I485_549I559-549I559_317I559_313I485_543I486-1_0_5_30_27_30_27_31-157-102.jpg	沪AF63637
301756076388888889-89_93-239I458_477I532-475I525_239I532_239I469_477I458-0_0_3_24_24_25_27_30-131-242.jpg	皖AD00136
3018247612847222223-90_93-198I472_449I546-446I546_198I542_202I472_449I481-0_0_3_24_33_33_33_25-80-31.jpg	皖AD09991
3018310546875-87_97-236I457_461I539-457I526_236I539_239I470_461I457-0_0_3_27_29_32_32_32-145-91.jpg	皖AD35888
3018333333333333333-90_90-274I493_538I563-538I563_274I563_274I497_520I493-10_0_3_24_24_27_27_25-164-94.jpg	苏AD00331
301837673611111111-89_104-270I430_502I509-487I505_270I509_280I430_502I433-0_0_3_24_33_29_32_29-116-88.jpg	皖AD09585
3018389756944444443-93_100-273I446_496I529-496I529_279I515_273I446_488I448-0_0_3_24_33_30_32_31-82-101.jpg	皖AD09687
3018472222222222223-93_102-248I481_472I564-472I564_264I550_248I481_462I488-0_0_3_28_33_33_33_32-161-94.jpg	皖AD49998
3018663194444444444-94_89-248I477_463I564-460I564_248I548_254I477_463I482-0_0_5_24_24_26_24_26-89-35.jpg	皖AF00202
3018873697916666668-95_97-259I424_482I509-482I509_272I488_259I424_480I436-10_1_5_24_25_32_24_24-130-163.jpg	苏BF01800
3018912760416666667-89_96-219I455_468I531-468I526_223I531_219I455_461I455-0_0_3_27_28_29_29_25-122-52.jpg	皖AD34551
3018912760416666667-90_97-271I448_520I525-513I525_277I523_271I448_520I456-1_0_5_30_32_33_31_25-144-13.jpg	沪AF68971
3019129774305555555-97_104-260I461_465I555-465I555_263I526_260I461_457I483-0_0_3_24_30_31_33_24-124-209.jpg	皖AD06790
3019748263888888888-92_100-232I430_492I506-492I506_254I494_232I430_484I439-10_2_3_24_24_29_28_28-132-134.jpg	苏CD00544
3019881727430555555-90_91-206I480_457I560-457I555_206I560_214I480_456I488-11_0_5_24_30_32_31_31-108-99.jpg	浙AF06877
3020052083333333335-90_93-230I509_494I586-491I585_231I586_230I509_494I512-10_2_3_24_24_29_28_28-97-95.jpg	苏CD00544
3020203993055555557-88_101-267I503_512I586-503I573_268I586_267I518_512I503-0_0_3_24_33_24_30_27-82-25.jpg	皖AD09063
3020286458333333333-92_101-233I479_479I562-479I562_247I549_233I479_469I490-0_0_3_24_26_29_27_33-113-76.jpg	皖AD02539
3020401475694444445-87_89-275I431_513I517-513I501_282I517_275I431_511I433-0_0_3_24_26_28_25_26-132-19.jpg	皖AD02412
30205078125-90_91-198I479_450I561-450I560_204I561_198I479_449I481-0_0_3_17_24_33_28_27-186-79.jpg	皖ADT0943
3020914713541666668-89_94-252I455_509I537-506I529_259I537_252I457_509I455-0_0_3_24_33_29_32_27-151-204.jpg	皖AD09583
3021087239583333334-88_256-263I494_500I584-480I564_263I584_277I505_500I494-0_0_3_24_28_29_30_30-102-274.jpg	皖AD04566
3021158854166666668-91_91-228I493_488I575-486I575_228I569_229I493_488I499-0_0_3_24_30_25_27_24-144-113.jpg	皖AD06130
302160590277777778-91_94-224I435_486I518-486I518_230I511_224I435_483I444-0_0_3_24_31_25_27_25-108-88.jpg	皖AD07131
302249565972222222-92_97-239I492_523I572-523I572_263I559_239I492_517I496-0_0_3_25_24_25_32_32-107-91.jpg	皖AD10188
30226953125-91_93-220I478_472I569-467I569_220I561_226I478_472I490-1_0_5_4_26_24_30_24-116-73.jpg	沪AFE2060
302276041666666667-93_264-259I456_487I557-487I557_263I544_259I456_487I470-1_0_5_33_33_28_24_28-102-54.jpg	沪AF99404
302294487847222222-85_270-251I480_469I586-469I553_257I586_251I501_458I480-10_0_3_25_26_25_25_25-54-35.jpg	苏AD12111
3023059895833333333-90_97-209I438_485I523-485I523_231I518_209I441_476I438-0_0_3_25_24_26_24_32-174-218.jpg	皖AD10208
3023426649305555554-90_98-190I450_444I543-434I543_190I540_191I450_444I459-1_0_5_6_30_24_25_30-180-202.jpg	沪AFG6016
30237890625-87_88-197I472_449I567-449I553_201I567_197I472_448I477-10_2_3_24_31_33_26_24-192-75.jpg	苏CD07920
302390625-92_101-234I458_506I547-506I547_254I534_234I458_495I464-19_1_3_27_25_31_31_31-95-306.jpg	粤BD31777
302398220486111111-94_107-218I466_475I560-475I560_235I538_218I466_458I479-10_0_5_24_31_25_24_26-109-90.jpg	苏AF07102
3024131944444444445-90_251-203I514_481I601-481I601_225I590_203I517_463I514-0_0_3_24_25_24_25_28-105-63.jpg	皖AD01014
3024375-90_95-213I514_501I599-495I599_224I595_213I523_501I514-0_0_3_24_33_32_25_27-147-91.jpg	皖AD09813
302448025173611111-89_93-230I473_523I558-521I551_238I558_230I480_523I473-0_0_3_25_26_27_33_32-134-174.jpg	皖AD12398
302470703125-97_101-204I472_457I571-457I571_218I538_204I472_453I496-10_2_3_24_26_24_26_27-153-91.jpg	苏CD02023
3024739583333333332-90_90-215I496_500I584-500I582_221I584_215I496_500I501-10_2_3_24_33_30_32_31-114-507.jpg	苏CD09687
3025086805555555557-90_91-245I423_534I511-534I511_251I506_245I423_533I426-0_0_3_24_24_32_29_30-80-71.jpg	皖AD00856
302513671875-90_93-210I416_496I505-493I501_214I505_210I418_496I416-0_0_3_24_28_25_32_31-137-398.jpg	皖AD04187
3025173611111111112-90_267-203I457_493I544-488I541_207I544_203I457_493I461-0_0_3_24_31_25_32_24-135-43.jpg	皖AD07180
3025338541666666665-90_94-130I415_408I507-403I507_130I507_131I415_408I416-0_0_3_28_27_30_33_33-199-226.jpg	皖AD43699
3025640190972222223-89_91-203I493_481I586-481I578_203I586_206I494_479I493-0_0_3_25_24_26_24_32-215-179.jpg	皖AD10208
30259765625-90_106-172I472_438I571-416I571_172I571_191I472_438I485-0_0_5_24_30_29_32_30-105-10.jpg	皖AF06586
302606770833333333-90_104-252I436_516I536-498I536_252I534_264I436_516I451-0_0_3_24_24_31_24_32-34-28.jpg	皖AD00708
3026302083333333334-82_90-251I427_491I538-491I501_251I538_266I461_491I427-1_0_3_24_31_26_26_29-68-121.jpg	沪AD07225
3026630859375-90_96-200I424_503I513-496I513_206I508_200I424_503I432-0_0_3_24_27_26_33_24-95-64.jpg	皖AD03290
302673611111111111-90_260-179I497_499I582-495I581_179I582_191I501_499I497-1_0_5_29_24_26_26_33-164-221.jpg	沪AF50229
3026904296875-90_92-193I456_478I551-476I550_193I551_204I459_478I456-10_2_3_24_33_31_30_27-127-36.jpg	苏CD09763
302692816840277778-92_91-209I467_508I558-504I558_209I546_213I467_508I472-0_0_5_25_32_24_24_32-120-158.jpg	皖AF18008
3027296006944444444-90_264-203I459_534I542-534I540_210I542_203I464_532I459-0_0_3_26_27_33_32_33-174-107.jpg	皖AD23989
302734375-92_96-266I468_566I560-566I560_276I544_266I470_561I468-0_0_3_24_27_30_24_30-93-80.jpg	皖AD03606
302734375-96_251-237I467_477I582-475I582_253I548_237I467_477I497-1_0_5_30_27_30_27_31-169-165.jpg	沪AF63637
3027509765625-92_105-190I464_503I552-503I552_226I537_190I464_485I466-1_0_3_32_26_33_31_32-110-221.jpg	沪AD82978
302761935763888889-89_95-203I461_489I559-484I551_210I559_203I468_489I461-0_0_3_24_32_30_25_31-138-98.jpg	皖AD08617
302769097222222222-90_92-207I494_497I590-495I586_207I590_209I494_497I495-10_0_3_24_32_26_32_32-132-190.jpg	苏AD08288
3027743055555555556-91_96-250I428_522I531-522I531_276I523_250I436_514I428-0_0_3_24_30_25_29_25-117-18.jpg	皖AD06151
3027890625-90_93-203I413_509I505-506I505_214I503_203I418_509I413-1_0_3_32_27_31_33_30-115-134.jpg	沪AD83796
3028207465277777777-88_91-262I458_530I564-530I553_270I564_262I478_526I458-0_0_3_26_24_33_24_33-181-139.jpg	皖AD20909
3028802083333333332-90_264-200I462_516I554-516I554_208I550_200I462_508I465-0_0_5_25_24_24_24_30-111-162.jpg	皖AF10006
3029164496527777778-91_92-226I482_528I580-524I580_228I569_226I482_528I493-0_0_3_27_30_24_29_32-158-42.jpg	皖AD36058
3029264322916666665-92_262-190I461_500I557-494I557_198I557_190I461_500I473-10_0_3_27_29_24_31_29-183-76.jpg	苏AD35075
3029340277777777778-86_96-188I474_448I588-448I569_195I588_188I481_434I474-0_0_3_24_26_31_31_25-160-67.jpg	皖AD02771
30298828125-91_91-228I461_568I550-566I550_235I542_228I461_568I461-10_0_3_27_33_29_33_25-102-139.jpg	苏AD39591
3030323350694444445-86_131-170I495_484I593-434I569_170I593_226I511_484I495-11_0_5_30_30_31_33_24-118-59.jpg	浙AF66790
3030491536458333333-89_94-200I439_523I535-520I524_207I535_200I449_523I439-0_0_3_27_29_30_25_32-135-251.jpg	皖AD35618
3030555555555555555-98_251-257I471_513I592-513I592_270I550_257I471_507I511-0_0_3_25_32_32_33_32-137-112.jpg	皖AD18898
3030859375-90_94-203I485_519I584-514I578_216I584_203I491_519I485-0_0_3_25_25_25_31_26-70-93.jpg	皖AD11172
3031470269097222225-89_93-217I439_516I546-516I538_217I546_219I454_511I439-0_0_3_24_32_32_31_33-167-262.jpg	皖AD08879
30319140625-91_94-123I433_465I527-465I527_154I520_123I433_462I437-0_0_3_24_26_29_26_32-117-12.jpg	皖AD02528
303201171875-90_92-199I482_497I590-495I588_200I590_199I482_497I497-11_1_3_24_30_24_30_24-115-150.jpg	浙BD06060
3032243923611111114-91_97-178I430_501I530-501I530_203I522_178I430_493I439-0_0_3_24_26_31_31_29-100-45.jpg	皖AD02775
3032348090277777776-79_110-273I471_530I598-521I541_273I598_274I515_530I471-0_0_3_26_31_33_29_32-96-205.jpg	皖AD27958
303274305555555555-89_106-191I462_559I552-540I544_192I552_191I469_559I462-10_2_3_24_26_24_25_24-179-207.jpg	苏CD02010
3032842881944444444-90_94-214I468_536I571-531I566_214I571_216I468_536I470-10_2_3_24_33_24_27_29-147-259.jpg	苏CD09035
303296440972222222-96_100-219I383_529I490-529I490_233I455_219I383_524I402-0_0_3_25_33_29_29_29-127-130.jpg	皖AD19555
303364583333333333-88_97-210I411_533I516-526I504_212I516_210I411_533I411-15_1_3_24_24_25_24_33-186-205.jpg	鲁BD00109
3033772786458333336-102_106-213I438_462I575-462I575_223I518_213I438_457I482-11_1_5_25_24_24_24_30-145-287.jpg	浙BF10006
3034340277777777775-89_96-230I445_574I546-574I536_234I546_230I445_566I453-10_0_3_24_32_26_32_32-136-32.jpg	苏AD08288
303508029513888889-84_110-120I433_425I549-408I511_120I549_122I472_425I433-1_0_5_4_26_24_30_24-99-92.jpg	沪AFE2060
3036429036458333335-90_102-195I466_556I567-538I567_195I563_204I466_556I470-0_0_3_24_31_25_32_24-139-156.jpg	皖AD07180
303681640625-88_99-165I453_542I551-534I536_184I551_165I467_542I453-0_0_3_24_30_27_30_32-69-315.jpg	皖AD06368
3037261284722222225-92_91-188I449_528I560-524I560_188I544_188I449_528I456-0_0_3_25_24_25_24_24-148-116.jpg	皖AD10100
3037705078125-91_102-158I491_587I580-572I580_174I569_158I491_587I504-10_2_3_24_30_31_30_30-91-256.jpg	苏CD06766
3037734375-89_116-169I472_547I573-508I564_169I573_215I474_547I472-19_1_5_24_33_30_24_31-73-162.jpg	粤BF09607
3038138020833333335-90_97-182I477_530I587-520I583_182I587_187I477_530I491-11_4_3_24_27_30_30_33-89-25.jpg	浙ED03669
303830078125-84_113-177I478_495I599-473I560_177I599_187I499_495I478-11_1_5_24_32_26_32_32-138-280.jpg	浙BF08288
30386328125-90_99-187I446_574I547-560I544_190I547_187I446_574I447-0_0_3_28_28_33_31_33-105-134.jpg	皖AD44979
3038736979166666664-89_92-192I378_532I493-531I483_201I493_192I378_532I387-17_9_5_25_25_25_25_24-147-265.jpg	鄂KF11110
303923394097222222-91_114-213I410_571I520-571I520_244I512_213I410_533I419-19_1_5_24_33_30_24_31-81-41.jpg	粤BF09607
303934027777777778-90_259-165I479_577I575-570I574_182I575_165I479_577I481-10_0_3_24_26_31_30_24-57-92.jpg	苏AD02760
303986111111111111-94_109-177I409_505I531-505I531_209I505_177I409_477I411-11_1_5_25_24_24_24_30-138-477.jpg	浙BF10006
303989583333333333-89_92-138I409_521I514-520I505_142I514_138I411_521I409-0_0_3_24_25_24_30_29-85-133.jpg	皖AD01065
3040225694444444446-95_99-140I434_471I557-471I557_161I523_140I434_465I455-0_0_5_24_30_29_25_32-201-258.jpg	皖AF06518
3041245659722222223-89_256-139I474_581I569-573I558_159I569_139I485_581I474-10_0_3_27_24_24_32_24-76-609.jpg	苏AD30080
304142795138888889-96_90-163I467_495I593-495I593_182I557_163I467_495I501-0_0_5_25_32_32_32_30-109-219.jpg	皖AF18886
3041805555555555554-92_90-147I486_491I609-488I609_157I595_147I486_491I491-11_1_5_25_24_24_24_30-73-87.jpg	浙BF10006
304181098090277778-91_93-207I420_548I543-548I543_219I537_207I426_546I420-0_0_3_24_25_33_30_26-65-71.jpg	皖AD01962
304210069444444445-90_253-175I413_575I519-575I519_201I513_175I414_575I413-0_0_3_24_30_29_33_30-88-238.jpg	皖AD06596
30422265625-90_250-132I489_555I589-555I589_162I583_132I489_537I495-0_0_5_24_24_25_29_24-191-74.jpg	皖AF00150
3042493489583333335-90_96-197I428_563I546-563I542_204I546_197I434_553I428-10_2_3_24_27_26_31_29-208-339.jpg	苏CD03275
3042496744791666666-90_92-182I476_555I590-555I590_191I584_182I476_552I480-10_0_3_27_33_29_33_25-87-175.jpg	苏AD39591
3043671875-94_90-207I465_551I593-551I593_221I563_207I465_551I476-1_0_5_30_29_33_26_33-92-273.jpg	沪AF65929
3043863932291666664-90_92-173I461_558I576-556I575_173I576_178I468_558I461-1_0_3_30_24_29_32_26-95-187.jpg	沪AD60582
30440625-92_99-169I431_545I549-545I549_201I529_169I431_535I447-11_1_5_25_24_24_24_30-176-483.jpg	浙BF10006
304479709201388889-95_97-185I436_544I562-544I562_213I529_185I436_541I453-0_0_3_24_33_30_30_31-62-619.jpg	皖AD09667
30451171875-90_93-144I450_529I569-529I566_165I569_144I466_524I450-0_0_3_26_25_33_33_27-101-47.jpg	皖AD21993
304513888888888889-92_90-123I457_539I566-537I566_139I551_123I457_539I466-0_0_3_24_33_33_32_32-91-170.jpg	皖AD09988
3045151909722222223-92_92-145I438_549I551-543I551_165I536_145I438_549I448-0_0_5_24_24_31_24_24-99-328.jpg	皖AF00700
304716796875-98_101-210I418_532I565-532I565_226I514_210I418_528I461-0_0_3_24_27_26_28_32-180-175.jpg	皖AD03248
304765625-91_264-166I441_532I572-520I567_166I572_176I441_532I451-19_1_5_29_32_29_29_31-121-216.jpg	粤BF58557
3048053385416666664-95_108-169I461_532I595-532I595_201I558_169I461_512I492-0_0_3_24_30_25_29_25-134-101.jpg	皖AD06151
304942708333333334-90_100-168I439_606I553-590I553_186I550_168I439_606I447-0_1_5_25_24_24_24_30-99-459.jpg	皖BF10006
305049262152777778-89_102-118I432_557I548-540I537_133I548_118I444_557I432-0_0_3_24_32_29_30_25-88-198.jpg	皖AD08561
3050555555555555555-95_105-154I442_518I582-518I582_173I543_154I442_500I468-0_0_3_24_31_27_26_32-97-194.jpg	皖AD07328
3051215277777777776-91_107-131I434_603I543-603I543_147I535_131I434_577I444-19_1_5_30_30_28_28_29-121-336.jpg	粤BF66445
305205078125-90_92-202I462_612I590-612I590_209I585_202I462_610I471-10_2_3_24_30_33_24_31-184-31.jpg	苏CD06907
305347222222222222-89_260-163I448_603I571-603I569_181I571_163I464_597I448-1_0_5_2_25_26_30_25-96-249.jpg	沪AFC1261
305374565972222222-90_93-167I426_594I553-594I553_176I553_167I433_589I426-10_2_3_24_32_25_30_24-138-43.jpg	苏CD08160
305408203125-81_111-147I415_498I571-480I511_147I571_155I470_498I415-11_1_5_24_32_26_32_32-174-291.jpg	浙BF08288
305434353298611111-100_250-213I419_532I590-532I590_229I522_213I419_526I484-0_0_3_26_24_33_27_33-52-22.jpg	皖AD20939
30564453125-90_100-111I459_621I571-606I571_131I564_111I459_621I470-10_2_3_24_24_28_33_31-94-375.jpg	苏CD00497
3058125-90_92-141I431_573I566-569I566_141I564_143I431_573I433-0_0_3_24_31_27_26_32-87-270.jpg	皖AD07328
306124131944444444-78_90-266I386_598I572-598I495_274I572_266I442_598I386-10_0_3_29_26_27_29_26-178-45.jpg	苏AD52352
306592881944444444-89_90-128I459_562I612-562I599_154I612_128I459_562I467-10_2_3_24_31_26_30_29-224-116.jpg	苏CD07265
306678385416666667-94_101-119I448_565I599-539I599_124I562_119I448_565I488-11_1_5_25_24_24_24_30-100-287.jpg	浙BF10006
306914930555555555-91_99-50I437_619I560-619I560_133I547_50I446_605I437-0_0_3_27_30_30_30_30-123-1680.jpg	皖AD36666
306966145833333333-97_111-134I424_562I588-562I588_179I535_134I424_532I453-0_0_3_24_32_32_32_33-88-258.jpg	皖AD08889
308069444444444444-91_94-8I424_589I564-578I564_27I553_8I431_589I424-0_0_3_24_32_25_32_25-100-241.jpg	皖AD08181
308081814236111111-112_123-247I423_581I667-581I667_283I534_247I423_559I534-0_0_3_24_30_32_33_33-91-587.jpg	皖AD06899
30872265625-89_94-97I385_619I553-613I541_114I553_97I392_619I385-0_0_3_24_31_27_26_32-79-335.jpg	皖AD07328
308836588541666666-89_95-42I462_596I623-588I608_50I623_42I472_596I462-1_0_3_30_25_32_24_29-180-379.jpg	沪AD61805
308883680555555555-90_94-30I414_718I544-710I544_56I539_30I418_718I414-0_0_3_24_27_32_31_31-111-267.jpg	皖AD03877
308906467013888889-83_87-144I403_595I602-595I537_159I602_144I445_587I403-0_0_3_24_29_29_26_32-69-202.jpg	皖AD05528
311819444444444445-91_268-95I431_687I632-662I632_96I584_95I431_687I453-1_0_3_33_33_24_24_32-132-531.jpg	沪AD99008
