SCENE LOAD det cpu ok=1;id=0;cached=1;name=models/y5fu_320x_head_fp32.ms;backend=CPU;requested=cpu;fallbackFrom=;attemptLog=CPU(ok);inputName=input;outputName=948;inputShape=[1,320,320,3];outputShape=[1,45,40,40];inputFormat=NHWC;outputFormat=NCHW;inputElems=307200;outputElems=72000;error=
SCENE LOAD det nnrt ok=1;id=3;cached=1;name=models/y5fu_320x_head_fp32.ms;backend=NNRT:NPU_ohos.boot.hardware.kirin8020_v2_0;requested=nnrt;fallbackFrom=;attemptLog=NNRT:NPU_ohos.boot.hardware.kirin8020_v2_0(ok);inputName=input;outputName=948;inputShape=[1,320,320,3];outputShape=[1,45,40,40];inputFormat=NHWC;outputFormat=NCHW;inputElems=307200;outputElems=72000;error=
SCENE file=00341954022988-90_90-371&464_490&503-480&505_373&499_375&462_482&468-12_13_31_2_26_25_26-125-12.jpg gt=京P7C212 code_cpu=京P7C212 code_np=京P7C212 agree=1 ok_cpu=1 ok_np=1 none_cpu=0 none_np=0
SCENE file=00389727011495-91_98-334&386_467&428-469&439_328&435_331&390_472&394-11_1_1_29_9_30_26-124-7.jpg gt=浙BB5K62 code_cpu=浙BB5K62 code_np=浙BB5K62 agree=1 ok_cpu=1 ok_np=1 none_cpu=0 none_np=0
SCENE file=004061302682-91_88-242&482_365&525-355&527_249&526_248&490_354&491-0_0_0_32_4_31_31-183-8.jpg gt=皖AA8E77 code_cpu=皖AA8E77 code_np=皖AA8E77 agree=1 ok_cpu=1 ok_np=1 none_cpu=0 none_np=0
SCENE file=00462284482759-90_88-306&439_439&490-430&484_310&485_310&444_430&443-1_1_13_3_33_27_31-106-14.jpg gt=沪BPD937 code_cpu=沪BP0937 code_np=沪BP0937 agree=1 ok_cpu=0 ok_np=0 none_cpu=0 none_np=0
SCENE file=0048275862069-89_89-203&376_326&423-324&424_204&426_204&384_324&382-13_0_31_24_24_4_29-109-15.jpg gt=闽A700E5 code_cpu=闽A700E5 code_np=闽A700E5 agree=1 ok_cpu=1 ok_np=1 none_cpu=0 none_np=0
SCENE file=00523227969348-89_89-332&444_466&487-455&487_336&496_338&451_457&442-18_0_29_25_1_26_29-148-19.jpg gt=湘A51B25 code_cpu=湘A51B25 code_np=湘A51B25 agree=1 ok_cpu=1 ok_np=1 none_cpu=0 none_np=0
SCENE file=00536039272031-90_85-271&624_406&677-407&677_281&683_274&637_400&631-15_8_18_22_29_25_31-162-17.jpg gt=鲁JUY517 code_cpu=鲁JUY517 code_np=鲁JUY517 agree=1 ok_cpu=1 ok_np=1 none_cpu=0 none_np=0
SCENE file=00536877394636-90_91-242&415_396&480-388&470_242&470_243&417_389&417-11_0_6_29_29_31_0-183-12.jpg gt=浙AG557A code_cpu=浙AG557A code_np=浙AG557A agree=1 ok_cpu=1 ok_np=1 none_cpu=0 none_np=0
SCENE file=00544181034483-90_92-347&545_474&593-466&604_359&599_365&543_472&548-16_15_33_30_1_27_33-132-11.jpg gt=豫R96B39 code_cpu=豫R96B39 code_np=豫R96B39 agree=1 ok_cpu=1 ok_np=1 none_cpu=0 none_np=0
SCENE file=00556034482759-90_84-316&488_462&534-453&536_323&537_323&492_453&491-12_14_8_24_16_25_26-87-22.jpg gt=京QJ0S12 code_cpu=京QJ0S12 code_np=京QJ0S12 agree=1 ok_cpu=1 ok_np=1 none_cpu=0 none_np=0
SCENE file=00590517241379-90_90-310&531_461&583-462&581_311&581_312&530_463&530-19_1_31_30_29_27_20-184-7.jpg gt=粤B7653W code_cpu=粤B7653W code_np=粤B7653W agree=1 ok_cpu=1 ok_np=1 none_cpu=0 none_np=0
SCENE file=00618534482759-89_88-334&521_476&571-471&570_334&574_335&526_472&522-10_8_1_26_25_25_7-135-6.jpg gt=苏JB211H code_cpu=苏JB211H code_np=苏JB211H agree=1 ok_cpu=1 ok_np=1 none_cpu=0 none_np=0
SCENE file=00619612068966-89_90-368&485_498&529-502&527_377&535_375&492_500&484-12_12_3_7_33_30_32-102-20.jpg gt=京NDH968 code_cpu=京NDH968 code_np=京NDH968 agree=1 ok_cpu=1 ok_np=1 none_cpu=0 none_np=0
SCENE file=00684865900383-91_88-260&541_401&590-404&594_263&589_259&540_400&545-15_6_3_27_0_25_26-91-10.jpg gt=鲁GD3A12 code_cpu=鲁GD3A12 code_np=鲁GD3A12 agree=1 ok_cpu=1 ok_np=1 none_cpu=0 none_np=0
SCENE file=00687260536398-90_90-282&368_439&433-438&429_295&422_297&374_440&381-1_0_32_26_32_8_32-95-12.jpg gt=沪A828J8 code_cpu=沪A828J8 code_np=沪A828J8 agree=1 ok_cpu=1 ok_np=1 none_cpu=0 none_np=0
SCENE file=00727011494253-89_91-186&463_334&518-339&518_186&522_185&471_338&467-12_9_12_33_26_27_29-127-19.jpg gt=京KN9235 code_cpu=京KN9235 code_np=京KN9235 agree=1 ok_cpu=1 ok_np=1 none_cpu=0 none_np=0
SCENE file=00736230842912-90_87-223&524_387&583-375&574_229&573_230&522_376&523-12_9_25_25_32_24_25-110-18.jpg gt=京K11801 code_cpu=京K11801 code_np=京K11801 agree=1 ok_cpu=1 ok_np=1 none_cpu=0 none_np=0
SCENE file=00744252873564-90_93-292&501_447&556-449&550_287&548_291&490_453&492-19_16_9_5_32_30_30-139-14.jpg gt=粤SKF866 code_cpu=粤SKF866 code_np=粤SKF866 agree=1 ok_cpu=1 ok_np=1 none_cpu=0 none_np=0
SCENE file=00749281609195-90_87-295&550_464&619-467&615_299&614_304&559_472&560-12_8_1_33_33_24_29-56-16.jpg gt=京JB9905 code_cpu=京JB9905 code_np=京JB9905 agree=1 ok_cpu=1 ok_np=1 none_cpu=0 none_np=0
SCENE file=00751077586207-90_87-247&484_419&538-415&535_253&532_250&478_412&481-15_15_0_31_31_29_19-129-14.jpg gt=鲁RA775V code_cpu=鲁RA775V code_np=鲁RA775V agree=1 ok_cpu=1 ok_np=1 none_cpu=0 none_np=0
SCENE file=00756824712643-89_89-415&335_569&394-567&385_418&386_417&335_566&334-5_0_16_17_29_28_30-157-20.jpg gt=晋AST546 code_cpu=晋AST546 code_np=晋AST546 agree=1 ok_cpu=1 ok_np=1 none_cpu=0 none_np=0
SCENE file=00757183908046-95_84-232&517_372&572-377&581_232&568_234&516_379&529-10_2_29_29_4_31_29-157-20.jpg gt=苏C55E75 code_cpu=苏C55E75 code_np=苏C55E75 agree=1 ok_cpu=1 ok_np=1 none_cpu=0 none_np=0
SCENE file=00771072796935-89_89-263&319_415&378-413&383_267&381_264&328_410&330-19_0_24_6_10_25_26-94-11.jpg gt=粤A0GL12 code_cpu=粤A0GL12 code_np=粤A0GL12 agree=1 ok_cpu=1 ok_np=1 none_cpu=0 none_np=0
SCENE file=00772270114943-90_93-270&510_431&564-434&562_273&568_274&513_435&507-1_2_8_11_31_27_29-111-12.jpg gt=沪CJM735 code_cpu=沪CJM735 code_np=沪CJM735 agree=1 ok_cpu=1 ok_np=1 none_cpu=0 none_np=0
SCENE file=00774425287357-90_88-277&460_449&517-446&513_283&515_284&459_447&457-14_0_25_24_27_18_31-122-14.jpg gt=赣A103U7 code_cpu=赣A103U7 code_np=赣A103U7 agree=1 ok_cpu=1 ok_np=1 none_cpu=0 none_np=0
SCENE file=00778256704981-91_85-273&441_419&514-431&512_280&515_269&446_420&443-17_5_11_9_29_26_25-105-14.jpg gt=鄂FMK521 code_cpu=鄂FMK521 code_np=鄂FMK521 agree=1 ok_cpu=1 ok_np=1 none_cpu=0 none_np=0
SCENE file=00784482758621-90_83-290&472_468&538-477&547_285&539_285&480_477&488-4_5_1_9_29_30_26-102-19.jpg gt=冀FBK562 code_cpu=冀FBK562 code_np=冀FBK562 agree=1 ok_cpu=1 ok_np=1 none_cpu=0 none_np=0
SCENE file=00790229885057-90_93-277&492_454&553-448&557_270&563_282&502_460&496-11_6_31_32_4_33_27-124-12.jpg gt=浙G78E93 code_cpu=浙G78E93 code_np=浙G78E93 agree=1 ok_cpu=1 ok_np=1 none_cpu=0 none_np=0
SCENE file=00798012452107-90_90-313&506_482&563-484&563_318&554_321&498_487&507-4_7_20_8_33_33_25-91-13.jpg gt=冀HWJ991 code_cpu=冀HWJ991 code_np=冀HWJ991 agree=1 ok_cpu=1 ok_np=1 none_cpu=0 none_np=0
SCENE file=00799568965517-95_83-292&483_433&553-432&547_295&527_301&479_438&499-15_1_30_30_31_6_1-110-10.jpg gt=鲁B667GB code_cpu=鲁B667GB code_np=鲁B667GB agree=1 ok_cpu=1 ok_np=1 none_cpu=0 none_np=0
SCENE file=00810344827586-90_89-295&470_448&529-447&528_301&526_302&476_448&478-13_7_6_33_32_26_31-140-42.jpg gt=闽HG9827 code_cpu=闽HG9827 code_np=闽HG9827 agree=1 ok_cpu=1 ok_np=1 none_cpu=0 none_np=0
SCENE file=0082183908046-90_85-355&507_536&560-527&562_353&563_353&506_527&505-1_2_24_2_3_25_32-84-9.jpg gt=沪C0CD18 code_cpu=沪C0CD18 code_np=沪C0CD18 agree=1 ok_cpu=1 ok_np=1 none_cpu=0 none_np=0
SCENE file=0082183908046-90_90-238&378_407&440-408&438_249&438_251&382_410&382-11_0_5_33_14_27_29-161-25.jpg gt=浙AF9Q35 code_cpu=浙AF9Q35 code_np=浙AF9Q35 agree=1 ok_cpu=1 ok_np=1 none_cpu=0 none_np=0
SCENE file=00823754789272-90_87-340&571_519&640-518&631_355&636_357&583_520&578-1_8_24_30_29_32_33-37-22.jpg gt=沪J06589 code_cpu=沪J06589 code_np=沪J06589 agree=1 ok_cpu=1 ok_np=1 none_cpu=0 none_np=0
SCENE file=00835129310345-89_91-355&313_531&366-534&379_354&375_355&315_535&319-1_2_33_5_9_29_29-140-7.jpg gt=沪C9FK55 code_cpu=沪C9FK55 code_np=沪C9FK55 agree=1 ok_cpu=1 ok_np=1 none_cpu=0 none_np=0
SCENE file=00849736590038-89_91-257&488_440&542-450&546_265&552_263&489_448&483-16_10_21_24_26_26_24-135-38.jpg gt=豫LX0220 code_cpu=豫LX0220 code_np=豫LX0220 agree=1 ok_cpu=1 ok_np=1 none_cpu=0 none_np=0
SCENE file=00855363984674-90_86-266&504_451&581-458&580_277&575_256&504_437&509-18_0_27_25_27_30_10-79-10.jpg gt=湘A3136L code_cpu=湘A3136L code_np=湘A3136L agree=1 ok_cpu=1 ok_np=1 none_cpu=0 none_np=0
SCENE file=00856681034483-90_85-264&522_443&580-441&581_276&580_269&524_434&525-16_15_10_24_29_29_24-80-23.jpg gt=豫RL0550 code_cpu=豫RL0550 code_np=豫RL0550 agree=1 ok_cpu=1 ok_np=1 none_cpu=0 none_np=0
SCENE file=00858716475096-90_90-288&465_463&522-469&522_296&526_296&463_469&459-14_1_30_1_27_30_30-148-48.jpg gt=赣B6B366 code_cpu=赣B6B366 code_np=赣B6B366 agree=1 ok_cpu=1 ok_np=1 none_cpu=0 none_np=0
SCENE file=00859195402298-90_90-275&492_451&548-450&549_271&545_272&485_451&489-12_12_33_32_29_19_32-101-67.jpg gt=京N985V8 code_cpu=京N985V8 code_np=京N985V8 agree=1 ok_cpu=1 ok_np=1 none_cpu=0 none_np=0
SCENE file=0086099137931-93_76-261&544_413&610-416&622_264&609_254&549_406&562-17_4_23_24_31_29_12-134-43.jpg gt=鄂EZ075N code_cpu=鄂EZ075N code_np=鄂EZ075N agree=1 ok_cpu=1 ok_np=1 none_cpu=0 none_np=0
SCENE file=00877873563219-91_88-263&299_447&361-435&371_262&363_264&303_437&311-12_10_15_24_24_25_26-104-32.jpg gt=京LR0012 code_cpu=京LR0012 code_np=京LR0012 agree=1 ok_cpu=1 ok_np=1 none_cpu=0 none_np=0
SCENE file=00885057471264-90_84-230&421_413&481-412&479_233&475_226&414_405&418-13_0_25_33_33_1_8-123-31.jpg gt=闽A199BJ code_cpu=闽A199BJ code_np=闽A199BJ agree=1 ok_cpu=1 ok_np=1 none_cpu=0 none_np=0
SCENE file=00903496168583-89_88-296&523_461&579-461&582_299&584_296&526_458&524-10_11_30_16_25_24_25-145-12.jpg gt=苏M6S101 code_cpu=苏M6S101 code_np=苏M6S101 agree=1 ok_cpu=1 ok_np=1 none_cpu=0 none_np=0
SCENE file=0090936302682-91_86-219&383_394&441-390&445_220&437_218&379_388&387-13_3_25_32_31_10_27-123-27.jpg gt=闽D187L3 code_cpu=闽D187L3 code_np=闽D187L3 agree=1 ok_cpu=1 ok_np=1 none_cpu=0 none_np=0
SCENE file=00909961685824-90_86-281&461_441&523-445&526_284&512_275&451_436&465-19_0_6_32_4_25_33-135-29.jpg gt=粤AG8E19 code_cpu=粤AG8E19 code_np=粤AG8E19 agree=1 ok_cpu=1 ok_np=1 none_cpu=0 none_np=0
SCENE file=00915948275862-89_89-221&514_384&584-386&580_222&579_217&520_381&521-14_0_33_2_24_32_27-140-20.jpg gt=赣A9C083 code_cpu=赣A9C083 code_np=赣A9C083 agree=1 ok_cpu=1 ok_np=1 none_cpu=0 none_np=0
SCENE file=00918103448276-95_87-250&447_408&514-404&519_259&509_263&450_408&460-10_0_30_26_30_22_33-128-20.jpg gt=苏A626Y9 code_cpu=苏A626Y9 code_np=苏A626Y9 agree=1 ok_cpu=1 ok_np=1 none_cpu=0 none_np=0
SCENE file=00919540229885-88_82-288&566_465&634-477&626_302&635_280&578_455&569-22_0_4_21_32_31_33-75-10.jpg gt=川AEX879 code_cpu=川AEX879 code_np=川AEX879 agree=1 ok_cpu=1 ok_np=1 none_cpu=0 none_np=0
SCENE file=00919540229885-90_90-311&421_498&483-499&485_302&487_302&419_499&417-10_0_4_33_32_9_30-131-12.jpg gt=苏AE98K6 code_cpu=苏AE98K6 code_np=苏AE98K6 agree=1 ok_cpu=1 ok_np=1 none_cpu=0 none_np=0
SCENE file=00927921455938-91_91-288&505_463&577-456&574_289&571_289&510_456&513-14_11_26_26_28_32_31-99-15.jpg gt=赣M22487 code_cpu=赣M22487 code_np=赣M22487 agree=1 ok_cpu=1 ok_np=1 none_cpu=0 none_np=0
SCENE file=00931034482759-89_88-272&464_464&550-482&545_268&548_267&480_481&477-5_4_20_13_25_33_33-139-29.jpg gt=晋EWP199 code_cpu=晋EWP199 code_np=晋EWP199 agree=1 ok_cpu=1 ok_np=1 none_cpu=0 none_np=0
SCENE file=00934985632184-96_81-256&505_406&586-405&580_258&556_260&504_407&528-16_0_25_24_6_6_24-90-16.jpg gt=豫A10GG0 code_cpu=豫A10GG0 code_np=豫A10GG0 agree=1 ok_cpu=1 ok_np=1 none_cpu=0 none_np=0
SCENE file=00940134099617-90_85-267&509_438&580-432&577_271&565_274&509_435&521-15_14_4_30_12_31_33-123-6.jpg gt=鲁QE6N79 code_cpu=鲁QE6N79 code_np=鲁QE6N79 agree=1 ok_cpu=1 ok_np=1 none_cpu=0 none_np=0
SCENE file=00940373563219-89_91-241&506_408&570-401&564_247&571_249&517_403&510-15_7_24_27_32_7_23-113-44.jpg gt=鲁H038HZ code_cpu=鲁H038HZ code_np=鲁H038HZ agree=1 ok_cpu=1 ok_np=1 none_cpu=0 none_np=0
SCENE file=00950431034483-91_91-309&449_491&499-488&503_314&504_317&444_491&443-13_1_11_20_32_31_30-139-15.jpg gt=闽BMW876 code_cpu=闽BMW876 code_np=闽BMW876 agree=1 ok_cpu=1 ok_np=1 none_cpu=0 none_np=0
SCENE file=00952586206897-90_94-290&527_471&583-466&588_288&589_303&528_481&527-17_5_12_30_3_27_30-129-11.jpg gt=鄂FN6D36 code_cpu=鄂FN6D36 code_np=鄂FN6D36 agree=1 ok_cpu=1 ok_np=1 none_cpu=0 none_np=0
SCENE file=00954022988505-90_86-129&417_311&474-322&486_134&480_131&419_319&425-19_22_26_25_29_5_32-113-8.jpg gt=粤Y215F8 code_cpu=粤Y215F8 code_np=粤Y215F8 agree=1 ok_cpu=1 ok_np=1 none_cpu=0 none_np=0
SCENE file=00962164750958-90_87-229&463_409&521-412&525_236&524_239&464_415&465-30_0_11_6_24_25_24-127-53.jpg gt=新AMG010 code_cpu=新AMG010 code_np=新AMG010 agree=1 ok_cpu=1 ok_np=1 none_cpu=0 none_np=0
SCENE file=00964798850574-91_89-324&491_498&557-492&555_334&547_338&493_496&501-1_0_18_3_31_29_26-184-26.jpg gt=沪AUD752 code_cpu=沪AUD752 code_np=沪AUD752 agree=1 ok_cpu=1 ok_np=1 none_cpu=0 none_np=0
SCENE file=00969348659004-90_90-259&489_449&552-464&553_258&555_258&485_464&483-3_5_1_5_27_31_31-110-10.jpg gt=渝FBF377 code_cpu=渝FBF377 code_np=渝FBF377 agree=1 ok_cpu=1 ok_np=1 none_cpu=0 none_np=0
SCENE file=00973898467433-89_85-242&408_427&474-430&475_257&472_246&410_419&413-16_0_25_9_23_32_26-180-28.jpg gt=豫A1KZ82 code_cpu=豫A1KZ82 code_np=豫A1KZ82 agree=1 ok_cpu=1 ok_np=1 none_cpu=0 none_np=0
SCENE file=00973898467433-91_90-260&488_445&556-447&573_253&563_257&496_451&506-10_4_29_15_24_24_8-155-21.jpg gt=苏E5R00J code_cpu=苏E5R00J code_np=苏E5R00J agree=1 ok_cpu=1 ok_np=1 none_cpu=0 none_np=0
SCENE file=00979765325671-91_81-336&518_520&588-521&591_341&577_331&516_511&530-13_0_24_33_30_29_18-41-44.jpg gt=闽A0965U code_cpu=闽A0965U code_np=闽A0965U agree=1 ok_cpu=1 ok_np=1 none_cpu=0 none_np=0
SCENE file=0098275862069-92_88-301&462_462&533-460&537_302&516_312&463_470&484-4_0_5_8_29_31_29-147-12.jpg gt=冀AFJ575 code_cpu=冀AFJ575 code_np=冀AFJ575 agree=1 ok_cpu=1 ok_np=1 none_cpu=0 none_np=0
SCENE file=00984794061303-90_90-225&462_431&526-437&517_237&519_242&454_442&452-13_0_8_25_32_29_20-121-22.jpg gt=闽AJ185W code_cpu=闽AJ185W code_np=闽AJ185W agree=1 ok_cpu=1 ok_np=1 none_cpu=0 none_np=0
SCENE file=00985153256705-90_84-302&438_506&491-519&503_309&502_297&437_507&438-0_0_23_33_33_30_23-171-24.jpg gt=皖AZ996Z code_cpu=皖AZ996Z code_np=皖AZ996Z agree=1 ok_cpu=1 ok_np=1 none_cpu=0 none_np=0
SCENE file=0099377394636-90_91-268&595_442&663-449&658_270&658_271&598_450&598-11_2_26_9_21_24_24-126-32.jpg gt=浙C2KX00 code_cpu=浙C2KX00 code_np=浙C2KX00 agree=1 ok_cpu=1 ok_np=1 none_cpu=0 none_np=0
SCENE file=00994252873564-90_88-220&423_414&484-413&484_218&478_218&416_413&422-12_12_25_8_30_26_30-105-31.jpg gt=京N1J626 code_cpu=京N1J626 code_np=京N1J626 agree=1 ok_cpu=1 ok_np=1 none_cpu=0 none_np=0
SCENE file=0099533045977-90_88-277&596_456&666-451&657_284&662_284&601_451&596-11_0_8_33_24_24_13-186-14.jpg gt=浙AJ900P code_cpu=浙AJ900P code_np=浙AJ900P agree=1 ok_cpu=1 ok_np=1 none_cpu=0 none_np=0
SCENE file=0099533045977-91_85-309&484_485&543-484&540_317&531_319&476_486&485-0_0_22_29_17_32_27-159-16.jpg gt=皖AY5T83 code_cpu=皖AY5T83 code_np=皖AY5T83 agree=1 ok_cpu=1 ok_np=1 none_cpu=0 none_np=0
SCENE file=0100730363985-90_90-187&461_385&525-391&518_187&524_186&457_390&451-0_0_8_8_30_32_31-127-34.jpg gt=皖AJJ687 code_cpu=皖AJJ687 code_np=皖AJJ687 agree=1 ok_cpu=1 ok_np=1 none_cpu=0 none_np=0
SCENE file=0100754310345-91_93-306&522_522&585-514&583_314&587_313&519_513&515-4_3_19_10_31_25_32-109-7.jpg gt=冀DVL718 code_cpu=冀DVL718 code_np=冀DVL718 agree=1 ok_cpu=1 ok_np=1 none_cpu=0 none_np=0
SCENE file=0100790229885-89_92-316&460_482&525-489&515_333&532_331&466_487&449-1_0_1_0_26_30_32-145-38.jpg gt=沪ABA268 code_cpu=沪ABA268 code_np=沪ABA268 agree=1 ok_cpu=1 ok_np=1 none_cpu=0 none_np=0
SCENE file=0101293103448-90_88-286&484_475&542-471&544_283&539_284&474_472&479-17_11_32_33_1_33_30-143-21.jpg gt=鄂M89B96 code_cpu=鄂M89B96 code_np=鄂M89B96 agree=1 ok_cpu=1 ok_np=1 none_cpu=0 none_np=0
SCENE file=0101293103448-90_89-244&461_440&520-446&525_239&522_241&454_448&457-12_4_17_24_31_31_31-165-21.jpg gt=京ET0777 code_cpu=京ET0777 code_np=京ET0777 agree=1 ok_cpu=1 ok_np=1 none_cpu=0 none_np=0
SCENE file=0102083333333-90_90-231&387_434&461-417&456_230&459_235&394_422&391-13_0_25_31_33_3_14-117-31.jpg gt=闽A179DQ code_cpu=闽A179DQ code_np=闽A179DQ agree=1 ok_cpu=1 ok_np=1 none_cpu=0 none_np=0
SCENE file=0102801724138-91_92-221&588_402&655-392&657_226&649_235&591_401&599-3_5_11_18_25_32_29-127-27.jpg gt=渝FMU185 code_cpu=渝FMU185 code_np=渝FMU185 agree=1 ok_cpu=1 ok_np=1 none_cpu=0 none_np=0
SCENE file=0102801724138-92_87-246&561_421&631-418&631_252&621_253&567_419&577-13_2_6_13_26_27_29-33-22.jpg gt=闽CGP235 code_cpu=闽CGP235 code_np=闽CGP235 agree=1 ok_cpu=1 ok_np=1 none_cpu=0 none_np=0
SCENE file=0103352490421-90_87-246&436_439&497-433&497_250&503_250&433_433&427-18_0_29_25_1_26_29-122-30.jpg gt=湘A51B25 code_cpu=湘A51B25 code_np=湘A51B25 agree=1 ok_cpu=1 ok_np=1 none_cpu=0 none_np=0
SCENE file=0103436302682-91_89-385&315_580&383-562&388_390&379_396&316_568&325-16_9_21_26_27_26_26-163-34.jpg gt=豫KX2322 code_cpu=豫KX2322 code_np=豫KX2322 agree=1 ok_cpu=1 ok_np=1 none_cpu=0 none_np=0
SCENE file=0103807471264-90_91-299&468_474&529-474&531_304&528_306&469_476&472-19_19_18_30_26_30_32-149-40.jpg gt=粤VU6268 code_cpu=粤VU6268 code_np=粤VU6268 agree=1 ok_cpu=1 ok_np=1 none_cpu=0 none_np=0
SCENE file=0104046934866-90_89-319&505_516&570-523&570_320&568_321&500_524&502-4_5_25_10_17_31_26-86-23.jpg gt=冀F1LT72 code_cpu=冀F1LT72 code_np=冀F1LT72 agree=1 ok_cpu=1 ok_np=1 none_cpu=0 none_np=0
SCENE file=0104166666667-90_78-229&484_427&559-448&560_246&560_215&482_417&482-13_4_27_28_30_33_12-102-29.jpg gt=闽E3469N code_cpu=闽E3469N code_np=闽E3469N agree=1 ok_cpu=1 ok_np=1 none_cpu=0 none_np=0
SCENE file=0104166666667-90_92-223&549_412&616-417&609_231&615_237&557_423&551-19_16_31_7_13_33_25-118-26.jpg gt=粤S7HP91 code_cpu=粤S7HP91 code_np=粤S7HP91 agree=1 ok_cpu=1 ok_np=1 none_cpu=0 none_np=0
SCENE file=0104418103448-90_92-280&505_467&574-467&568_288&570_289&509_468&507-14_4_17_32_29_31_24-125-38.jpg gt=赣ET8570 code_cpu=赣ET8570 code_np=赣ET8570 agree=1 ok_cpu=1 ok_np=1 none_cpu=0 none_np=0
SCENE file=0104597701149-88_94-322&321_496&400-502&378_332&400_329&333_499&311-7_2_0_2_29_25_26-170-16.jpg gt=辽CAC512 code_cpu=辽CAC512 code_np=辽CAC512 agree=1 ok_cpu=1 ok_np=1 none_cpu=0 none_np=0
SCENE file=010470545977-90_89-231&571_401&629-410&632_237&641_238&574_411&565-17_0_16_21_33_26_31-73-15.jpg gt=鄂ASX927 code_cpu=鄂ASX927 code_np=鄂ASX927 agree=1 ok_cpu=1 ok_np=1 none_cpu=0 none_np=0
SCENE file=0105100574713-92_77-282&486_453&565-456&572_297&561_267&493_426&504-4_0_0_11_31_33_25-136-27.jpg gt=冀AAM791 code_cpu=蒙AAM791 code_np=黑AM791 agree=0 ok_cpu=0 ok_np=0 none_cpu=0 none_np=0
SCENE file=0105603448276-90_83-236&483_445&551-431&552_247&538_250&481_434&495-15_1_24_20_26_25_19-76-9.jpg gt=鲁B0W21V code_cpu=鲁B0W21V code_np=鲁B0W21V agree=1 ok_cpu=1 ok_np=1 none_cpu=0 none_np=0
SCENE file=0105842911877-91_87-262&530_445&602-448&597_273&588_270&531_445&540-10_4_24_22_25_24_0-152-13.jpg gt=苏E0Y10A code_cpu=苏E0Y10A code_np=苏E0Y10A agree=1 ok_cpu=1 ok_np=1 none_cpu=0 none_np=0
SCENE file=0106465517241-93_86-263&442_436&515-430&518_266&505_271&443_435&456-5_4_22_22_28_27_29-102-13.jpg gt=晋EYY435 code_cpu=晋EYY435 code_np=晋EYY435 agree=1 ok_cpu=1 ok_np=1 none_cpu=0 none_np=0
SCENE file=0106776819923-89_99-346&482_539&554-535&541_342&557_353&494_546&478-1_2_28_33_27_24_31-139-24.jpg gt=沪C49307 code_cpu=沪C49307 code_np=沪C49307 agree=1 ok_cpu=1 ok_np=1 none_cpu=0 none_np=0
SCENE file=0106848659004-90_80-224&567_440&625-448&626_236&626_213&555_425&555-0_0_26_2_32_30_27-157-24.jpg gt=皖A2C863 code_cpu=皖A2C863 code_np=皖A2C863 agree=1 ok_cpu=1 ok_np=1 none_cpu=0 none_np=0
SCENE file=0106896551724-90_86-190&547_386&618-387&614_192&616_188&552_383&550-0_0_6_30_2_31_32-141-23.jpg gt=皖AG6C78 code_cpu=皖AG6C78 code_np=皖AG6C78 agree=1 ok_cpu=1 ok_np=1 none_cpu=0 none_np=0
SCENE file=0107363505747-90_95-310&544_536&607-538&618_301&609_296&535_533&544-0_0_15_15_33_24_30-148-30.jpg gt=皖ARR906 code_cpu=皖ARR906 code_np=皖ARR906 agree=1 ok_cpu=1 ok_np=1 none_cpu=0 none_np=0
SCENE file=0107471264368-90_88-290&541_485&606-482&602_297&607_298&548_483&543-4_0_27_30_32_11_14-78-32.jpg gt=冀A368MQ code_cpu=冀A368MQ code_np=冀A368MQ agree=1 ok_cpu=1 ok_np=1 none_cpu=0 none_np=0
SCENE file=0107483237548-90_87-217&462_449&524-429&521_232&523_235&457_432&455-14_7_27_25_27_26_33-91-24.jpg gt=赣H31329 code_cpu=赣H31329 code_np=赣H31329 agree=1 ok_cpu=1 ok_np=1 none_cpu=0 none_np=0
SCENE file=0108081896552-88_95-226&540_422&613-426&601_227&616_223&554_422&539-4_15_26_25_31_30_10-81-23.jpg gt=冀R2176L code_cpu=冀R2176L code_np=冀R2176L agree=1 ok_cpu=1 ok_np=1 none_cpu=0 none_np=0
SCENE file=0108536877395-90_86-265&483_484&548-475&552_269&544_271&476_477&484-13_2_30_26_27_30_9-114-16.jpg gt=闽C6236K code_cpu=桂C6236K code_np=桂C6236K agree=1 ok_cpu=0 ok_np=0 none_cpu=0 none_np=0
SCENE file=0108955938697-90_91-271&435_472&505-470&506_283&499_287&439_474&446-10_8_2_24_8_25_25-50-5.jpg gt=苏JC0J11 code_cpu=苏JC0J11 code_np=苏JC0J11 agree=1 ok_cpu=1 ok_np=1 none_cpu=0 none_np=0
SCENE file=0109027777778-91_88-230&513_402&586-404&582_233&571_235&515_406&526-16_0_28_20_29_30_13-115-20.jpg gt=豫A4W56P code_cpu=豫A4W56P code_np=豫A4W56P agree=1 ok_cpu=1 ok_np=1 none_cpu=0 none_np=0
SCENE file=0109554597701-90_89-260&525_464&585-469&586_262&584_262&515_469&517-11_8_33_24_33_14_25-199-14.jpg gt=浙J909Q1 code_cpu=浙J909Q1 code_np=浙J909Q1 agree=1 ok_cpu=1 ok_np=1 none_cpu=0 none_np=0
SCENE file=0109554597701-90_89-278&413_475&485-478&481_284&480_287&417_481&418-17_5_30_32_3_25_31-136-26.jpg gt=鄂F68D17 code_cpu=鄂F68D17 code_np=鄂F68D17 agree=1 ok_cpu=1 ok_np=1 none_cpu=0 none_np=0
SCENE file=0109877873563-92_87-187&514_362&585-363&585_188&581_191&517_366&521-3_5_32_0_29_29_27-141-62.jpg gt=渝F8A553 code_cpu=渝F8A553 code_np=渝F8A553 agree=1 ok_cpu=1 ok_np=1 none_cpu=0 none_np=0
SCENE file=0109913793103-90_92-275&524_475&586-479&583_276&587_289&518_492&514-26_6_1_25_25_29_29-119-13.jpg gt=陕GB1155 code_cpu=陕GB1155 code_np=陕GB1155 agree=1 ok_cpu=1 ok_np=1 none_cpu=0 none_np=0
SCENE file=0110296934866-90_90-199&428_406&501-409&490_211&494_205&432_403&428-16_12_32_19_26_32_25-190-20.jpg gt=豫N8V281 code_cpu=豫N8V281 code_np=豫N8V281 agree=1 ok_cpu=1 ok_np=1 none_cpu=0 none_np=0
SCENE file=0110560344828-91_88-227&539_427&608-426&613_225&599_229&532_430&546-13_1_11_20_32_31_30-62-9.jpg gt=闽BMW876 code_cpu=闽BMW876 code_np=闽BMW876 agree=1 ok_cpu=1 ok_np=1 none_cpu=0 none_np=0
SCENE file=0111350574712-86_91-216&543_382&624-386&607_224&619_223&558_385&546-14_4_17_32_29_31_24-44-21.jpg gt=赣ET8570 code_cpu=赣ET8570 code_np=赣ET8570 agree=1 ok_cpu=1 ok_np=1 none_cpu=0 none_np=0
SCENE file=0111613984674-90_91-246&425_423&491-426&489_249&492_251&423_428&420-18_0_2_33_26_12_26-110-48.jpg gt=湘AC92N2 code_cpu=湘AC92N2 code_np=湘AC92N2 agree=1 ok_cpu=1 ok_np=1 none_cpu=0 none_np=0
SCENE file=0111853448276-89_80-88&654_281&724-290&720_108&715_88&648_270&653-13_4_26_25_29_33_12-77-20.jpg gt=闽E2159N code_cpu=闽E2159N code_np=闽E2159N agree=1 ok_cpu=1 ok_np=1 none_cpu=0 none_np=0
SCENE file=0111973180076-91_87-303&484_484&554-482&557_302&546_307&485_487&496-17_0_33_31_3_6_30-66-35.jpg gt=鄂A97DG6 code_cpu=鄂A97DG6 code_np=鄂A97DG6 agree=1 ok_cpu=1 ok_np=1 none_cpu=0 none_np=0
SCENE file=01125-90_87-244&484_431&554-426&551_253&545_256&485_429&491-10_0_5_32_27_25_3-162-34.jpg gt=苏AF831D code_cpu=苏AF831D code_np=苏AF831D agree=1 ok_cpu=1 ok_np=1 none_cpu=0 none_np=0
SCENE file=01125-90_92-288&509_483&579-495&574_286&579_287&509_496&504-19_5_18_12_27_24_33-101-20.jpg gt=粤FUN309 code_cpu=粤FUN309 code_np=粤FUN309 agree=1 ok_cpu=1 ok_np=1 none_cpu=0 none_np=0
SCENE file=0113230363985-90_78-183&424_392&504-393&504_186&496_173&426_380&434-16_0_30_27_24_24_4-79-33.jpg gt=豫A6300E code_cpu=豫A6300E code_np=豫A6300E agree=1 ok_cpu=1 ok_np=1 none_cpu=0 none_np=0
SCENE file=0113230363985-90_87-224&540_440&602-433&605_223&598_220&530_430&537-12_13_9_29_0_32_33-116-20.jpg gt=京PK5A89 code_cpu=京PK5A89 code_np=京PK5A89 agree=1 ok_cpu=1 ok_np=1 none_cpu=0 none_np=0
SCENE file=0113290229885-94_90-263&486_436&550-433&552_273&538_277&485_437&499-14_4_30_10_30_27_25-103-49.jpg gt=赣E6L631 code_cpu=赣E6L631 code_np=赣E6L631 agree=1 ok_cpu=1 ok_np=1 none_cpu=0 none_np=0
SCENE file=0113314176245-90_88-234&494_421&564-422&565_242&567_241&495_421&493-1_2_30_23_6_33_24-98-27.jpg gt=沪C6ZG90 code_cpu=沪C6ZG90 code_np=沪C6ZG90 agree=1 ok_cpu=1 ok_np=1 none_cpu=0 none_np=0
SCENE file=0113936781609-90_84-234&419_441&484-454&497_238&492_225&412_441&417-0_0_0_24_0_25_24-138-16.jpg gt=皖AA0A10 code_cpu=皖AA0A10 code_np=皖AA0A10 agree=1 ok_cpu=1 ok_np=1 none_cpu=0 none_np=0
SCENE file=0114439655172-94_85-147&423_346&490-334&494_151&474_150&414_333&434-19_1_32_24_22_26_30-104-14.jpg gt=粤B80Y26 code_cpu=粤B80Y26 code_np=粤B80Y26 agree=1 ok_cpu=1 ok_np=1 none_cpu=0 none_np=0
SCENE file=0114583333333-89_93-260&457_454&524-463&522_278&529_278&465_463&458-4_0_20_29_7_30_29-117-5.jpg gt=冀AW5H65 code_cpu=冀AW5H65 code_np=冀AW5H65 agree=1 ok_cpu=1 ok_np=1 none_cpu=0 none_np=0
SCENE file=0114762931034-90_86-225&400_445&455-452&460_229&460_224&396_447&396-24_0_33_30_30_16_7-111-17.jpg gt=云A966SH code_cpu=云A966SH code_np=云A966SH agree=1 ok_cpu=1 ok_np=1 none_cpu=0 none_np=0
SCENE file=0114990421455-90_82-272&503_490&557-493&559_282&558_274&492_485&493-10_3_30_33_7_30_24-163-38.jpg gt=苏D69H60 code_cpu=苏D69H60 code_np=苏D69H60 agree=1 ok_cpu=1 ok_np=1 none_cpu=0 none_np=0
SCENE file=0115325670498-90_87-216&451_395&520-392&520_217&516_220&453_395&457-14_2_33_25_6_29_32-172-22.jpg gt=赣C91G58 code_cpu=赣C91G58 code_np=赣C91G58 agree=1 ok_cpu=1 ok_np=1 none_cpu=0 none_np=0
SCENE file=0115900383142-88_88-302&442_498&503-498&499_300&502_299&437_497&434-13_3_17_27_25_33_22-157-34.jpg gt=闽DT319Y code_cpu=闽DT319Y code_np=闽DT319Y agree=1 ok_cpu=1 ok_np=1 none_cpu=0 none_np=0
SCENE file=0115900383142-89_87-327&511_508&576-516&576_330&578_325&515_511&513-10_3_18_27_27_26_17-144-42.jpg gt=苏DU332T code_cpu=苏DU332T code_np=苏DU332T agree=1 ok_cpu=1 ok_np=1 none_cpu=0 none_np=0
SCENE file=0116127873564-90_92-324&547_513&614-513&611_332&608_338&551_519&554-16_0_30_2_26_30_12-88-22.jpg gt=豫A6C26N code_cpu=豫A6C26N code_np=豫A6C26N agree=1 ok_cpu=1 ok_np=1 none_cpu=0 none_np=0
SCENE file=0116247605364-84_96-227&418_381&499-390&482_239&504_234&424_385&402-15_14_32_17_19_24_27-90-11.jpg gt=鲁Q8TV03 code_cpu=鲁Q8TV03 code_np=鲁Q8TV03 agree=1 ok_cpu=1 ok_np=1 none_cpu=0 none_np=0
SCENE file=0116427203065-92_86-188&508_391&580-397&582_184&576_182&510_395&516-1_2_31_24_3_16_32-142-14.jpg gt=沪C70DS8 code_cpu=沪C70DS8 code_np=沪C70DS8 agree=1 ok_cpu=1 ok_np=1 none_cpu=0 none_np=0
SCENE file=0116630747126-90_91-236&404_433&474-437&474_238&470_234&406_433&410-19_13_20_23_32_30_30-106-25.jpg gt=粤PWZ866 code_cpu=粤PWZ866 code_np=粤PWZ866 agree=1 ok_cpu=1 ok_np=1 none_cpu=0 none_np=0
SCENE file=0116702586207-90_88-236&513_431&593-445&591_238&583_224&512_431&520-15_11_1_33_24_32_29-189-14.jpg gt=鲁MB9085 code_cpu=鲁MB9085 code_np=鲁MB9085 agree=1 ok_cpu=1 ok_np=1 none_cpu=0 none_np=0
SCENE file=0116762452107-90_78-210&555_418&628-425&634_215&627_193&549_403&556-17_9_2_0_29_30_32-137-17.jpg gt=鄂KCA568 code_cpu=鄂KCA568 code_np=鄂KCA568 agree=1 ok_cpu=1 ok_np=1 none_cpu=0 none_np=0
SCENE file=011724137931-90_91-216&520_432&583-440&582_223&582_227&509_444&509-19_1_19_27_1_28_26-125-18.jpg gt=粤BV3B42 code_cpu=粤BV3B42 code_np=粤BV3B42 agree=1 ok_cpu=1 ok_np=1 none_cpu=0 none_np=0
SCENE file=0117337164751-90_86-249&440_447&509-461&515_245&512_240&434_456&437-17_0_24_8_26_25_25-154-32.jpg gt=鄂A0J211 code_cpu=鄂A0J211 code_np=鄂A0J211 agree=1 ok_cpu=1 ok_np=1 none_cpu=0 none_np=0
SCENE file=0117588601533-92_87-408&424_589&498-592&484_412&499_408&437_588&422-10_0_24_30_11_23_24-87-16.jpg gt=苏A06MZ0 code_cpu=苏A06MZ0 code_np=苏A06MZ0 agree=1 ok_cpu=1 ok_np=1 none_cpu=0 none_np=0
SCENE file=0118318965517-90_87-413&313_612&381-606&384_415&381_417&318_608&321-17_0_26_26_5_32_6-120-33.jpg gt=鄂A22F8G code_cpu=鄂A22F8G code_np=鄂A22F8G agree=1 ok_cpu=1 ok_np=1 none_cpu=0 none_np=0
SCENE file=0118426724138-90_89-160&520_347&594-333&599_178&589_180&520_335&530-7_0_32_22_12_33_33-78-27.jpg gt=辽A8YN99 code_cpu=辽A8YN99 code_np=辽A8YN99 agree=1 ok_cpu=1 ok_np=1 none_cpu=0 none_np=0
SCENE file=0118678160919-90_91-282&523_476&586-483&587_280&588_285&516_488&515-17_0_16_29_14_25_24-157-26.jpg gt=鄂AS5Q10 code_cpu=鄂AS5Q10 code_np=鄂AS5Q10 agree=1 ok_cpu=1 ok_np=1 none_cpu=0 none_np=0
SCENE file=011875-87_89-280&454_469&531-467&517_290&527_283&466_460&456-4_1_16_31_25_32_6-103-26.jpg gt=冀BS718G code_cpu=冀BS718G code_np=冀BS718G agree=1 ok_cpu=1 ok_np=1 none_cpu=0 none_np=0
SCENE file=011875-91_91-259&482_479&550-467&538_274&564_278&498_471&472-22_0_6_30_33_1_33-136-19.jpg gt=川AG69B9 code_cpu=川AG69B9 code_np=川AG69B9 agree=1 ok_cpu=1 ok_np=1 none_cpu=0 none_np=0
SCENE file=0119049329502-90_87-261&543_444&618-454&614_266&633_266&556_454&537-17_0_18_24_20_31_33-175-23.jpg gt=鄂AU0W79 code_cpu=鄂AU0W79 code_np=鄂AU0W79 agree=1 ok_cpu=1 ok_np=1 none_cpu=0 none_np=0
SCENE file=0119193007662-91_86-131&443_328&506-335&505_138&499_135&437_332&443-14_6_27_6_27_31_25-54-28.jpg gt=赣G3G371 code_cpu=赣G3G371 code_np=赣G3G371 agree=1 ok_cpu=1 ok_np=1 none_cpu=0 none_np=0
SCENE file=0119432471264-90_89-246&572_435&646-437&637_256&641_255&576_436&572-13_3_6_24_32_30_12-97-36.jpg gt=闽DG086N code_cpu=闽DG086N code_np=闽DG086N agree=1 ok_cpu=1 ok_np=1 none_cpu=0 none_np=0
SCENE file=0120114942529-90_87-228&603_420&676-430&681_233&680_238&603_435&604-12_12_32_26_32_12_26-138-41.jpg gt=京N828N2 code_cpu=京N828N2 code_np=京N828N2 agree=1 ok_cpu=1 ok_np=1 none_cpu=0 none_np=0
SCENE file=0120569923372-90_82-90&633_290&713-303&723_85&706_70&626_288&643-10_0_16_30_33_18_27-72-15.jpg gt=苏AS69U3 code_cpu=苏AS69U3 code_np=苏AS69U3 agree=1 ok_cpu=1 ok_np=1 none_cpu=0 none_np=0
SCENE file=0120689655172-90_85-293&536_498&609-484&600_296&605_296&530_484&525-14_4_25_27_5_27_31-121-45.jpg gt=赣E13F37 code_cpu=赣E13F37 code_np=赣E13F37 agree=1 ok_cpu=1 ok_np=1 none_cpu=0 none_np=0
SCENE file=0120905172414-90_87-259&532_467&590-483&598_258&596_242&523_467&525-12_12_3_27_24_32_25-127-36.jpg gt=京ND3081 code_cpu=京ND3081 code_np=京ND3081 agree=1 ok_cpu=1 ok_np=1 none_cpu=0 none_np=0
SCENE file=0121360153257-90_81-135&461_332&528-332&529_139&526_123&458_316&461-12_13_0_32_23_25_32-118-46.jpg gt=京PA8Z18 code_cpu=京PA8Z18 code_np=京PA8Z18 agree=1 ok_cpu=1 ok_np=1 none_cpu=0 none_np=0
SCENE file=0121827107279-89_88-254&479_457&539-457&541_250&539_243&468_450&470-16_16_3_5_32_33_24-164-16.jpg gt=豫SDF890 code_cpu=豫SDF890 code_np=豫SDF890 agree=1 ok_cpu=1 ok_np=1 none_cpu=0 none_np=0
SCENE file=0122030651341-92_84-171&506_377&572-376&585_178&575_175&514_373&524-12_12_1_33_30_14_30-141-23.jpg gt=京NB96Q6 code_cpu=京NB96Q6 code_np=京NB96Q6 agree=1 ok_cpu=1 ok_np=1 none_cpu=0 none_np=0
SCENE file=0122162356322-90_90-250&473_441&543-440&541_248&540_252&470_444&471-18_0_29_30_4_30_26-135-19.jpg gt=湘A56E62 code_cpu=湘A56E62 code_np=湘A56E62 agree=1 ok_cpu=1 ok_np=1 none_cpu=0 none_np=0
SCENE file=0122485632184-90_88-459&450_662&526-652&523_459&519_464&450_657&454-11_0_21_23_32_33_33-94-20.jpg gt=浙AXZ899 code_cpu=浙AXZ899 code_np=浙AXZ899 agree=1 ok_cpu=1 ok_np=1 none_cpu=0 none_np=0
SCENE file=0122653256705-90_84-202&461_408&543-422&534_213&534_190&464_399&464-1_0_0_21_25_29_33-138-21.jpg gt=沪AAX159 code_cpu=沪AAX159 code_np=沪AAX159 agree=1 ok_cpu=1 ok_np=1 none_cpu=0 none_np=0
SCENE file=0122737068966-89_87-298&604_516&668-523&665_297&667_298&594_524&592-0_0_18_18_33_28_30-101-10.jpg gt=皖AUU946 code_cpu=皖AUU946 code_np=皖AUU946 agree=1 ok_cpu=1 ok_np=1 none_cpu=0 none_np=0
SCENE file=0122844827586-89_88-213&498_417&562-412&560_215&564_216&497_413&493-1_2_20_2_33_25_32-146-45.jpg gt=沪CWC918 code_cpu=沪CWC918 code_np=沪CWC918 agree=1 ok_cpu=1 ok_np=1 none_cpu=0 none_np=0
SCENE file=0122844827586-91_89-443&298_642&368-648&366_444&363_446&294_650&297-4_4_11_18_27_24_32-128-22.jpg gt=冀EMU308 code_cpu=冀EMU308 code_np=冀EMU308 agree=1 ok_cpu=1 ok_np=1 none_cpu=0 none_np=0
SCENE file=0123275862069-85_90-264&475_437&548-430&532_277&551_275&491_428&472-11_0_15_32_20_31_30-117-20.jpg gt=浙AR8W76 code_cpu=浙AR8W76 code_np=浙AR8W76 agree=1 ok_cpu=1 ok_np=1 none_cpu=0 none_np=0
SCENE file=012337164751-90_89-192&460_409&529-410&531_186&528_190&450_414&453-19_16_24_2_14_33_32-144-13.jpg gt=粤S0CQ98 code_cpu=粤S0CQ98 code_np=粤S0CQ98 agree=1 ok_cpu=1 ok_np=1 none_cpu=0 none_np=0
SCENE file=0124042145593-91_88-250&533_464&610-457&607_242&596_248&522_463&533-19_1_6_27_6_31_33-149-14.jpg gt=粤BG3G79 code_cpu=粤BG3G79 code_np=粤BG3G79 agree=1 ok_cpu=1 ok_np=1 none_cpu=0 none_np=0
SCENE file=0124137931034-90_90-354&475_559&542-557&547_353&544_361&470_565&473-0_0_1_25_26_24_21-122-54.jpg gt=皖AB120X code_cpu=皖AB120X code_np=皖AB120X agree=1 ok_cpu=1 ok_np=1 none_cpu=0 none_np=0
SCENE file=0124305555555-91_83-214&473_415&554-429&554_227&542_224&473_426&485-12_11_1_25_30_32_30-152-16.jpg gt=京MB1686 code_cpu=京MB1686 code_np=京MB1686 agree=1 ok_cpu=1 ok_np=1 none_cpu=0 none_np=0
SCENE file=0124341475096-95_81-287&581_455&661-458&664_286&635_283&569_455&598-17_0_10_27_18_26_27-101-11.jpg gt=鄂AL3U23 code_cpu=鄂AL3U23 code_np=鄂AL3U23 agree=1 ok_cpu=1 ok_np=1 none_cpu=0 none_np=0
SCENE file=0124568965517-90_94-173&424_403&490-395&509_176&500_182&427_401&436-0_0_16_15_33_33_29-87-12.jpg gt=皖ASR995 code_cpu=皖ASR995 code_np=皖ASR995 agree=1 ok_cpu=1 ok_np=1 none_cpu=0 none_np=0
SCENE file=0124892241379-90_84-294&496_507&567-528&573_298&568_291&491_521&496-15_13_5_8_32_30_32-165-36.jpg gt=鲁PFJ868 code_cpu=鲁PFJ868 code_np=鲁PFJ868 agree=1 ok_cpu=1 ok_np=1 none_cpu=0 none_np=0
SCENE file=012496408046-90_79-192&485_428&559-430&556_211&548_194&478_413&486-10_4_22_18_25_31_32-140-51.jpg gt=苏EYU178 code_cpu=苏EYU178 code_np=苏EYU178 agree=1 ok_cpu=1 ok_np=1 none_cpu=0 none_np=0
SCENE file=012496408046-90_85-275&501_511&575-500&571_278&572_280&500_502&499-12_9_32_33_32_24_30-174-16.jpg gt=京K89806 code_cpu=京K89806 code_np=京K89806 agree=1 ok_cpu=1 ok_np=1 none_cpu=0 none_np=0
SCENE file=0125-90_94-248&528_449&604-458&591_243&606_260&532_475&517-9_2_3_24_31_24_31-164-32.jpg gt=黑CD0707 code_cpu=黑CD0707 code_np=黑CD0707 agree=1 ok_cpu=1 ok_np=1 none_cpu=0 none_np=0
SCENE file=012501197318-90_79-245&557_460&625-474&628_258&616_244&545_460&557-17_0_14_14_31_33_25-107-44.jpg gt=鄂AQQ791 code_cpu=鄂AQQ791 code_np=鄂AQQ791 agree=1 ok_cpu=1 ok_np=1 none_cpu=0 none_np=0
SCENE file=0125694444445-92_78-151&420_357&494-350&503_156&500_141&426_335&429-13_1_10_24_26_29_30-101-20.jpg gt=闽BL0256 code_cpu=闽BL0256 code_np=闽BL0256 agree=1 ok_cpu=1 ok_np=1 none_cpu=0 none_np=0
SCENE file=0126197318007-94_88-304&371_491&447-485&448_301&430_304&367_488&385-1_7_27_26_32_32_24-122-10.jpg gt=沪H32880 code_cpu=沪H32880 code_np=沪H32880 agree=1 ok_cpu=1 ok_np=1 none_cpu=0 none_np=0
SCENE file=0126257183908-90_90-236&452_443&524-449&528_243&524_247&449_453&453-15_1_24_20_26_25_19-128-34.jpg gt=鲁B0W21V code_cpu=鲁B0W21V code_np=鲁B0W21V agree=1 ok_cpu=1 ok_np=1 none_cpu=0 none_np=0
SCENE file=0126724137931-90_84-239&459_451&544-461&536_260&532_244&459_445&463-13_8_1_31_25_29_24-86-25.jpg gt=闽JB7150 code_cpu=闽JB7150 code_np=闽JB7150 agree=1 ok_cpu=1 ok_np=1 none_cpu=0 none_np=0
SCENE file=0126915708812-90_78-177&400_416&479-422&465_199&469_175&394_398&390-16_16_30_4_31_25_26-101-22.jpg gt=豫S6E712 code_cpu=豫S6E712 code_np=豫S6E712 agree=1 ok_cpu=1 ok_np=1 none_cpu=0 none_np=0
SCENE file=0127083333333-90_89-284&398_494&475-502&473_295&466_298&394_505&401-22_0_4_0_26_27_28-121-21.jpg gt=川AEA234 code_cpu=川AEA234 code_np=川AEA234 agree=1 ok_cpu=1 ok_np=1 none_cpu=0 none_np=0
SCENE file=0128304597702-92_81-249&533_458&605-473&607_258&604_246&527_461&530-13_3_24_24_33_27_7-184-26.jpg gt=闽D0093H code_cpu=闽D0093H code_np=闽D0093H agree=1 ok_cpu=1 ok_np=1 none_cpu=0 none_np=0
SCENE file=0128424329502-90_89-196&501_381&576-383&583_199&573_203&501_387&511-19_22_17_5_26_24_31-130-30.jpg gt=粤YTF207 code_cpu=粤YTF207 code_np=粤YTF207 agree=1 ok_cpu=1 ok_np=1 none_cpu=0 none_np=0
SCENE file=0128591954023-88_92-209&461_413&532-416&525_209&533_203&467_410&459-15_7_4_25_33_30_33-139-25.jpg gt=鲁HE1969 code_cpu=鲁HE1969 code_np=鲁HE1969 agree=1 ok_cpu=1 ok_np=1 none_cpu=0 none_np=0
SCENE file=0129430076628-90_71-171&527_429&594-441&594_201&592_150&521_390&523-6_0_11_9_24_33_32-55-19.jpg gt=蒙AMK098 code_cpu=蒙AMK098 code_np=蒙AMK098 agree=1 ok_cpu=1 ok_np=1 none_cpu=0 none_np=0
SCENE file=0129454022988-90_96-317&583_584&646-583&663_310&659_309&574_582&578-1_10_24_30_25_26_26-146-13.jpg gt=沪L06122 code_cpu=沪L06122 code_np=沪L06122 agree=1 ok_cpu=1 ok_np=1 none_cpu=0 none_np=0
SCENE file=0130004789272-90_91-276&488_457&563-460&561_283&559_284&493_461&495-10_0_32_6_33_10_32-118-37.jpg gt=苏A8G9L8 code_cpu=苏A8G9L8 code_np=苏A8G9L8 agree=1 ok_cpu=1 ok_np=1 none_cpu=0 none_np=0
SCENE file=0130028735633-90_83-356&538_544&622-554&622_369&610_340&533_525&545-10_7_12_23_33_31_25-51-23.jpg gt=苏HNZ971 code_cpu=苏HNZ971 code_np=苏HNZ971 agree=1 ok_cpu=1 ok_np=1 none_cpu=0 none_np=0
SCENE file=0130028735633-90_94-320&472_532&555-524&546_334&547_335&476_525&475-13_1_1_5_32_24_30-54-12.jpg gt=闽BBF806 code_cpu=闽BBF806 code_np=闽BBF806 agree=1 ok_cpu=1 ok_np=1 none_cpu=0 none_np=0
SCENE file=0130124521073-90_89-256&364_482&441-478&438_257&438_253&367_474&367-13_3_21_25_19_24_31-169-33.jpg gt=闽DX1V07 code_cpu=闽DX1V07 code_np=闽DX1V07 agree=1 ok_cpu=1 ok_np=1 none_cpu=0 none_np=0
SCENE file=0130735153257-90_90-194&513_391&594-393&586_196&593_197&517_394&510-8_0_25_6_29_32_32-147-17.jpg gt=吉A1G588 code_cpu=吉A1G588 code_np=吉A1G588 agree=1 ok_cpu=1 ok_np=1 none_cpu=0 none_np=0
SCENE file=0130747126436-90_90-198&458_416&534-410&529_200&532_199&459_409&456-13_3_33_30_26_9_0-169-32.jpg gt=闽D962KA code_cpu=闽D962KA code_np=闽D962KA agree=1 ok_cpu=1 ok_np=1 none_cpu=0 none_np=0
SCENE file=0131034482759-93_80-248&498_431&586-437&582_250&559_245&497_432&520-12_14_31_11_5_30_25-87-68.jpg gt=京Q7MF61 code_cpu=京Q7MF61 code_np=京Q7MF61 agree=1 ok_cpu=1 ok_np=1 none_cpu=0 none_np=0
SCENE file=0131357758621-94_81-298&377_469&459-460&465_297&439_299&380_462&406-10_3_25_25_31_0_31-81-8.jpg gt=苏D117A7 code_cpu=苏D117A7 code_np=苏D117A7 agree=1 ok_cpu=1 ok_np=1 none_cpu=0 none_np=0
SCENE file=0131525383142-94_82-216&507_399&589-404&590_223&569_216&498_397&519-15_2_0_29_27_25_14-145-39.jpg gt=鲁CA531Q code_cpu=鲁CA531Q code_np=鲁CA531Q agree=1 ok_cpu=1 ok_np=1 none_cpu=0 none_np=0
SCENE file=0131561302682-86_92-254&532_452&598-437&586_257&603_260&538_440&521-2_12_30_33_24_26_24-144-46.jpg gt=津N69020 code_cpu=津N69020 code_np=津N69020 agree=1 ok_cpu=1 ok_np=1 none_cpu=0 none_np=0
SCENE file=0131944444445-88_88-262&538_463&604-459&596_268&604_272&543_463&535-9_1_24_32_24_27_2-87-15.jpg gt=黑B0803C code_cpu=黑B0803C code_np=黑B0803C agree=1 ok_cpu=1 ok_np=1 none_cpu=0 none_np=0
SCENE file=0132088122605-91_91-249&525_464&604-471&600_254&602_251&528_468&526-12_22_29_27_29_31_30-97-33.jpg gt=京Y53576 code_cpu=京Y53576 code_np=京Y53576 agree=1 ok_cpu=1 ok_np=1 none_cpu=0 none_np=0
SCENE file=0132399425288-89_93-236&491_454&561-451&560_239&570_236&493_448&483-1_10_26_24_26_24_32-143-11.jpg gt=沪L20208 code_cpu=沪L20208 code_np=沪L20208 agree=1 ok_cpu=1 ok_np=1 none_cpu=0 none_np=0
SCENE file=0132507183908-90_85-248&491_474&568-479&568_254&570_250&503_475&501-0_0_3_29_29_32_9-126-22.jpg gt=皖AD558K code_cpu=皖AD558K code_np=皖AD558K agree=1 ok_cpu=1 ok_np=1 none_cpu=0 none_np=0
SCENE file=013275862069-95_84-303&532_465&620-462&616_312&596_311&530_461&550-26_9_4_28_27_25_28-151-42.jpg gt=陕KE4314 code_cpu=陕KE4314 code_np=陕KE4314 agree=1 ok_cpu=1 ok_np=1 none_cpu=0 none_np=0
SCENE file=0133022030652-89_84-121&620_342&700-340&699_127&690_113&619_326&628-0_0_6_14_33_24_33-95-18.jpg gt=皖AGQ909 code_cpu=皖AGQ909 code_np=皖AGQ909 agree=1 ok_cpu=1 ok_np=1 none_cpu=0 none_np=0
SCENE file=0133429118774-90_87-311&394_518&475-518&469_316&467_319&404_521&406-12_6_16_24_33_33_25-84-19.jpg gt=京GS0991 code_cpu=京GS0991 code_np=京GS0991 agree=1 ok_cpu=1 ok_np=1 none_cpu=0 none_np=0
SCENE file=0133620689655-89_92-377&365_582&429-585&420_388&436_388&372_585&356-14_9_25_31_26_29_32-131-32.jpg gt=赣K17258 code_cpu=赣K17258 code_np=赣K17258 agree=1 ok_cpu=1 ok_np=1 none_cpu=0 none_np=0
SCENE file=0134662356322-95_82-324&446_504&531-510&532_328&509_322&441_504&464-16_3_9_32_27_24_24-149-48.jpg gt=豫DK8300 code_cpu=豫DK8300 code_np=豫DK8300 agree=1 ok_cpu=1 ok_np=1 none_cpu=0 none_np=0
SCENE file=0134722222222-90_89-306&528_510&603-527&610_305&603_304&521_526&528-1_12_4_33_32_30_30-152-14.jpg gt=沪NE9866 code_cpu=沪NE9866 code_np=沪NE9866 agree=1 ok_cpu=1 ok_np=1 none_cpu=0 none_np=0
SCENE file=0136111111111-90_93-270&528_494&601-474&595_270&590_284&529_488&534-1_2_7_16_31_27_32-62-13.jpg gt=沪CHS738 code_cpu=沪CHS738 code_np=沪CHS738 agree=1 ok_cpu=1 ok_np=1 none_cpu=0 none_np=0
SCENE file=0136194923372-107_70-221&519_356&640-362&645_216&586_213&508_359&567-0_0_12_7_32_33_27-141-11.jpg gt=皖ANH893 code_cpu=皖ANH893 code_np=皖ANH893 agree=1 ok_cpu=1 ok_np=1 none_cpu=0 none_np=0
SCENE file=0136446360153-84_91-189&444_352&527-356&506_203&527_195&463_348&442-17_0_27_27_1_32_22-77-8.jpg gt=鄂A33B8Y code_cpu=赣A33B8Y code_np=赣A33B8Y agree=1 ok_cpu=0 ok_np=0 none_cpu=0 none_np=0
SCENE file=0136494252874-91_84-168&495_380&577-392&575_175&567_168&498_385&506-14_4_32_4_30_33_31-119-15.jpg gt=赣E8E697 code_cpu=赣E8E697 code_np=赣E8E697 agree=1 ok_cpu=1 ok_np=1 none_cpu=0 none_np=0
SCENE file=0136973180076-90_87-256&515_479&586-474&588_256&589_265&521_483&520-13_3_2_1_27_30_33-97-15.jpg gt=闽DCB369 code_cpu=闽DCB369 code_np=闽DCB369 agree=1 ok_cpu=1 ok_np=1 none_cpu=0 none_np=0
SCENE file=0137045019157-90_90-247&620_471&703-484&703_243&698_246&617_487&622-19_2_19_14_33_29_33-122-30.jpg gt=粤CVQ959 code_cpu=粤CVQ959 code_np=粤CVQ959 agree=1 ok_cpu=1 ok_np=1 none_cpu=0 none_np=0
SCENE file=0137978927203-90_93-297&510_486&594-482&587_296&596_308&510_494&501-19_0_21_0_27_24_24-129-30.jpg gt=粤AXA300 code_cpu=粤AXA300 code_np=粤AXA300 agree=1 ok_cpu=1 ok_np=1 none_cpu=0 none_np=0
SCENE file=0138529693486-90_91-304&482_501&560-510&563_303&570_307&481_514&474-15_1_2_29_24_4_30-161-48.jpg gt=鲁BC50E6 code_cpu=鲁BC50E6 code_np=鲁BC50E6 agree=1 ok_cpu=1 ok_np=1 none_cpu=0 none_np=0
SCENE file=013900862069-90_80-236&353_472&423-469&434_247&428_235&351_457&357-4_0_2_29_24_32_32-57-13.jpg gt=冀AC5088 code_cpu=冀AC5088 code_np=冀AC5088 agree=1 ok_cpu=1 ok_np=1 none_cpu=0 none_np=0
SCENE file=0140229885057-93_90-239&544_433&616-429&613_238&601_252&540_443&552-22_0_33_17_33_30_8-109-32.jpg gt=川A9T96J code_cpu=川A9T96J code_np=川A9T96J agree=1 ok_cpu=1 ok_np=1 none_cpu=0 none_np=0
SCENE file=0140301724138-90_96-160&508_352&587-343&583_158&580_182&514_367&517-18_0_25_14_32_31_21-92-138.jpg gt=湘A1Q87X code_cpu=湘A1Q87X code_np=湘A1Q87X agree=1 ok_cpu=1 ok_np=1 none_cpu=0 none_np=0
SCENE file=014058908046-89_91-378&442_611&507-614&502_391&507_390&434_613&429-2_12_5_11_30_32_30-150-36.jpg gt=津NFM686 code_cpu=津NFM686 code_np=津NFM686 agree=1 ok_cpu=1 ok_np=1 none_cpu=0 none_np=0
SCENE file=0140948275862-89_82-160&511_387&573-397&591_176&584_159&510_380&517-12_8_19_26_32_32_33-179-35.jpg gt=京JV2889 code_cpu=京JV2889 code_np=京JV2889 agree=1 ok_cpu=1 ok_np=1 none_cpu=0 none_np=0
SCENE file=0140972222222-90_90-243&470_455&546-457&541_251&539_251&473_457&475-10_0_12_27_25_32_22-81-10.jpg gt=苏AN318Y code_cpu=苏AN318Y code_np=苏AN318Y agree=1 ok_cpu=1 ok_np=1 none_cpu=0 none_np=0
SCENE file=0141594827586-90_85-195&467_448&531-448&544_205&543_206&463_449&464-16_16_7_22_24_25_24-113-35.jpg gt=豫SHY010 code_cpu=豫SHY010 code_np=豫SHY010 agree=1 ok_cpu=1 ok_np=1 none_cpu=0 none_np=0
SCENE file=0141690613027-90_88-272&440_483&509-481&514_276&510_280&433_485&437-11_0_31_33_25_0_12-109-25.jpg gt=浙A791AN code_cpu=浙A791AN code_np=浙A791AN agree=1 ok_cpu=1 ok_np=1 none_cpu=0 none_np=0
SCENE file=0141989942529-88_77-195&536_422&617-427&610_217&611_184&540_394&539-4_3_29_18_32_27_24-65-30.jpg gt=冀D5U830 code_cpu=冀D5U830 code_np=冀D5U830 agree=1 ok_cpu=1 ok_np=1 none_cpu=0 none_np=0
SCENE file=0142145593869-90_85-181&527_434&595-442&611_181&603_176&525_437&533-19_16_27_12_23_30_25-93-26.jpg gt=粤S3NZ61 code_cpu=粤S3NZ61 code_np=粤S3NZ61 agree=1 ok_cpu=1 ok_np=1 none_cpu=0 none_np=0
SCENE file=0142420977012-90_92-369&362_590&434-596&436_366&428_368&350_598&358-16_12_14_18_32_24_29-143-48.jpg gt=豫NQU805 code_cpu=豫NQU805 code_np=豫NQU805 agree=1 ok_cpu=1 ok_np=1 none_cpu=0 none_np=0
SCENE file=0142528735633-91_85-173&384_380&473-382&474_182&453_168&379_368&400-17_0_27_26_9_25_22-135-18.jpg gt=鄂A32K1Y code_cpu=鄂A32K1Y code_np=鄂A32K1Y agree=1 ok_cpu=1 ok_np=1 none_cpu=0 none_np=0
SCENE file=0142564655172-89_91-349&527_560&608-552&602_354&602_358&535_556&535-12_14_21_25_5_25_31-59-8.jpg gt=京QX1F17 code_cpu=京QX1F17 code_np=京QX1F17 agree=1 ok_cpu=1 ok_np=1 none_cpu=0 none_np=0
SCENE file=0142636494253-90_89-162&473_404&553-410&552_166&561_166&476_410&467-2_14_10_33_32_31_33-182-22.jpg gt=津QL9879 code_cpu=津QL9879 code_np=津QL9879 agree=1 ok_cpu=1 ok_np=1 none_cpu=0 none_np=0
SCENE file=0142696360153-90_90-270&505_479&582-486&576_270&580_269&506_485&502-0_0_28_26_26_23_31-119-60.jpg gt=皖A422Z7 code_cpu=皖A422Z7 code_np=皖A422Z7 agree=1 ok_cpu=1 ok_np=1 none_cpu=0 none_np=0
SCENE file=0143055555555-90_87-198&494_412&577-414&567_207&579_193&503_400&491-10_0_24_6_15_26_27-116-38.jpg gt=苏A0GR23 code_cpu=苏A0GR23 code_np=苏A0GR23 agree=1 ok_cpu=1 ok_np=1 none_cpu=0 none_np=0
SCENE file=0143055555555-90_92-243&487_475&547-469&556_253&553_255&479_471&482-2_11_10_31_25_25_25-171-12.jpg gt=津ML7111 code_cpu=津ML7111 code_np=津ML7111 agree=1 ok_cpu=1 ok_np=1 none_cpu=0 none_np=0
SCENE file=0143103448276-87_93-353&594_535&678-542&663_363&676_357&601_536&588-13_1_12_14_27_30_30-131-24.jpg gt=闽BNQ366 code_cpu=闽BNQ366 code_np=闽BNQ366 agree=1 ok_cpu=1 ok_np=1 none_cpu=0 none_np=0
SCENE file=0143151340996-89_93-224&507_443&582-443&580_230&583_231&509_444&506-13_0_25_31_23_26_24-192-13.jpg gt=闽A17Z20 code_cpu=闽A17Z20 code_np=闽A17Z20 agree=1 ok_cpu=1 ok_np=1 none_cpu=0 none_np=0
SCENE file=0143199233717-90_80-268&524_509&589-515&605_274&595_261&520_502&530-8_0_29_24_9_16_29-99-59.jpg gt=吉A50KS5 code_cpu=吉A50KS5 code_np=吉A50KS5 agree=1 ok_cpu=1 ok_np=1 none_cpu=0 none_np=0
SCENE file=0143271072797-89_90-317&464_536&545-539&538_341&545_339&470_537&463-4_0_22_30_12_30_26-149-20.jpg gt=冀AY6N62 code_cpu=冀AY6N62 code_np=冀AY6N62 agree=1 ok_cpu=1 ok_np=1 none_cpu=0 none_np=0
SCENE file=0143486590038-90_83-407&610_639&694-642&679_407&687_403&606_638&598-2_12_16_12_27_27_27-93-22.jpg gt=津NSN333 code_cpu=津NSN333 code_np=津NSN333 agree=1 ok_cpu=1 ok_np=1 none_cpu=0 none_np=0
SCENE file=0143678160919-90_81-233&432_443&509-453&512_246&502_233&435_440&445-19_1_26_32_10_27_32-135-52.jpg gt=粤B28L38 code_cpu=粤B28L38 code_np=粤B28L38 agree=1 ok_cpu=1 ok_np=1 none_cpu=0 none_np=0
SCENE file=0144073275862-88_88-240&429_465&500-470&498_236&509_232&435_466&424-11_6_15_30_2_33_25-139-29.jpg gt=浙GR6C91 code_cpu=浙GR6C91 code_np=浙GR6C91 agree=1 ok_cpu=1 ok_np=1 none_cpu=0 none_np=0
SCENE file=0144396551724-89_91-208&510_436&579-433&579_207&584_208&508_434&503-1_2_24_14_29_11_26-94-13.jpg gt=沪C0Q5M2 code_cpu=沪C0Q5M2 code_np=沪C0Q5M2 agree=1 ok_cpu=1 ok_np=1 none_cpu=0 none_np=0
SCENE file=0144396551724-92_86-294&476_496&550-503&550_309&562_306&482_500&470-10_2_31_21_32_33_32-125-10.jpg gt=苏C7X898 code_cpu=苏C7X898 code_np=苏C7X898 agree=1 ok_cpu=1 ok_np=1 none_cpu=0 none_np=0
SCENE file=0144612068966-90_87-210&518_418&591-423&599_215&584_223&508_431&523-30_0_6_20_30_30_32-176-26.jpg gt=新AGW668 code_cpu=新AGW668 code_np=新AGW668 agree=1 ok_cpu=1 ok_np=1 none_cpu=0 none_np=0
SCENE file=0144923371648-85_90-227&469_428&551-424&536_243&554_230&489_411&471-3_3_3_23_30_25_32-91-20.jpg gt=渝DDZ618 code_cpu=渝DDZ618 code_np=渝DDZ618 agree=1 ok_cpu=1 ok_np=1 none_cpu=0 none_np=0
SCENE file=014534243295-93_80-234&511_446&594-459&592_244&579_232&511_447&524-0_0_29_32_33_29_27-95-35.jpg gt=皖A58953 code_cpu=皖A58953 code_np=皖A58953 agree=1 ok_cpu=1 ok_np=1 none_cpu=0 none_np=0
SCENE file=0145737547893-91_83-244&518_453&586-459&599_243&578_231&504_447&525-12_12_25_9_4_32_24-108-19.jpg gt=京N1KE80 code_cpu=京N1KE80 code_np=京N1KE80 agree=1 ok_cpu=1 ok_np=1 none_cpu=0 none_np=0
SCENE file=0146192528736-90_88-280&451_491&535-479&533_284&523_291&451_486&461-2_15_18_25_33_32_31-91-12.jpg gt=津RU1987 code_cpu=津RU1987 code_np=津RU1987 agree=1 ok_cpu=1 ok_np=1 none_cpu=0 none_np=0
SCENE file=0146228448276-98_72-157&371_347&467-343&464_161&427_161&367_343&404-1_0_24_16_28_26_24-87-15.jpg gt=沪A0S420 code_cpu=沪A0S420 code_np=沪A0S420 agree=1 ok_cpu=1 ok_np=1 none_cpu=0 none_np=0
SCENE file=0146240421455-90_88-275&291_492&374-490&360_281&370_279&300_488&290-24_0_24_24_29_7_10-142-31.jpg gt=云A005HL code_cpu=云A005HL code_np=云A005HL agree=1 ok_cpu=1 ok_np=1 none_cpu=0 none_np=0
SCENE file=0146587643678-91_77-160&439_405&509-421&522_158&513_147&431_410&440-1_10_27_27_29_29_27-144-47.jpg gt=沪L33553 code_cpu=沪L33553 code_np=沪L33553 agree=1 ok_cpu=1 ok_np=1 none_cpu=0 none_np=0
SCENE file=0146982758621-92_80-264&506_469&585-476&585_271&570_256&505_461&520-16_12_3_29_10_25_24-145-31.jpg gt=豫ND5L10 code_cpu=豫ND5L10 code_np=豫ND5L10 agree=1 ok_cpu=1 ok_np=1 none_cpu=0 none_np=0
SCENE file=0147641283524-91_91-241&522_479&590-456&589_252&584_261&518_465&523-16_0_32_18_26_27_5-122-23.jpg gt=豫A8U23F code_cpu=豫A8U23F code_np=豫A8U23F agree=1 ok_cpu=1 ok_np=1 none_cpu=0 none_np=0
SCENE file=0147725095786-90_85-266&495_480&578-479&574_268&574_273&496_484&496-19_0_32_30_29_33_8-174-16.jpg gt=粤A8659J code_cpu=粤A8659J code_np=粤A8659J agree=1 ok_cpu=1 ok_np=1 none_cpu=0 none_np=0
SCENE file=0147844827586-92_85-324&361_543&444-545&435_325&442_326&360_546&353-1_2_24_6_17_31_30-155-24.jpg gt=沪C0GT76 code_cpu=沪C0GT76 code_np=沪C0GT76 agree=1 ok_cpu=1 ok_np=1 none_cpu=0 none_np=0
SCENE file=0147844827586-92_86-184&503_394&577-392&577_192&565_190&505_390&517-18_0_4_29_24_26_8-110-70.jpg gt=湘AE502J code_cpu=湘AE502J code_np=湘AE502J agree=1 ok_cpu=1 ok_np=1 none_cpu=0 none_np=0
SCENE file=0147868773946-91_90-356&337_565&411-563&412_366&410_365&335_562&337-5_4_22_22_28_27_29-107-32.jpg gt=晋EYY435 code_cpu=晋EYY435 code_np=晋EYY435 agree=1 ok_cpu=1 ok_np=1 none_cpu=0 none_np=0
SCENE file=014840756705-89_89-242&466_451&533-470&541_238&545_238&462_470&458-0_0_20_31_19_25_31-154-35.jpg gt=皖AW7V17 code_cpu=皖AW7V17 code_np=皖AW7V17 agree=1 ok_cpu=1 ok_np=1 none_cpu=0 none_np=0
SCENE file=0148611111111-90_86-239&403_483&470-485&489_241&471_236&391_480&409-11_0_4_20_32_32_27-51-10.jpg gt=浙AEW883 code_cpu=浙AEW883 code_np=浙AEW883 agree=1 ok_cpu=1 ok_np=1 none_cpu=0 none_np=0
SCENE file=0149054118774-90_89-242&468_501&530-505&540_254&542_255&466_506&464-0_0_24_31_13_25_31-55-19.jpg gt=皖A07P17 code_cpu=皖A07P17 code_np=皖A07P17 agree=1 ok_cpu=1 ok_np=1 none_cpu=0 none_np=0
SCENE file=0149425287357-89_91-252&598_476&674-485&671_250&679_247&598_482&590-19_16_19_31_4_28_24-130-11.jpg gt=粤SV7E40 code_cpu=粤SV7E40 code_np=粤SV7E40 agree=1 ok_cpu=1 ok_np=1 none_cpu=0 none_np=0
SCENE file=0149425287357-90_92-280&509_499&603-491&597_287&593_297&509_501&513-11_1_12_24_27_1_33-183-34.jpg gt=浙BN03B9 code_cpu=浙BN03B9 code_np=浙BN03B9 agree=1 ok_cpu=1 ok_np=1 none_cpu=0 none_np=0
SCENE file=0150454980843-90_89-208&462_438&540-444&538_226&534_232&460_450&464-4_6_31_15_27_30_31-142-62.jpg gt=冀G7R367 code_cpu=冀G7R367 code_np=冀G7R367 agree=1 ok_cpu=1 ok_np=1 none_cpu=0 none_np=0
SCENE file=015161637931-90_91-231&501_445&565-441&569_244&568_245&500_442&501-0_0_7_31_30_27_9-66-23.jpg gt=皖AH763K code_cpu=皖AH763K code_np=皖AH763K agree=1 ok_cpu=1 ok_np=1 none_cpu=0 none_np=0
SCENE file=0151760057471-96_80-392&405_585&502-572&497_397&468_393&397_568&426-19_1_29_29_24_17_21-55-12.jpg gt=粤B550TX code_cpu=粤B550TX code_np=粤B550TX agree=1 ok_cpu=1 ok_np=1 none_cpu=0 none_np=0
SCENE file=0152490421455-93_81-150&510_385&578-383&587_162&578_139&503_360&512-5_0_30_2_25_27_29-89-15.jpg gt=晋A6C135 code_cpu=晋A6C135 code_np=晋A6C135 agree=1 ok_cpu=1 ok_np=1 none_cpu=0 none_np=0
SCENE file=0152538314176-90_87-258&496_488&578-485&576_263&575_251&496_473&497-3_2_29_27_31_17_25-61-9.jpg gt=渝C537T1 code_cpu=渝C537T1 code_np=渝C537T1 agree=1 ok_cpu=1 ok_np=1 none_cpu=0 none_np=0
SCENE file=0152957375479-94_87-209&481_403&564-411&566_205&547_203&480_409&499-1_12_9_31_33_29_30-149-58.jpg gt=沪NK7956 code_cpu=沪NK7956 code_np=沪NK7956 agree=1 ok_cpu=1 ok_np=1 none_cpu=0 none_np=0
SCENE file=0153017241379-90_76-207&449_445&553-447&546_232&538_210&461_425&469-4_5_11_14_25_25_26-120-68.jpg gt=冀FMQ112 code_cpu=冀FMQ112 code_np=冀FMQ112 agree=1 ok_cpu=1 ok_np=1 none_cpu=0 none_np=0
SCENE file=0153292624521-90_89-201&520_434&590-436&590_204&595_206&514_438&509-19_1_29_11_32_14_24-174-10.jpg gt=粤B5M8Q0 code_cpu=粤B5M8Q0 code_np=粤B5M8Q0 agree=1 ok_cpu=1 ok_np=1 none_cpu=0 none_np=0
SCENE file=0153544061303-89_85-224&441_468&512-473&510_224&516_213&442_462&436-17_0_25_15_18_26_33-158-55.jpg gt=鄂A1RU29 code_cpu=鄂A1RU29 code_np=鄂A1RU29 agree=1 ok_cpu=1 ok_np=1 none_cpu=0 none_np=0
SCENE file=0153663793103-90_90-228&441_465&518-469&520_231&513_235&433_473&440-4_0_19_12_31_26_24-155-26.jpg gt=冀AVN720 code_cpu=冀AVN720 code_np=冀AVN720 agree=1 ok_cpu=1 ok_np=1 none_cpu=0 none_np=0
SCENE file=0153999042145-90_91-271&567_503&628-493&629_285&632_285&568_493&565-0_0_18_13_26_26_26-40-12.jpg gt=皖AUP222 code_cpu=皖AUP222 code_np=皖AUP222 agree=1 ok_cpu=1 ok_np=1 none_cpu=0 none_np=0
SCENE file=0154094827586-90_87-212&444_443&522-430&517_227&520_224&443_427&440-12_14_25_8_33_21_32-134-34.jpg gt=京Q1J9X8 code_cpu=京Q1J9X8 code_np=京Q1J9X8 agree=1 ok_cpu=1 ok_np=1 none_cpu=0 none_np=0
SCENE file=0154094827586-92_83-237&486_457&564-461&570_231&561_234&483_464&492-17_11_27_30_32_30_25-81-21.jpg gt=鄂M36861 code_cpu=鄂M36861 code_np=鄂M36861 agree=1 ok_cpu=1 ok_np=1 none_cpu=0 none_np=0
SCENE file=0154166666667-90_82-205&320_445&389-450&408_208&398_202&319_444&329-10_9_26_24_26_14_25-122-38.jpg gt=苏K202Q1 code_cpu=苏K202Q1 code_np=苏K202Q1 agree=1 ok_cpu=1 ok_np=1 none_cpu=0 none_np=0
SCENE file=0154166666667-90_88-246&422_503&509-496&499_243&503_244&421_497&417-0_0_25_33_32_16_28-76-77.jpg gt=皖A198S4 code_cpu=皖A198S4 code_np=皖A198S4 agree=1 ok_cpu=1 ok_np=1 none_cpu=0 none_np=0
SCENE file=0154214559386-89_88-197&524_432&604-443&602_199&606_176&519_420&515-0_0_28_30_7_24_33-125-104.jpg gt=皖A46H09 code_cpu=皖A46H09 code_np=皖A46H09 agree=1 ok_cpu=1 ok_np=1 none_cpu=0 none_np=0
SCENE file=0154214559386-95_80-403&492_605&585-611&589_413&566_412&497_610&520-1_2_24_2_33_3_32-74-18.jpg gt=沪C0C9D8 code_cpu=沪C0C9D8 code_np=沪C0C9D8 agree=1 ok_cpu=1 ok_np=1 none_cpu=0 none_np=0
SCENE file=0154489942529-89_96-237&566_450&645-435&627_251&643_264&574_448&558-10_0_29_15_32_21_30-60-31.jpg gt=苏A5R8X6 code_cpu=苏A5R8X6 code_np=苏A5R8X6 agree=1 ok_cpu=1 ok_np=1 none_cpu=0 none_np=0
SCENE file=015470545977-90_86-250&462_479&546-493&542_259&536_238&467_472&473-2_0_1_19_25_25_24-106-50.jpg gt=津ABV110 code_cpu=津ABV110 code_np=津ABV110 agree=1 ok_cpu=1 ok_np=1 none_cpu=0 none_np=0
SCENE file=015475335249-90_86-250&355_502&435-502&431_255&432_257&355_504&354-0_0_9_8_27_29_25-123-95.jpg gt=皖AKJ351 code_cpu=皖AKJ351 code_np=皖AKJ351 agree=1 ok_cpu=1 ok_np=1 none_cpu=0 none_np=0
SCENE file=0154837164751-91_87-364&494_615&564-608&567_373&562_379&482_614&487-18_0_26_4_9_30_27-32-20.jpg gt=湘A2EK63 code_cpu=湘A2EK63 code_np=湘A2EK63 agree=1 ok_cpu=1 ok_np=1 none_cpu=0 none_np=0
SCENE file=0155172413793-98_74-153&285_322&388-321&402_154&368_156&292_323&326-18_0_5_27_31_32_17-105-19.jpg gt=湘AF378T code_cpu=湘AF378T code_np=湘AF378T agree=1 ok_cpu=1 ok_np=1 none_cpu=0 none_np=0
SCENE file=0155316091954-92_90-355&486_558&563-560&566_354&548_362&476_568&494-15_7_25_29_29_5_22-106-14.jpg gt=鲁H155FY code_cpu=鲁H155FY code_np=鲁H155FY agree=1 ok_cpu=1 ok_np=1 none_cpu=0 none_np=0
SCENE file=0156070402298-85_96-244&525_424&615-425&588_250&614_262&544_437&518-17_11_32_9_26_29_32-114-16.jpg gt=鄂M8K258 code_cpu=鄂M8K258 code_np=鄂M8K258 agree=1 ok_cpu=1 ok_np=1 none_cpu=0 none_np=0
SCENE file=015622605364-91_82-155&557_394&625-403&630_160&626_152&552_395&556-14_4_27_29_32_30_31-143-62.jpg gt=赣E35867 code_cpu=赣E35867 code_np=赣E35867 agree=1 ok_cpu=1 ok_np=1 none_cpu=0 none_np=0
SCENE file=0156321839081-92_86-212&417_424&505-430&507_209&488_212&413_433&432-0_2_3_24_32_33_24-131-20.jpg gt=皖CD0890 code_cpu=皖CD0890 code_np=皖CD0890 agree=1 ok_cpu=1 ok_np=1 none_cpu=0 none_np=0
SCENE file=0156429597702-92_82-326&630_543&706-534&708_324&694_324&623_534&637-10_0_25_25_24_25_2-96-20.jpg gt=苏A1101C code_cpu=苏A1101C code_np=苏A1101C agree=1 ok_cpu=1 ok_np=1 none_cpu=0 none_np=0
SCENE file=0156609195402-90_90-58&302_295&387-292&387_66&379_71&305_297&313-22_0_5_14_26_30_27-157-45.jpg gt=川AFQ263 code_cpu=川AFQ263 code_np=川AFQ263 agree=1 ok_cpu=1 ok_np=1 none_cpu=0 none_np=0
SCENE file=0156968390805-89_86-192&386_460&446-455&454_209&456_207&385_453&383-4_0_25_33_25_4_22-49-21.jpg gt=冀A191EY code_cpu=冀A191EY code_np=冀A191EY agree=1 ok_cpu=1 ok_np=1 none_cpu=0 none_np=0
SCENE file=0157088122605-93_89-248&404_464&489-480&491_249&479_248&407_479&419-11_2_9_8_32_31_31-153-35.jpg gt=浙CKJ877 code_cpu=浙CKJ877 code_np=浙CKJ877 agree=1 ok_cpu=1 ok_np=1 none_cpu=0 none_np=0
SCENE file=0157327586207-91_76-270&469_500&541-501&546_290&531_273&458_484&473-7_1_11_7_31_30_25-125-62.jpg gt=辽BMH761 code_cpu=辽BMH761 code_np=辽BMH761 agree=1 ok_cpu=1 ok_np=1 none_cpu=0 none_np=0
SCENE file=0157650862069-89_86-374&466_594&544-598&542_381&547_376&468_593&463-14_3_24_22_29_30_32-93-38.jpg gt=赣D0Y568 code_cpu=赣D0Y568 code_np=赣D0Y568 agree=1 ok_cpu=1 ok_np=1 none_cpu=0 none_np=0
SCENE file=0157710727969-94_75-237&532_423&627-426&625_251&601_232&529_407&553-2_3_8_0_24_33_24-85-43.jpg gt=津DJA090 code_cpu=津DJA090 code_np=津DJA090 agree=1 ok_cpu=1 ok_np=1 none_cpu=0 none_np=0
SCENE file=0158117816092-89_90-250&509_483&580-484&580_255&591_254&517_483&506-4_6_31_15_27_30_31-152-28.jpg gt=冀G7R367 code_cpu=冀G7R367 code_np=冀G7R367 agree=1 ok_cpu=1 ok_np=1 none_cpu=0 none_np=0
SCENE file=0158405172414-89_90-228&353_474&433-478&426_227&434_227&357_478&349-19_0_25_27_32_14_14-153-62.jpg gt=粤A138QQ code_cpu=粤A138QQ code_np=粤A138QQ agree=1 ok_cpu=1 ok_np=1 none_cpu=0 none_np=0
SCENE file=0158488984674-91_81-183&512_413&603-428&603_188&590_175&509_415&522-15_1_8_29_19_26_31-150-43.jpg gt=鲁BJ5V27 code_cpu=鲁BJ5V27 code_np=鲁BJ5V27 agree=1 ok_cpu=1 ok_np=1 none_cpu=0 none_np=0
SCENE file=0159219348659-89_86-282&425_530&495-528&491_279&497_268&425_517&419-11_2_24_25_24_2_11-155-51.jpg gt=浙C010CM code_cpu=浙C010CM code_np=浙C010CM agree=1 ok_cpu=1 ok_np=1 none_cpu=0 none_np=0
SCENE file=0159243295019-92_81-279&449_489&540-498&544_279&531_264&450_483&463-5_4_20_13_25_33_33-164-61.jpg gt=晋EWP199 code_cpu=晋EWP199 code_np=晋EWP199 agree=1 ok_cpu=1 ok_np=1 none_cpu=0 none_np=0
SCENE file=0159243295019-94_84-338&470_543&557-536&555_344&532_344&468_536&491-15_8_7_32_27_32_31-100-16.jpg gt=鲁JH8387 code_cpu=鲁JH8387 code_np=鲁JH8387 agree=1 ok_cpu=1 ok_np=1 none_cpu=0 none_np=0
SCENE file=0159243295019-94_85-285&504_513&590-528&591_285&581_274&496_517&506-3_3_3_23_30_25_32-94-32.jpg gt=渝DDZ618 code_cpu=渝DDZ618 code_np=渝DDZ618 agree=1 ok_cpu=1 ok_np=1 none_cpu=0 none_np=0
SCENE file=0159482758621-90_87-101&550_355&643-372&635_100&623_90&542_362&554-19_1_19_33_6_30_24-174-43.jpg gt=粤BV9G60 code_cpu=粤BV9G60 code_np=粤BV9G60 agree=1 ok_cpu=1 ok_np=1 none_cpu=0 none_np=0
SCENE file=0159542624521-90_82-267&462_484&542-481&548_274&549_254&466_461&465-4_0_4_15_33_27_29-109-45.jpg gt=冀AER935 code_cpu=冀AER935 code_np=冀AER935 agree=1 ok_cpu=1 ok_np=1 none_cpu=0 none_np=0
SCENE file=0160344827586-90_88-166&483_395&572-414&570_164&571_164&485_414&484-30_15_32_0_24_24_25-144-46.jpg gt=新R8A001 code_cpu=新R8A001 code_np=新R8A001 agree=1 ok_cpu=1 ok_np=1 none_cpu=0 none_np=0
SCENE file=0160668103448-91_85-222&485_456&568-469&570_214&563_211&485_466&492-15_14_1_23_30_26_25-83-45.jpg gt=鲁QBZ621 code_cpu=鲁QBZ621 code_np=鲁QBZ621 agree=1 ok_cpu=1 ok_np=1 none_cpu=0 none_np=0
SCENE file=0160680076628-92_88-198&524_428&592-426&591_205&593_204&519_425&517-17_0_12_23_26_28_30-76-10.jpg gt=鄂ANZ246 code_cpu=鄂ANZ246 code_np=鄂ANZ246 agree=1 ok_cpu=1 ok_np=1 none_cpu=0 none_np=0
SCENE file=016099137931-99_67-253&501_432&599-435&600_274&564_259&500_420&536-13_6_30_24_30_26_9-86-20.jpg gt=闽G6062K code_cpu=闽G6062K code_np=闽G6062K agree=1 ok_cpu=1 ok_np=1 none_cpu=0 none_np=0
SCENE file=0161099137931-90_90-312&503_527&577-527&580_308&582_315&496_534&494-1_1_1_6_29_29_33-167-34.jpg gt=沪BBG559 code_cpu=沪BBG559 code_np=沪BBG559 agree=1 ok_cpu=1 ok_np=1 none_cpu=0 none_np=0
SCENE file=0161206896552-91_90-325&598_543&683-556&691_322&680_328&593_562&604-10_0_26_11_32_10_26-103-21.jpg gt=苏A2M8L2 code_cpu=苏A2M8L2 code_np=苏A2M8L2 agree=1 ok_cpu=1 ok_np=1 none_cpu=0 none_np=0
SCENE file=0161422413793-90_89-227&492_466&576-485&579_228&574_212&486_469&491-17_8_29_1_29_33_24-140-12.jpg gt=鄂J5B590 code_cpu=鄂J5B590 code_np=鄂J5B590 agree=1 ok_cpu=1 ok_np=1 none_cpu=0 none_np=0
SCENE file=0161637931034-90_88-181&552_411&635-417&633_178&634_178&552_417&551-12_11_1_25_30_32_30-167-56.jpg gt=京MB1686 code_cpu=京MB1686 code_np=京MB1686 agree=1 ok_cpu=1 ok_np=1 none_cpu=0 none_np=0
SCENE file=0161769636015-90_86-263&542_499&610-500&620_257&612_260&535_503&543-0_0_20_22_25_29_25-126-63.jpg gt=皖AWY151 code_cpu=皖AWY151 code_np=皖AWY151 agree=1 ok_cpu=1 ok_np=1 none_cpu=0 none_np=0
SCENE file=0161877394636-90_96-240&474_459&541-462&546_254&544_262&461_470&463-19_1_32_24_18_26_32-143-27.jpg gt=粤B80U28 code_cpu=粤B80U28 code_np=粤B80U28 agree=1 ok_cpu=1 ok_np=1 none_cpu=0 none_np=0
SCENE file=0162068965517-87_90-436&539_635&636-637&607_441&631_436&558_632&534-19_1_16_26_31_4_26-158-27.jpg gt=粤BS27E2 code_cpu=粤BS27E2 code_np=粤BS27E2 agree=1 ok_cpu=1 ok_np=1 none_cpu=0 none_np=0
SCENE file=0162140804598-90_82-267&495_504&582-519&580_279&572_247&495_487&503-26_3_15_26_26_31_27-158-54.jpg gt=陕DR2273 code_cpu=陕DR2273 code_np=陕DR2273 agree=1 ok_cpu=1 ok_np=1 none_cpu=0 none_np=0
SCENE file=01625-89_86-155&407_405&473-413&477_165&481_158&408_406&404-14_8_19_26_26_25_27-80-28.jpg gt=赣JV2213 code_cpu=赣JV2213 code_np=赣JV2213 agree=1 ok_cpu=1 ok_np=1 none_cpu=0 none_np=0
SCENE file=0162655651341-89_80-249&496_466&575-466&573_255&570_242&494_453&497-12_14_26_26_12_14_29-108-54.jpg gt=京Q22NQ5 code_cpu=京Q22NQ5 code_np=京Q22NQ5 agree=1 ok_cpu=1 ok_np=1 none_cpu=0 none_np=0
SCENE file=0163110632184-90_86-230&485_489&572-503&567_231&567_216&489_488&489-0_0_8_22_29_25_25-66-46.jpg gt=皖AJY511 code_cpu=皖AJY511 code_np=皖AJY511 agree=1 ok_cpu=1 ok_np=1 none_cpu=0 none_np=0
SCENE file=0163182471264-90_87-239&453_477&532-483&527_241&534_221&458_463&451-12_12_13_1_26_26_27-155-59.jpg gt=京NPB223 code_cpu=京NPB223 code_np=京NPB223 agree=1 ok_cpu=1 ok_np=1 none_cpu=0 none_np=0
SCENE file=0163218390805-88_90-168&501_388&591-400&573_166&586_167&513_401&500-3_6_29_23_29_29_25-91-18.jpg gt=渝G5Z551 code_cpu=渝G5Z551 code_np=渝G5Z551 agree=1 ok_cpu=1 ok_np=1 none_cpu=0 none_np=0
SCENE file=0163577586207-93_84-127&542_356&619-369&623_156&614_136&535_349&544-19_0_32_29_30_29_14-95-13.jpg gt=粤A8565Q code_cpu=粤A8565Q code_np=粤A8565Q agree=1 ok_cpu=1 ok_np=1 none_cpu=0 none_np=0
SCENE file=0164750957855-88_89-248&517_482&588-479&587_264&596_255&526_470&517-19_0_32_25_30_4_10-144-36.jpg gt=粤A816EL code_cpu=粤A816EL code_np=粤A816EL agree=1 ok_cpu=1 ok_np=1 none_cpu=0 none_np=0
SCENE file=0164798850574-90_92-301&462_559&537-543&538_308&543_306&463_541&458-18_5_26_15_20_26_26-134-13.jpg gt=湘F2RW22 code_cpu=湘F2RW22 code_np=湘F2RW22 agree=1 ok_cpu=1 ok_np=1 none_cpu=0 none_np=0
SCENE file=0165277777778-88_69-302&469_574&551-569&530_343&550_303&485_529&465-10_0_1_26_29_15_32-83-31.jpg gt=苏AB25R8 code_cpu=苏AB25R8 code_np=苏AB25R8 agree=1 ok_cpu=1 ok_np=1 none_cpu=0 none_np=0
SCENE file=0165948275862-92_86-370&524_604&603-610&604_367&596_357&518_600&526-10_0_6_31_29_11_25-96-84.jpg gt=苏AG75M1 code_cpu=苏AG75M1 code_np=苏AG75M1 agree=1 ok_cpu=1 ok_np=1 none_cpu=0 none_np=0
SCENE file=0166056034483-92_80-169&471_394&564-392&563_185&544_175&471_382&490-22_16_18_24_30_27_32-109-102.jpg gt=川SU0638 code_cpu=川SU0638 code_np=川SU0638 agree=1 ok_cpu=1 ok_np=1 none_cpu=0 none_np=0
SCENE file=0166056034483-93_77-91&331_308&404-309&422_102&396_88&324_295&350-3_0_16_8_25_32_30-125-33.jpg gt=渝ASJ186 code_cpu=渝ASJ186 code_np=渝ASJ186 agree=1 ok_cpu=1 ok_np=1 none_cpu=0 none_np=0
SCENE file=0168342911878-86_94-352&386_560&465-554&443_356&466_353&400_551&377-13_1_2_19_31_32_32-122-32.jpg gt=闽BCV788 code_cpu=闽BCV788 code_np=闽BCV788 agree=1 ok_cpu=1 ok_np=1 none_cpu=0 none_np=0
SCENE file=0168462643678-92_83-279&468_507&570-505&573_280&555_262&469_487&487-10_0_15_31_3_25_31-70-11.jpg gt=苏AR7D17 code_cpu=苏AR7D17 code_np=苏AR7D17 agree=1 ok_cpu=1 ok_np=1 none_cpu=0 none_np=0
SCENE file=0168534482759-90_88-388&327_611&417-612&414_391&406_397&324_618&332-16_16_5_12_29_24_27-107-52.jpg gt=豫SFN503 code_cpu=豫SFN503 code_np=豫SFN503 agree=1 ok_cpu=1 ok_np=1 none_cpu=0 none_np=0
SCENE file=01688697318-87_92-284&335_466&422-474&404_287&429_289&348_476&323-11_5_15_27_33_26_11-195-13.jpg gt=浙FR392M code_cpu=浙FR392M code_np=浙FR392M agree=1 ok_cpu=1 ok_np=1 none_cpu=0 none_np=0
SCENE file=0169252873564-91_89-319&536_566&605-571&612_323&604_335&525_583&533-2_0_3_15_26_24_30-159-35.jpg gt=津ADR206 code_cpu=津ADR206 code_np=津ADR206 agree=1 ok_cpu=1 ok_np=1 none_cpu=0 none_np=0
SCENE file=0169444444445-90_90-267&381_532&445-523&452_265&448_266&373_524&377-11_3_33_17_30_33_25-19-15.jpg gt=浙D9T691 code_cpu=浙D9T691 code_np=浙D9T691 agree=1 ok_cpu=1 ok_np=1 none_cpu=0 none_np=0
SCENE file=0170438218391-89_91-249&310_488&393-500&382_247&392_248&315_501&305-19_8_28_24_5_27_29-141-18.jpg gt=粤J40F35 code_cpu=粤J40F35 code_np=粤J40F35 agree=1 ok_cpu=1 ok_np=1 none_cpu=0 none_np=0
SCENE file=0170474137931-90_90-266&481_517&563-528&560_266&563_266&482_528&479-15_1_2_30_27_24_11-64-23.jpg gt=鲁BC630M code_cpu=鲁BC630M code_np=鲁BC630M agree=1 ok_cpu=1 ok_np=1 none_cpu=0 none_np=0
SCENE file=0170977011495-91_82-250&516_472&603-483&611_260&592_237&508_460&527-11_6_31_30_13_26_25-157-10.jpg gt=浙G76P21 code_cpu=浙G76P21 code_np=浙G76P21 agree=1 ok_cpu=1 ok_np=1 none_cpu=0 none_np=0
SCENE file=0171216475096-89_91-243&483_501&554-483&555_250&568_250&491_483&478-7_1_0_33_31_17_25-105-16.jpg gt=辽BA97T1 code_cpu=辽BA97T1 code_np=辽BA97T1 agree=1 ok_cpu=1 ok_np=1 none_cpu=0 none_np=0
SCENE file=0171228448276-90_90-228&438_478&515-468&505_231&515_230&440_467&430-11_1_8_29_33_20_26-60-16.jpg gt=浙BJ59W2 code_cpu=浙BJ59W2 code_np=浙BJ59W2 agree=1 ok_cpu=1 ok_np=1 none_cpu=0 none_np=0
SCENE file=0171336206897-90_84-206&469_513&548-528&565_215&562_209&481_522&484-14_4_16_30_31_32_29-109-31.jpg gt=赣ES6785 code_cpu=赣ES6785 code_np=赣ES6785 agree=1 ok_cpu=1 ok_np=1 none_cpu=0 none_np=0
SCENE file=0171479885057-90_86-265&450_510&535-522&533_266&535_266&447_522&445-19_15_3_17_33_24_25-126-63.jpg gt=粤RDT901 code_cpu=粤RDT901 code_np=粤RDT901 agree=1 ok_cpu=1 ok_np=1 none_cpu=0 none_np=0
SCENE file=0171671455938-92_84-185&495_424&570-428&590_196&573_187&489_419&506-15_1_2_30_27_24_11-143-79.jpg gt=鲁BC630M code_cpu=鲁BC630M code_np=鲁BC630M agree=1 ok_cpu=1 ok_np=1 none_cpu=0 none_np=0
SCENE file=0171695402298-90_96-219&510_488&586-489&577_238&584_238&504_489&497-16_0_30_26_7_25_33-139-16.jpg gt=豫A62H19 code_cpu=豫A62H19 code_np=豫A62H19 agree=1 ok_cpu=1 ok_np=1 none_cpu=0 none_np=0
SCENE file=0172413793103-90_76-158&432_440&526-443&518_197&516_172&437_418&439-2_12_5_11_30_32_30-79-20.jpg gt=津NFM686 code_cpu=津NFM686 code_np=津NFM686 agree=1 ok_cpu=1 ok_np=1 none_cpu=0 none_np=0
SCENE file=0172413793103-90_90-348&454_596&545-608&539_347&535_347&458_608&462-1_1_22_14_24_29_24-92-88.jpg gt=沪BYQ050 code_cpu=沪BYQ050 code_np=沪BYQ050 agree=1 ok_cpu=1 ok_np=1 none_cpu=0 none_np=0
SCENE file=0172473659004-91_88-198&475_448&550-452&571_204&552_198&461_446&480-14_4_28_30_31_25_33-92-15.jpg gt=赣E46719 code_cpu=赣E46719 code_np=赣E46719 agree=1 ok_cpu=1 ok_np=1 none_cpu=0 none_np=0
SCENE file=0172569444445-93_80-185&508_408&598-422&603_199&585_189&509_412&527-12_8_7_29_33_27_26-107-61.jpg gt=京JH5932 code_cpu=京JH5932 code_np=京JH5932 agree=1 ok_cpu=1 ok_np=1 none_cpu=0 none_np=0
SCENE file=0172653256705-94_87-206&541_431&630-431&637_212&618_210&543_429&562-5_11_21_33_32_31_33-142-37.jpg gt=晋MX9879 code_cpu=晋MX9879 code_np=晋MX9879 agree=1 ok_cpu=1 ok_np=1 none_cpu=0 none_np=0
SCENE file=017341954023-87_94-297&489_520&578-513&562_298&573_302&503_517&492-1_2_33_30_24_4_32-50-20.jpg gt=沪C960E8 code_cpu=沪C960E8 code_np=沪C960E8 agree=1 ok_cpu=1 ok_np=1 none_cpu=0 none_np=0
SCENE file=0173706896552-90_88-251&419_508&504-511&503_256&498_237&413_492&418-14_5_12_28_30_30_32-119-77.jpg gt=赣FN4668 code_cpu=赣FN4668 code_np=赣FN4668 agree=1 ok_cpu=1 ok_np=1 none_cpu=0 none_np=0
SCENE file=0173850574712-90_91-331&468_567&555-574&560_324&547_330&463_580&476-11_8_24_13_24_27_31-110-18.jpg gt=浙J0P037 code_cpu=浙J0P037 code_np=浙J0P037 agree=1 ok_cpu=1 ok_np=1 none_cpu=0 none_np=0
SCENE file=0175-93_86-329&390_557&476-563&488_333&473_332&395_562&410-12_12_10_25_20_26_24-184-23.jpg gt=京NL1W20 code_cpu=京NL1W20 code_np=京NL1W20 agree=1 ok_cpu=1 ok_np=1 none_cpu=0 none_np=0
SCENE file=0175047892721-97_69-277&449_461&548-462&565_296&528_271&444_437&481-6_1_13_12_29_27_24-66-17.jpg gt=蒙BPN530 code_cpu=蒙BPN530 code_np=蒙BPN530 agree=1 ok_cpu=1 ok_np=1 none_cpu=0 none_np=0
SCENE file=01751197318-87_91-301&505_524&593-528&577_304&592_306&505_530&490-1_1_2_16_26_24_27-164-18.jpg gt=沪BCS203 code_cpu=沪BCS203 code_np=沪BCS203 agree=1 ok_cpu=1 ok_np=1 none_cpu=0 none_np=0
SCENE file=0175167624521-91_86-250&493_466&582-473&580_254&566_237&487_456&501-16_7_23_23_33_32_32-123-76.jpg gt=豫HZZ988 code_cpu=豫HZZ988 code_np=豫HZZ988 agree=1 ok_cpu=1 ok_np=1 none_cpu=0 none_np=0
SCENE file=0175167624521-94_80-229&500_437&596-448&601_248&574_229&495_429&522-3_7_22_27_26_31_31-73-56.jpg gt=渝HY3277 code_cpu=渝HY3277 code_np=渝HY3277 agree=1 ok_cpu=1 ok_np=1 none_cpu=0 none_np=0
SCENE file=0175478927203-90_84-107&526_360&592-362&606_126&602_106&522_342&526-5_1_14_33_30_25_26-109-14.jpg gt=晋BQ9612 code_cpu=晋BQ9612 code_np=晋BQ9612 agree=1 ok_cpu=1 ok_np=1 none_cpu=0 none_np=0
SCENE file=0175478927203-90_86-279&451_541&539-552&543_287&539_290&449_555&453-13_3_30_32_33_15_30-169-60.jpg gt=闽D689R6 code_cpu=闽D689R6 code_np=闽D689R6 agree=1 ok_cpu=1 ok_np=1 none_cpu=0 none_np=0
SCENE file=0175682471264-90_85-227&494_459&580-454&577_223&578_228&493_459&492-13_3_18_27_33_27_27-72-22.jpg gt=闽DU3933 code_cpu=闽DU3933 code_np=闽DU3933 agree=1 ok_cpu=1 ok_np=1 none_cpu=0 none_np=0
SCENE file=0175826149426-102_70-176&463_359&561-365&575_198&525_189&453_356&503-19_21_11_3_26_31_33-93-32.jpg gt=粤XMD279 code_cpu=粤XMD279 code_np=粤XMD279 agree=1 ok_cpu=1 ok_np=1 none_cpu=0 none_np=0
SCENE file=0176245210728-88_88-266&449_525&509-528&521_273&521_270&440_525&440-14_0_33_25_25_27_25-173-17.jpg gt=赣A91131 code_cpu=赣A91131 code_np=赣A91131 agree=1 ok_cpu=1 ok_np=1 none_cpu=0 none_np=0
SCENE file=0176245210728-89_92-166&527_426&613-430&606_174&614_170&535_426&527-22_0_23_19_29_24_24-131-33.jpg gt=川AZV500 code_cpu=川AZV500 code_np=川AZV500 agree=1 ok_cpu=1 ok_np=1 none_cpu=0 none_np=0
SCENE file=0176484674329-90_88-147&547_398&636-409&635_149&620_136&539_396&554-4_0_19_12_31_26_24-86-29.jpg gt=冀AVN720 code_cpu=冀AVN720 code_np=冀AVN720 agree=1 ok_cpu=1 ok_np=1 none_cpu=0 none_np=0
SCENE file=017650862069-90_89-313&343_557&424-577&422_321&431_323&343_579&334-13_2_29_32_32_23_30-108-48.jpg gt=闽C588Z6 code_cpu=闽C588Z6 code_np=闽C588Z6 agree=1 ok_cpu=1 ok_np=1 none_cpu=0 none_np=0
SCENE file=0176664272031-92_87-235&523_481&599-478&603_241&585_230&509_467&527-11_6_30_24_27_7_23-95-10.jpg gt=浙G603HZ code_cpu=浙G603HZ code_np=浙G603HZ agree=1 ok_cpu=1 ok_np=1 none_cpu=0 none_np=0
SCENE file=0177011494253-92_84-145&415_375&498-381&499_146&483_137&404_372&420-13_1_1_11_27_29_26-111-56.jpg gt=闽BBM352 code_cpu=闽BBM352 code_np=闽BBM352 agree=1 ok_cpu=1 ok_np=1 none_cpu=0 none_np=0
SCENE file=0177011494253-92_85-283&402_518&482-520&483_281&471_281&396_520&408-4_8_24_31_27_21_33-109-76.jpg gt=冀J073X9 code_cpu=冀J073X9 code_np=冀J073X9 agree=1 ok_cpu=1 ok_np=1 none_cpu=0 none_np=0
SCENE file=0177478448276-90_88-187&482_464&554-468&561_194&568_183&489_457&482-12_11_15_31_31_30_29-119-26.jpg gt=京MR7765 code_cpu=京MR7765 code_np=京MR7765 agree=1 ok_cpu=1 ok_np=1 none_cpu=0 none_np=0
SCENE file=0177670019157-92_80-242&448_466&541-477&542_261&523_229&437_445&456-22_0_12_30_14_24_24-111-68.jpg gt=川AN6Q00 code_cpu=川AN6Q00 code_np=川AN6Q00 agree=1 ok_cpu=1 ok_np=1 none_cpu=0 none_np=0
SCENE file=0177777777778-90_88-296&426_558&517-546&516_296&507_302&425_552&434-1_2_10_1_26_30_30-131-27.jpg gt=沪CLB266 code_cpu=沪CLB266 code_np=沪CLB266 agree=1 ok_cpu=1 ok_np=1 none_cpu=0 none_np=0
SCENE file=0178220785441-91_79-230&505_470&587-486&588_233&578_217&495_470&505-18_0_1_25_24_22_27-118-49.jpg gt=湘AB10Y3 code_cpu=湘AB10Y3 code_np=湘AB10Y3 agree=1 ok_cpu=1 ok_np=1 none_cpu=0 none_np=0
SCENE file=0178448275862-91_86-191&464_432&548-434&550_200&544_202&456_436&462-10_12_31_24_13_27_32-109-36.jpg gt=苏N70P38 code_cpu=苏N70P38 code_np=苏N70P38 agree=1 ok_cpu=1 ok_np=1 none_cpu=0 none_np=0
SCENE file=0178591954023-90_85-254&465_484&558-492&557_258&548_246&464_480&473-23_0_24_33_24_29_19-153-84.jpg gt=贵A0905V code_cpu=贵A0905V code_np=贵A0905V agree=1 ok_cpu=1 ok_np=1 none_cpu=0 none_np=0
SCENE file=0178771551724-94_79-231&506_442&608-446&606_230&582_218&494_434&518-19_1_29_26_32_6_13-96-17.jpg gt=粤B528GP code_cpu=粤B528GP code_np=粤B528GP agree=1 ok_cpu=1 ok_np=1 none_cpu=0 none_np=0
SCENE file=0179310344828-94_71-257&519_489&592-493&607_281&589_252&512_464&530-12_14_33_24_32_30_32-117-52.jpg gt=京Q90868 code_cpu=京Q90868 code_np=京Q90868 agree=1 ok_cpu=1 ok_np=1 none_cpu=0 none_np=0
SCENE file=0179418103448-82_95-256&471_466&569-469&537_259&579_251&499_461&457-0_0_5_11_29_26_30-117-14.jpg gt=皖AFM526 code_cpu=皖AFM526 code_np=皖AFM526 agree=1 ok_cpu=1 ok_np=1 none_cpu=0 none_np=0
SCENE file=0179549808429-79_97-301&497_477&595-479&561_316&615_304&534_467&480-10_0_29_13_32_8_31-135-14.jpg gt=苏A5P8J7 code_cpu=苏A5P8J7 code_np=苏A5P8J7 agree=1 ok_cpu=1 ok_np=1 none_cpu=0 none_np=0
SCENE file=017969348659-90_98-429&332_682&411-661&414_438&418_465&332_688&328-11_1_31_10_17_27_32-123-28.jpg gt=浙B7LT38 code_cpu=浙B7LT38 code_np=浙B7LT38 agree=1 ok_cpu=1 ok_np=1 none_cpu=0 none_np=0
SCENE file=0180076628352-90_86-194&490_448&576-446&573_201&576_199&495_444&492-16_16_9_5_32_30_31-79-19.jpg gt=豫SKF867 code_cpu=豫SKF867 code_np=豫SKF867 agree=1 ok_cpu=1 ok_np=1 none_cpu=0 none_np=0
SCENE file=0180196360153-100_69-239&382_423&493-432&492_253&455_236&376_415&413-13_2_6_24_21_24_25-98-26.jpg gt=闽CG0X01 code_cpu=冀CG0X01 code_np=冀CG0X01 agree=1 ok_cpu=0 ok_np=0 none_cpu=0 none_np=0
SCENE file=0180555555555-90_90-154&424_415&519-420&510_153&512_151&423_418&421-13_0_16_3_32_25_32-89-39.jpg gt=闽ASD818 code_cpu=闽ASD818 code_np=闽ASD818 agree=1 ok_cpu=1 ok_np=1 none_cpu=0 none_np=0
SCENE file=0181070402298-86_99-303&511_535&604-531&580_313&596_326&529_544&513-22_0_6_27_27_32_1-170-53.jpg gt=川AG338B code_cpu=川AG338B code_np=川AG338B agree=1 ok_cpu=1 ok_np=1 none_cpu=0 none_np=0
SCENE file=018133381226-89_87-173&426_434&508-443&503_186&502_174&421_431&422-18_6_26_11_29_33_25-82-27.jpg gt=湘G2M591 code_cpu=湘G2M591 code_np=湘G2M591 agree=1 ok_cpu=1 ok_np=1 none_cpu=0 none_np=0
SCENE file=0181393678161-92_85-233&381_444&479-450&476_236&461_223&377_437&392-11_8_33_32_30_26_15-119-95.jpg gt=浙J9862R code_cpu=浙J9862R code_np=浙J9862R agree=1 ok_cpu=1 ok_np=1 none_cpu=0 none_np=0
SCENE file=0181561302682-92_85-230&365_480&448-477&445_237&430_231&351_471&366-15_7_31_32_32_32_10-93-20.jpg gt=鲁H7888L code_cpu=鲁H7888L code_np=鲁H7888L agree=1 ok_cpu=1 ok_np=1 none_cpu=0 none_np=0
SCENE file=0181920498084-88_94-273&565_513&650-523&643_266&652_272&573_529&564-1_2_24_10_22_25_31-62-10.jpg gt=沪C0LY17 code_cpu=沪C0LY17 code_np=沪C0LY17 agree=1 ok_cpu=1 ok_np=1 none_cpu=0 none_np=0
SCENE file=0182291666667-87_94-194&583_418&677-417&652_207&675_209&598_419&575-11_0_31_7_22_26_24-126-22.jpg gt=浙A7HY20 code_cpu=浙A7HY20 code_np=浙A7HY20 agree=1 ok_cpu=1 ok_np=1 none_cpu=0 none_np=0
SCENE file=0182327586207-84_96-283&366_491&458-488&428_284&457_286&383_490&354-17_0_32_30_14_0_33-141-39.jpg gt=鄂A86QA9 code_cpu=鄂A86QA9 code_np=鄂A86QA9 agree=1 ok_cpu=1 ok_np=1 none_cpu=0 none_np=0
SCENE file=0182543103448-90_85-171&491_435&572-439&571_178&581_178&485_439&475-17_0_32_27_13_33_33-119-62.jpg gt=鄂A83P99 code_cpu=鄂A83P99 code_np=鄂A83P99 agree=1 ok_cpu=1 ok_np=1 none_cpu=0 none_np=0
SCENE file=0182854406131-93_89-240&560_446&649-451&655_235&635_247&556_463&576-7_1_14_8_30_26_25-135-23.jpg gt=辽BQJ621 code_cpu=辽BQJ621 code_np=辽BQJ621 agree=1 ok_cpu=1 ok_np=1 none_cpu=0 none_np=0
SCENE file=0183405172414-89_91-306&433_547&523-561&512_314&520_313&437_560&429-4_0_17_29_7_32_25-112-28.jpg gt=冀AT5H81 code_cpu=冀AT5H81 code_np=冀AT5H81 agree=1 ok_cpu=1 ok_np=1 none_cpu=0 none_np=0
SCENE file=0183620689655-92_83-348&509_567&602-565&610_351&586_352&510_566&534-3_5_0_6_24_24_26-155-17.jpg gt=渝FAG002 code_cpu=渝FAG002 code_np=渝FAG002 agree=1 ok_cpu=1 ok_np=1 none_cpu=0 none_np=0
SCENE file=0183848180076-87_95-237&555_440&649-445&621_238&648_240&573_447&546-15_1_30_9_8_29_33-128-25.jpg gt=鲁B6KJ59 code_cpu=鲁B6KJ59 code_np=鲁B6KJ59 agree=1 ok_cpu=1 ok_np=1 none_cpu=0 none_np=0
SCENE file=0184231321839-88_85-240&426_483&495-481&497_253&506_242&433_470&424-17_0_17_32_7_25_24-151-60.jpg gt=鄂AT8H10 code_cpu=鄂AT8H10 code_np=鄂AT8H10 agree=1 ok_cpu=1 ok_np=1 none_cpu=0 none_np=0
SCENE file=0185344827586-90_80-212&480_443&580-439&580_223&570_204&482_420&492-11_2_10_33_5_27_27-75-128.jpg gt=浙CL9F33 code_cpu=浙CL9F33 code_np=浙CL9F33 agree=1 ok_cpu=1 ok_np=1 none_cpu=0 none_np=0
SCENE file=0185632183908-90_90-195&525_443&610-450&600_199&608_197&522_448&514-7_1_29_7_33_25_22-174-16.jpg gt=辽B5H91Y code_cpu=辽B5H91Y code_np=辽B5H91Y agree=1 ok_cpu=1 ok_np=1 none_cpu=0 none_np=0
SCENE file=018588362069-90_81-254&488_501&576-498&568_269&567_247&491_476&492-4_8_24_19_32_10_25-65-20.jpg gt=冀J0V8L1 code_cpu=冀J0V8L1 code_np=冀J0V8L1 agree=1 ok_cpu=1 ok_np=1 none_cpu=0 none_np=0
SCENE file=0186170977012-90_93-260&515_488&595-494&590_268&598_272&513_498&505-16_15_31_33_30_15_29-115-18.jpg gt=豫R796R5 code_cpu=豫R796R5 code_np=豫R796R5 agree=1 ok_cpu=1 ok_np=1 none_cpu=0 none_np=0
SCENE file=0186206896552-90_91-221&501_493&577-497&578_230&577_234&497_501&498-22_0_26_25_8_31_30-97-49.jpg gt=川A21J76 code_cpu=川A21J76 code_np=川A21J76 agree=1 ok_cpu=1 ok_np=1 none_cpu=0 none_np=0
SCENE file=0186314655172-99_75-249&394_432&498-433&499_253&457_247&381_427&423-9_0_32_27_27_7_17-135-39.jpg gt=黑A833HT code_cpu=黑A833HT code_np=黑A833HT agree=1 ok_cpu=1 ok_np=1 none_cpu=0 none_np=0
SCENE file=0187739463602-90_85-156&611_436&685-445&695_171&688_163&601_437&608-10_3_1_6_25_31_27-79-40.jpg gt=苏DBG173 code_cpu=苏DBG173 code_np=苏DBG173 agree=1 ok_cpu=1 ok_np=1 none_cpu=0 none_np=0
SCENE file=0187823275862-96_75-318&392_515&491-521&498_323&459_312&383_510&422-19_3_27_27_6_32_30-124-29.jpg gt=粤D33G86 code_cpu=粤D33G86 code_np=粤D33G86 agree=1 ok_cpu=1 ok_np=1 none_cpu=0 none_np=0
SCENE file=0188505747126-90_92-304&486_567&553-556&549_316&558_320&484_560&475-8_7_33_32_27_24_26-110-30.jpg gt=吉H98302 code_cpu=吉H98302 code_np=吉H98302 agree=1 ok_cpu=1 ok_np=1 none_cpu=0 none_np=0
SCENE file=0188577586207-90_92-251&458_497&542-494&540_252&538_252&451_494&453-1_2_33_33_28_18_25-151-24.jpg gt=沪C994U1 code_cpu=沪C994U1 code_np=沪C994U1 agree=1 ok_cpu=1 ok_np=1 none_cpu=0 none_np=0
SCENE file=0188613505747-90_86-137&391_425&473-431&480_152&476_156&395_435&399-1_8_1_25_33_31_30-65-31.jpg gt=沪JB1976 code_cpu=沪JB1976 code_np=沪JB1976 agree=1 ok_cpu=1 ok_np=1 none_cpu=0 none_np=0
SCENE file=0188721264367-93_84-192&478_426&569-431&569_205&545_201&470_427&494-15_15_29_30_16_31_31-168-47.jpg gt=鲁R56S77 code_cpu=鲁R56S77 code_np=鲁R56S77 agree=1 ok_cpu=1 ok_np=1 none_cpu=0 none_np=0
SCENE file=018911637931-89_79-175&523_438&608-445&608_192&610_165&532_418&530-12_12_22_30_33_29_28-99-16.jpg gt=京NY6954 code_cpu=京NY6954 code_np=京NY6954 agree=1 ok_cpu=1 ok_np=1 none_cpu=0 none_np=0
SCENE file=0189319923372-90_90-257&502_551&589-545&577_259&572_258&499_544&504-1_7_24_25_32_25_32-78-17.jpg gt=沪H01818 code_cpu=沪H01818 code_np=沪H01818 agree=1 ok_cpu=1 ok_np=1 none_cpu=0 none_np=0
SCENE file=0189415708812-89_87-211&345_465&415-469&420_208&421_208&340_469&339-22_0_26_7_27_20_27-63-26.jpg gt=川A2H3W3 code_cpu=川A2H3W3 code_np=川A2H3W3 agree=1 ok_cpu=1 ok_np=1 none_cpu=0 none_np=0
SCENE file=0190014367816-89_87-237&516_477&601-481&588_240&603_235&523_476&508-26_2_13_31_30_33_24-137-28.jpg gt=陕CP7690 code_cpu=陕CP7690 code_np=陕CP7690 agree=1 ok_cpu=1 ok_np=1 none_cpu=0 none_np=0
SCENE file=0190014367816-90_87-163&355_413&455-409&445_171&445_160&365_398&365-14_4_28_30_31_25_33-64-21.jpg gt=赣E46719 code_cpu=赣E46719 code_np=赣E46719 agree=1 ok_cpu=1 ok_np=1 none_cpu=0 none_np=0
SCENE file=0190253831417-90_86-177&475_426&557-429&565_197&556_185&473_417&482-9_0_0_30_25_9_32-157-43.jpg gt=黑AA61K8 code_cpu=黑AA61K8 code_np=黑AA61K8 agree=1 ok_cpu=1 ok_np=1 none_cpu=0 none_np=0
SCENE file=0190840517241-90_83-235&484_491&561-500&572_248&552_216&469_468&489-1_2_30_7_32_3_25-154-14.jpg gt=沪C6H8D1 code_cpu=沪C6H8D1 code_np=沪C6H8D1 agree=1 ok_cpu=1 ok_np=1 none_cpu=0 none_np=0
SCENE file=0190924329502-91_90-318&491_566&584-569&577_323&571_327&497_573&503-22_0_26_25_8_31_30-86-51.jpg gt=川A21J76 code_cpu=川A21J76 code_np=川A21J76 agree=1 ok_cpu=1 ok_np=1 none_cpu=0 none_np=0
SCENE file=0191666666667-92_91-281&296_530&380-547&374_289&375_287&295_545&294-1_3_9_32_31_27_27-133-35.jpg gt=沪DK8733 code_cpu=沪DK8733 code_np=沪DK8733 agree=1 ok_cpu=1 ok_np=1 none_cpu=0 none_np=0
SCENE file=0192265325671-95_73-170&459_401&564-404&573_176&540_158&460_386&493-17_0_25_25_32_10_28-98-70.jpg gt=鄂A118L4 code_cpu=鄂A118L4 code_np=鄂A118L4 agree=1 ok_cpu=1 ok_np=1 none_cpu=0 none_np=0
SCENE file=0192492816092-89_87-289&403_560&484-553&485_290&495_287&406_550&396-11_0_7_9_29_32_32-160-37.jpg gt=浙AHK588 code_cpu=浙AHK588 code_np=浙AHK588 agree=1 ok_cpu=1 ok_np=1 none_cpu=0 none_np=0
SCENE file=0192528735633-90_84-230&504_533&572-547&586_249&586_226&498_524&498-18_0_12_8_29_26_30-122-23.jpg gt=湘ANJ526 code_cpu=湘ANJ526 code_np=湘ANJ526 agree=1 ok_cpu=1 ok_np=1 none_cpu=0 none_np=0
SCENE file=0192959770115-92_81-205&549_471&631-484&636_216&621_201&547_469&562-17_0_31_31_16_29_2-55-22.jpg gt=鄂A77S5C code_cpu=鄂A77S5C code_np=鄂A77S5C agree=1 ok_cpu=1 ok_np=1 none_cpu=0 none_np=0
SCENE file=0193067528736-93_74-104&489_333&576-341&587_124&555_96&473_313&505-11_2_22_9_33_29_32-190-31.jpg gt=浙CYK958 code_cpu=浙CYK958 code_np=浙CYK958 agree=1 ok_cpu=1 ok_np=1 none_cpu=0 none_np=0
SCENE file=0193103448276-90_89-221&493_503&565-505&576_236&567_229&479_498&488-16_13_12_21_31_31_31-162-88.jpg gt=豫PNX777 code_cpu=豫PNX777 code_np=豫PNX777 agree=1 ok_cpu=1 ok_np=1 none_cpu=0 none_np=0
SCENE file=0193103448276-91_88-262&531_500&627-498&620_268&606_262&531_492&545-16_16_29_23_32_32_31-67-44.jpg gt=豫S5Z887 code_cpu=豫S5Z887 code_np=豫S5Z887 agree=1 ok_cpu=1 ok_np=1 none_cpu=0 none_np=0
SCENE file=0193151340996-92_87-182&354_450&433-429&442_189&432_189&350_429&360-12_13_30_31_30_4_25-102-24.jpg gt=京P676E1 code_cpu=京P676E1 code_np=京P676E1 agree=1 ok_cpu=1 ok_np=1 none_cpu=0 none_np=0
SCENE file=0194252873564-94_87-256&596_468&691-469&687_253&663_254&590_470&614-22_4_33_27_32_30_6-119-30.jpg gt=川E9386G code_cpu=川E9386G code_np=川E9386G agree=1 ok_cpu=1 ok_np=1 none_cpu=0 none_np=0
SCENE file=0194588122605-91_73-86&490_341&589-350&586_119&566_88&488_319&508-22_0_6_20_25_32_28-127-93.jpg gt=川AGW184 code_cpu=川AGW184 code_np=川AGW184 agree=1 ok_cpu=1 ok_np=1 none_cpu=0 none_np=0
SCENE file=0194827586207-88_92-130&524_392&617-406&608_131&617_127&532_402&523-15_3_25_26_32_22_24-106-20.jpg gt=鲁D128Y0 code_cpu=鲁D128Y0 code_np=鲁D128Y0 agree=1 ok_cpu=1 ok_np=1 none_cpu=0 none_np=0
SCENE file=0194827586207-94_85-208&622_463&702-471&710_224&692_223&613_470&631-15_1_32_19_18_32_33-105-49.jpg gt=鲁B8VU89 code_cpu=鲁B8VU89 code_np=鲁B8VU89 agree=1 ok_cpu=1 ok_np=1 none_cpu=0 none_np=0
SCENE file=0194971264367-101_80-334&486_524&600-521&601_337&550_339&474_523&525-0_0_15_28_32_32_15-120-23.jpg gt=皖AR488R code_cpu=皖AR488R code_np=皖AR488R agree=1 ok_cpu=1 ok_np=1 none_cpu=0 none_np=0
SCENE file=0195186781609-92_86-255&505_519&599-524&599_248&588_247&508_523&519-19_1_14_33_24_16_24-145-38.jpg gt=粤BQ90S0 code_cpu=粤BQ90S0 code_np=粤BQ90S0 agree=1 ok_cpu=1 ok_np=1 none_cpu=0 none_np=0
SCENE file=0195689655172-90_91-171&501_440&589-419&576_170&607_189&518_438&487-11_4_0_12_26_24_31-88-25.jpg gt=浙EAN207 code_cpu=浙EAN207 code_np=浙EAN207 agree=1 ok_cpu=1 ok_np=1 none_cpu=0 none_np=0
SCENE file=0195785440614-88_93-216&421_472&511-456&497_214&513_221&437_463&421-22_0_24_33_33_12_26-178-62.jpg gt=川A099N2 code_cpu=川A099N2 code_np=川A099N2 agree=1 ok_cpu=1 ok_np=1 none_cpu=0 none_np=0
SCENE file=0195797413793-90_88-242&544_517&617-510&628_249&625_237&541_498&544-22_21_33_24_30_26_25-172-28.jpg gt=川X90621 code_cpu=川X90621 code_np=川X90621 agree=1 ok_cpu=1 ok_np=1 none_cpu=0 none_np=0
SCENE file=0195977011495-81_106-321&378_520&485-515&442_331&480_341&408_525&370-10_1_29_25_30_5_7-99-35.jpg gt=苏B516FH code_cpu=苏B516FH code_np=苏B516FH agree=1 ok_cpu=1 ok_np=1 none_cpu=0 none_np=0
SCENE file=0196360153257-93_87-185&404_407&501-406&499_183&471_182&391_405&419-16_12_32_19_26_32_25-100-45.jpg gt=豫N8V281 code_cpu=豫N8V281 code_np=豫N8V281 agree=1 ok_cpu=1 ok_np=1 none_cpu=0 none_np=0
SCENE file=0196551724138-95_64-229&517_459&617-464&615_252&587_220&510_432&538-0_0_16_30_5_24_30-97-112.jpg gt=皖AS6F06 code_cpu=皖AS6F06 code_np=皖AS6F06 agree=1 ok_cpu=1 ok_np=1 none_cpu=0 none_np=0
SCENE file=0197030651341-90_88-359&352_629&440-638&438_356&438_350&343_632&343-13_2_6_7_27_30_25-134-29.jpg gt=闽CGH361 code_cpu=闽CGH361 code_np=闽CGH361 agree=1 ok_cpu=1 ok_np=1 none_cpu=0 none_np=0
SCENE file=0197341954023-90_83-285&550_560&643-559&636_295&653_281&563_545&546-10_4_31_32_12_2_30-179-17.jpg gt=苏E78NC6 code_cpu=苏E78NC6 code_np=苏E78NC6 agree=1 ok_cpu=1 ok_np=1 none_cpu=0 none_np=0
SCENE file=0197701149426-90_81-211&505_491&576-490&581_235&580_222&499_477&500-17_4_33_3_29_27_31-67-33.jpg gt=鄂E9D537 code_cpu=鄂E9D537 code_np=鄂E9D537 agree=1 ok_cpu=1 ok_np=1 none_cpu=0 none_np=0
SCENE file=0197701149426-98_72-319&611_515&694-517&714_323&677_318&605_512&642-15_12_33_30_21_30_24-147-67.jpg gt=鲁N96X60 code_cpu=鲁N96X60 code_np=鲁N96X60 agree=1 ok_cpu=1 ok_np=1 none_cpu=0 none_np=0
SCENE file=0197844827586-88_92-232&460_456&558-457&532_238&559_234&469_453&442-13_3_3_33_23_33_25-157-14.jpg gt=闽DD9Z91 code_cpu=闽DD9Z91 code_np=闽DD9Z91 agree=1 ok_cpu=1 ok_np=1 none_cpu=0 none_np=0
SCENE file=0197988505747-90_90-250&403_497&512-495&478_252&513_246&423_489&388-11_5_4_29_26_26_6-171-76.jpg gt=浙FE522G code_cpu=浙FE522G code_np=浙FE522G agree=1 ok_cpu=1 ok_np=1 none_cpu=0 none_np=0
SCENE file=0198215996169-93_90-243&514_467&598-469&603_241&595_251&506_479&514-8_0_24_3_29_33_26-113-21.jpg gt=吉A0D592 code_cpu=吉A0D592 code_np=吉A0D592 agree=1 ok_cpu=1 ok_np=1 none_cpu=0 none_np=0
SCENE file=0199137931034-90_89-219&434_470&530-485&526_234&532_233&446_484&440-10_1_23_31_26_31_16-136-23.jpg gt=苏BZ727S code_cpu=苏BZ727S code_np=苏BZ727S agree=1 ok_cpu=1 ok_np=1 none_cpu=0 none_np=0
SCENE file=0199353448276-87_95-268&481_505&565-503&553_277&569_287&485_513&469-11_1_27_4_33_3_27-189-18.jpg gt=浙B3E9D3 code_cpu=浙B3E9D3 code_np=浙B3E9D3 agree=1 ok_cpu=1 ok_np=1 none_cpu=0 none_np=0
SCENE file=0199856321839-89_94-155&495_388&599-379&583_154&593_171&495_396&485-16_0_15_25_5_30_25-88-72.jpg gt=豫AR1F61 code_cpu=豫AR1F61 code_np=豫AR1F61 agree=1 ok_cpu=1 ok_np=1 none_cpu=0 none_np=0
SCENE file=02-90_85-190&484_462&565-467&555_205&563_207&489_469&481-14_0_20_32_30_33_25-92-86.jpg gt=赣AW8691 code_cpu=赣AW8691 code_np=赣AW8691 agree=1 ok_cpu=1 ok_np=1 none_cpu=0 none_np=0
SCENE file=02000598659-90_92-200&348_439&444-427&443_198&430_204&346_433&359-0_0_5_33_24_30_5-140-32.jpg gt=皖AF906F code_cpu=皖AF906F code_np=皖AF906F agree=1 ok_cpu=1 ok_np=1 none_cpu=0 none_np=0
SCENE file=0200155651341-92_80-110&436_350&525-356&529_125&515_111&434_342&448-3_3_9_27_29_32_33-115-55.jpg gt=渝DK3589 code_cpu=渝DK3589 code_np=渝DK3589 agree=1 ok_cpu=1 ok_np=1 none_cpu=0 none_np=0
SCENE file=0200646551724-90_88-213&546_509&642-518&640_230&642_227&555_515&553-16_6_8_13_27_33_33-48-14.jpg gt=豫GJP399 code_cpu=豫GJP399 code_np=豫GJP399 agree=1 ok_cpu=1 ok_np=1 none_cpu=0 none_np=0
SCENE file=0200754310345-89_91-290&448_563&532-555&510_302&529_299&451_552&432-15_14_26_24_29_11_25-41-19.jpg gt=鲁Q205M1 code_cpu=鲁Q205M1 code_np=鲁Q205M1 agree=1 ok_cpu=1 ok_np=1 none_cpu=0 none_np=0
SCENE file=0201352969348-90_90-299&425_595&507-583&503_301&503_304&417_586&417-13_6_21_24_24_24_27-93-29.jpg gt=闽GX0003 code_cpu=闽GX0003 code_np=闽GX0003 agree=1 ok_cpu=1 ok_np=1 none_cpu=0 none_np=0
SCENE file=020156848659-91_83-44&308_307&395-313&396_68&392_60&314_305&318-15_0_18_1_31_27_29-120-86.jpg gt=鲁AUB735 code_cpu=鲁AUB735 code_np=鲁AUB735 agree=1 ok_cpu=1 ok_np=1 none_cpu=0 none_np=0
SCENE file=020158045977-91_79-247&507_496&603-494&601_257&585_238&504_475&520-4_5_30_31_27_20_27-142-96.jpg gt=冀F673W3 code_cpu=冀F673W3 code_np=冀F673W3 agree=1 ok_cpu=1 ok_np=1 none_cpu=0 none_np=0
SCENE file=0201724137931-90_88-287&505_528&598-541&604_288&598_281&500_534&506-3_5_27_30_32_9_25-61-11.jpg gt=渝F368K1 code_cpu=渝F368K1 code_np=渝F368K1 agree=1 ok_cpu=1 ok_np=1 none_cpu=0 none_np=0
SCENE file=0202011494253-90_90-204&491_469&583-462&578_210&592_212&500_464&486-19_16_24_16_12_28_33-49-12.jpg gt=粤S0SN49 code_cpu=粤S0SN49 code_np=粤S0SN49 agree=1 ok_cpu=1 ok_np=1 none_cpu=0 none_np=0
SCENE file=0202047413793-91_89-226&444_474&520-469&527_232&515_238&433_475&445-3_1_27_25_30_22_31-189-31.jpg gt=渝B316Y7 code_cpu=渝B316Y7 code_np=渝B316Y7 agree=1 ok_cpu=1 ok_np=1 none_cpu=0 none_np=0
SCENE file=0202897509579-88_98-191&453_430&557-436&529_193&548_208&466_451&447-1_2_24_1_4_27_26-73-61.jpg gt=沪C0BE32 code_cpu=沪C0BE32 code_np=沪C0BE32 agree=1 ok_cpu=1 ok_np=1 none_cpu=0 none_np=0
SCENE file=0203172892721-90_85-232&463_515&560-534&552_245&551_231&467_520&468-22_0_10_27_29_31_2-86-51.jpg gt=川AL357C code_cpu=川AL357C code_np=川AL357C agree=1 ok_cpu=1 ok_np=1 none_cpu=0 none_np=0
SCENE file=0203172892721-90_90-239&426_504&521-517&518_248&514_250&424_519&428-7_10_0_7_30_32_32-153-20.jpg gt=辽LAH688 code_cpu=辽LAH688 code_np=辽LAH688 agree=1 ok_cpu=1 ok_np=1 none_cpu=0 none_np=0
SCENE file=0204058908046-92_79-219&499_482&583-488&579_234&573_194&495_448&501-10_0_12_31_31_7_26-176-21.jpg gt=苏AN77H2 code_cpu=苏AN77H2 code_np=苏AN77H2 agree=1 ok_cpu=1 ok_np=1 none_cpu=0 none_np=0
SCENE file=0204214559386-96_70-101&389_352&490-331&488_130&454_115&381_316&415-22_0_12_7_33_30_30-76-45.jpg gt=川ANH966 code_cpu=川ANH966 code_np=川ANH966 agree=1 ok_cpu=1 ok_np=1 none_cpu=0 none_np=0
SCENE file=0204525862069-91_88-341&498_583&580-587&586_345&577_347&496_589&505-0_0_13_32_30_29_25-70-18.jpg gt=皖AP8651 code_cpu=皖AP8651 code_np=皖AP8651 agree=1 ok_cpu=1 ok_np=1 none_cpu=0 none_np=0
SCENE file=0204561781609-91_80-189&505_466&604-470&607_189&591_177&499_458&515-13_0_30_29_19_26_29-152-30.jpg gt=闽A65V25 code_cpu=闽A65V25 code_np=闽A65V25 agree=1 ok_cpu=1 ok_np=1 none_cpu=0 none_np=0
SCENE file=0205172413793-92_87-437&381_656&473-655&477_434&465_440&378_661&390-13_2_8_31_32_32_15-140-71.jpg gt=闽CJ788R code_cpu=闽CJ788R code_np=闽CJ788R agree=1 ok_cpu=1 ok_np=1 none_cpu=0 none_np=0
SCENE file=0205196360153-94_74-171&510_391&607-394&609_185&583_167&506_376&532-23_0_24_9_5_31_32-130-75.jpg gt=贵A0KF78 code_cpu=贵A0KF78 code_np=贵A0KF78 agree=1 ok_cpu=1 ok_np=1 none_cpu=0 none_np=0
SCENE file=0205998563219-83_97-135&371_337&476-345&444_155&474_149&393_339&363-4_0_26_31_19_24_32-80-17.jpg gt=冀A27V08 code_cpu=冀A27V08 code_np=冀A27V08 agree=1 ok_cpu=1 ok_np=1 none_cpu=0 none_np=0
SCENE file=0206800766283-90_92-222&298_496&392-499&390_224&383_227&292_502&299-26_5_17_6_24_24_24-130-37.jpg gt=陕FTG000 code_cpu=陕FTG000 code_np=陕FTG000 agree=1 ok_cpu=1 ok_np=1 none_cpu=0 none_np=0
SCENE file=0207435344828-92_85-277&485_527&580-542&582_284&566_274&483_532&499-16_0_30_30_13_9_25-110-14.jpg gt=豫A66PK1 code_cpu=豫A66PK1 code_np=豫A66PK1 agree=1 ok_cpu=1 ok_np=1 none_cpu=0 none_np=0
SCENE file=0207435344828-93_81-76&583_324&684-311&677_87&658_80&580_304&599-13_0_5_26_30_31_5-68-27.jpg gt=闽AF267F code_cpu=闽AF267F code_np=闽AF267F agree=1 ok_cpu=1 ok_np=1 none_cpu=0 none_np=0
SCENE file=0208189655172-93_92-339&522_564&619-564&617_356&615_369&522_577&524-7_1_32_14_16_32_31-90-24.jpg gt=辽B8QS87 code_cpu=辽B8QS87 code_np=辽B8QS87 agree=1 ok_cpu=1 ok_np=1 none_cpu=0 none_np=0
SCENE file=0208572796935-89_91-171&513_455&590-464&595_170&602_173&516_467&509-10_1_23_31_26_31_16-93-18.jpg gt=苏BZ727S code_cpu=苏BZ727S code_np=苏BZ727S agree=1 ok_cpu=1 ok_np=1 none_cpu=0 none_np=0
SCENE file=0208620689655-90_88-266&465_547&543-537&545_276&547_275&461_536&459-4_3_11_1_33_26_24-200-47.jpg gt=冀DMB920 code_cpu=冀DMB920 code_np=冀DMB920 agree=1 ok_cpu=1 ok_np=1 none_cpu=0 none_np=0
SCENE file=0208943965517-90_88-205&445_526&518-526&529_220&533_222&436_528&432-11_2_29_25_24_20_32-147-50.jpg gt=浙C510W8 code_cpu=浙C510W8 code_np=浙C510W8 agree=1 ok_cpu=1 ok_np=1 none_cpu=0 none_np=0
SCENE file=0209231321839-90_83-258&463_499&558-501&564_271&541_255&458_485&481-19_0_33_29_24_7_31-136-44.jpg gt=粤A950H7 code_cpu=粤A950H7 code_np=粤A950H7 agree=1 ok_cpu=1 ok_np=1 none_cpu=0 none_np=0
SCENE file=0209279214559-93_86-205&498_460&585-468&588_207&572_196&485_457&501-0_0_9_30_30_30_10-108-46.jpg gt=皖AK666L code_cpu=皖AK666L code_np=皖AK666L agree=1 ok_cpu=1 ok_np=1 none_cpu=0 none_np=0
SCENE file=0209279214559-93_89-197&612_447&704-453&707_198&700_202&610_457&617-30_15_32_0_24_24_25-132-23.jpg gt=新R8A001 code_cpu=新R8A001 code_np=新R8A001 agree=1 ok_cpu=1 ok_np=1 none_cpu=0 none_np=0
SCENE file=0209530651341-91_82-101&565_382&650-387&653_120&652_94&564_361&565-19_0_5_28_27_24_15-118-21.jpg gt=粤AF430R code_cpu=粤AF430R code_np=粤AF430R agree=1 ok_cpu=1 ok_np=1 none_cpu=0 none_np=0
SCENE file=0209770114943-89_90-266&362_525&436-521&446_261&439_262&350_522&357-12_12_11_24_24_7_33-170-70.jpg gt=京NM00H9 code_cpu=京NM00H9 code_np=京NM00H9 agree=1 ok_cpu=1 ok_np=1 none_cpu=0 none_np=0
SCENE file=0210368773946-90_80-195&484_462&566-476&566_214&551_178&474_440&489-27_0_23_15_33_31_30-123-54.jpg gt=甘AZR976 code_cpu=甘AZR976 code_np=甘AZR976 agree=1 ok_cpu=1 ok_np=1 none_cpu=0 none_np=0
SCENE file=0210368773946-90_94-292&431_562&522-570&508_299&518_297&435_568&425-11_0_31_27_30_23_12-95-57.jpg gt=浙A736ZN code_cpu=浙A736ZN code_np=浙A736ZN agree=1 ok_cpu=1 ok_np=1 none_cpu=0 none_np=0
SCENE file=0210452586207-90_64-263&492_569&599-577&588_316&576_253&490_514&502-15_12_4_25_25_32_22-47-118.jpg gt=鲁NE118Y code_cpu=鲁NE118Y code_np=鲁NE118Y agree=1 ok_cpu=1 ok_np=1 none_cpu=0 none_np=0
SCENE file=0210644157088-92_82-261&462_513&555-526&557_263&543_247&453_510&467-13_6_13_26_33_27_29-134-97.jpg gt=闽GP2935 code_cpu=闽GP2935 code_np=闽GP2935 agree=1 ok_cpu=1 ok_np=1 none_cpu=0 none_np=0
SCENE file=0210727969348-99_81-474&298_655&432-655&435_470&375_472&292_657&352-11_2_15_24_15_29_26-141-37.jpg gt=浙CR0R52 code_cpu=浙CR0R52 code_np=浙CR0R52 agree=1 ok_cpu=1 ok_np=1 none_cpu=0 none_np=0
SCENE file=0211123084291-92_82-245&473_490&561-504&565_261&547_238&469_481&487-22_15_5_5_24_29_28-89-12.jpg gt=川RFF054 code_cpu=川RFF054 code_np=川RFF054 agree=1 ok_cpu=1 ok_np=1 none_cpu=0 none_np=0
SCENE file=0211206896552-83_86-231&511_458&650-460&583_253&656_242&563_449&490-0_0_21_16_27_26_33-146-23.jpg gt=皖AXS329 code_cpu=皖AXS329 code_np=皖AXS329 agree=1 ok_cpu=1 ok_np=1 none_cpu=0 none_np=0
SCENE file=0211458333333-87_93-231&485_445&587-448&571_238&582_237&493_447&482-26_0_14_29_30_31_5-146-26.jpg gt=陕AQ567F code_cpu=陕AQ567F code_np=陕AQ567F agree=1 ok_cpu=1 ok_np=1 none_cpu=0 none_np=0
SCENE file=0211685823755-92_86-221&432_477&530-480&532_227&520_223&429_476&441-26_0_32_33_25_15_11-40-22.jpg gt=陕A891RM code_cpu=陕A891RM code_np=陕A891RM agree=1 ok_cpu=1 ok_np=1 none_cpu=0 none_np=0
SCENE file=0211877394636-108_72-279&443_458&580-459&579_274&519_277&439_462&499-27_0_0_1_31_25_32-162-51.jpg gt=甘AAB718 code_cpu=甘AAB718 code_np=甘AAB718 agree=1 ok_cpu=1 ok_np=1 none_cpu=0 none_np=0
SCENE file=0212116858238-98_81-262&482_484&581-483&594_265&556_261&477_479&515-14_0_31_31_18_30_30-83-154.jpg gt=赣A77U66 code_cpu=赣A77U66 code_np=赣A77U66 agree=1 ok_cpu=1 ok_np=1 none_cpu=0 none_np=0
SCENE file=0212320402298-90_87-145&565_421&657-431&655_158&652_160&563_433&566-21_0_27_1_29_31_25-100-27.jpg gt=琼A3B571 code_cpu=琼A3B571 code_np=琼A3B571 agree=1 ok_cpu=1 ok_np=1 none_cpu=0 none_np=0
SCENE file=02125-90_80-245&460_511&565-512&556_252&546_227&456_487&466-17_0_31_24_13_24_27-59-119.jpg gt=鄂A70P03 code_cpu=鄂A70P03 code_np=鄂A70P03 agree=1 ok_cpu=1 ok_np=1 none_cpu=0 none_np=0
SCENE file=02125-90_89-215&447_544&519-526&529_252&529_249&439_523&439-0_0_26_15_32_25_33-187-42.jpg gt=皖A2R819 code_cpu=皖A2R819 code_np=皖A2R819 agree=1 ok_cpu=1 ok_np=1 none_cpu=0 none_np=0
SCENE file=0212571839081-90_92-251&351_533&447-550&447_250&453_255&351_555&345-5_10_7_23_31_26_33-121-69.jpg gt=晋LHZ729 code_cpu=晋LHZ729 code_np=晋LHZ729 agree=1 ok_cpu=1 ok_np=1 none_cpu=0 none_np=0
SCENE file=0212823275862-90_91-191&604_437&709-437&693_196&707_206&603_447&589-1_2_12_5_32_31_32-186-25.jpg gt=沪CNF878 code_cpu=沪CNF878 code_np=沪CNF878 agree=1 ok_cpu=1 ok_np=1 none_cpu=0 none_np=0
SCENE file=0213769157088-94_77-229&548_475&641-465&636_237&623_221&545_449&558-16_0_12_29_26_4_27-138-91.jpg gt=豫AN52E3 code_cpu=豫AN52E3 code_np=豫AN52E3 agree=1 ok_cpu=1 ok_np=1 none_cpu=0 none_np=0
SCENE file=0213864942529-90_90-116&466_358&561-359&555_125&551_131&467_365&471-2_3_21_0_24_27_32-90-82.jpg gt=津DXA038 code_cpu=津DXA038 code_np=津DXA038 agree=1 ok_cpu=1 ok_np=1 none_cpu=0 none_np=0
SCENE file=0214655172414-92_84-121&465_377&548-394&552_128&530_120&457_386&479-4_5_18_11_25_31_25-131-61.jpg gt=冀FUM171 code_cpu=冀FUM171 code_np=冀FUM171 agree=1 ok_cpu=1 ok_np=1 none_cpu=0 none_np=0
SCENE file=0214942528736-96_77-136&528_361&625-361&629_142&602_130&522_349&549-9_0_4_26_32_7_33-111-52.jpg gt=黑AE28H9 code_cpu=黑AE28H9 code_np=黑AE28H9 agree=1 ok_cpu=1 ok_np=1 none_cpu=0 none_np=0
SCENE file=0215074233717-88_114-236&506_519&602-489&585_239&600_279&525_529&510-4_4_8_7_28_27_25-34-48.jpg gt=冀EJH431 code_cpu=冀EJH431 code_np=冀EJH431 agree=1 ok_cpu=1 ok_np=1 none_cpu=0 none_np=0
SCENE file=0215625-85_97-289&441_546&535-561&529_290&553_292&448_563&424-10_4_33_29_13_29_5-200-23.jpg gt=苏E95P5F code_cpu=苏E95P5F code_np=苏E95P5F agree=1 ok_cpu=1 ok_np=1 none_cpu=0 none_np=0
SCENE file=0215732758621-89_96-270&479_511&575-499&557_263&571_288&486_524&472-13_0_32_30_31_25_20-144-81.jpg gt=闽A8671W code_cpu=闽A8671W code_np=闽A8671W agree=1 ok_cpu=1 ok_np=1 none_cpu=0 none_np=0
SCENE file=0215732758621-92_82-266&525_506&632-507&639_272&604_266&526_501&561-14_6_14_27_29_25_30-141-58.jpg gt=赣GQ3516 code_cpu=赣GQ3516 code_np=赣GQ3516 agree=1 ok_cpu=1 ok_np=1 none_cpu=0 none_np=0
SCENE file=0215756704981-90_84-148&327_425&422-429&421_162&413_142&326_409&334-16_15_18_29_29_26_24-50-26.jpg gt=豫RU5520 code_cpu=豫RU5520 code_np=豫RU5520 agree=1 ok_cpu=1 ok_np=1 none_cpu=0 none_np=0
SCENE file=0215756704981-90_89-162&479_444&571-453&572_172&573_175&479_456&478-11_1_27_30_24_18_25-116-42.jpg gt=浙B360U1 code_cpu=浙B360U1 code_np=浙B360U1 agree=1 ok_cpu=1 ok_np=1 none_cpu=0 none_np=0
SCENE file=0215792624521-90_86-173&461_465&556-467&550_183&554_183&466_467&462-18_2_3_30_24_27_27-89-77.jpg gt=湘CD6033 code_cpu=湘CD6033 code_np=湘CD6033 agree=1 ok_cpu=1 ok_np=1 none_cpu=0 none_np=0
SCENE file=0216319444445-98_71-274&465_492&578-510&590_280&550_259&455_489&495-10_0_30_26_24_30_1-102-70.jpg gt=苏A6206B code_cpu=苏A6206B code_np=苏A6206B agree=1 ok_cpu=1 ok_np=1 none_cpu=0 none_np=0
SCENE file=0216570881226-90_88-197&478_482&558-480&577_203&572_208&478_485&483-17_0_33_24_2_2_24-111-45.jpg gt=鄂A90CC0 code_cpu=鄂A90CC0 code_np=鄂A90CC0 agree=1 ok_cpu=1 ok_np=1 none_cpu=0 none_np=0
SCENE file=021724137931-99_61-223&469_469&572-487&586_245&535_212&452_454&503-17_0_0_26_2_29_30-131-64.jpg gt=鄂AA2C56 code_cpu=鄂AA2C56 code_np=鄂AA2C56 agree=1 ok_cpu=1 ok_np=1 none_cpu=0 none_np=0
SCENE file=0217313218391-90_89-284&403_542&495-541&494_281&491_286&400_546&403-13_2_25_25_30_4_0-134-61.jpg gt=闽C116EA code_cpu=闽C116EA code_np=闽C116EA agree=1 ok_cpu=1 ok_np=1 none_cpu=0 none_np=0
SCENE file=0217313218391-90_90-216&541_496&623-519&630_227&628_223&534_515&536-3_7_9_32_29_29_31-156-60.jpg gt=渝HK8557 code_cpu=渝HK8557 code_np=渝HK8557 agree=1 ok_cpu=1 ok_np=1 none_cpu=0 none_np=0
SCENE file=0217432950191-95_75-236&486_469&585-477&588_245&555_227&476_459&509-10_3_19_32_30_33_11-94-26.jpg gt=苏DV869M code_cpu=苏DV869M code_np=苏DV869M agree=1 ok_cpu=1 ok_np=1 none_cpu=0 none_np=0
SCENE file=0217624521073-92_78-371&620_651&704-654&714_395&698_378&619_637&635-24_0_5_14_33_29_32-116-38.jpg gt=云AFQ958 code_cpu=云AFQ958 code_np=云AFQ958 agree=1 ok_cpu=1 ok_np=1 none_cpu=0 none_np=0
SCENE file=0217911877395-90_84-236&402_511&506-528&495_246&489_221&404_503&410-3_0_3_13_28_26_26-96-65.jpg gt=渝ADP422 code_cpu=渝ADP422 code_np=渝ADP422 agree=1 ok_cpu=1 ok_np=1 none_cpu=0 none_np=0
SCENE file=0218103448276-89_93-278&461_513&557-518&551_287&564_296&465_527&452-17_14_9_12_30_32_25-158-36.jpg gt=鄂QKN681 code_cpu=鄂QKN681 code_np=鄂QKN681 agree=1 ok_cpu=1 ok_np=1 none_cpu=0 none_np=0
SCENE file=0218211206897-88_90-243&506_505&604-512&592_241&606_245&507_516&493-13_6_25_25_24_26_9-176-17.jpg gt=闽G1102K code_cpu=闽G1102K code_np=闽G1102K agree=1 ok_cpu=1 ok_np=1 none_cpu=0 none_np=0
SCENE file=021875-90_88-248&548_531&635-549&637_247&629_240&542_542&550-12_14_31_8_3_27_31-101-38.jpg gt=京Q7JD37 code_cpu=京Q7JD37 code_np=京Q7JD37 agree=1 ok_cpu=1 ok_np=1 none_cpu=0 none_np=0
SCENE file=0219300766283-90_90-182&572_447&668-454&661_192&661_197&571_459&571-1_0_11_3_24_30_24-101-48.jpg gt=沪AMD060 code_cpu=沪AMD060 code_np=沪AMD060 agree=1 ok_cpu=1 ok_np=1 none_cpu=0 none_np=0
SCENE file=0219420498084-91_87-237&476_494&571-499&574_234&552_229&468_494&490-1_2_26_27_28_23_29-73-11.jpg gt=沪C234Z5 code_cpu=沪C234Z5 code_np=沪C234Z5 agree=1 ok_cpu=1 ok_np=1 none_cpu=0 none_np=0
SCENE file=0219923371648-89_94-263&554_505&645-504&620_277&640_286&560_513&540-16_12_15_7_24_25_24-144-66.jpg gt=豫NRH010 code_cpu=豫NRH010 code_np=豫NRH010 agree=1 ok_cpu=1 ok_np=1 none_cpu=0 none_np=0
SCENE file=0220150862069-93_85-261&342_503&448-495&444_263&421_265&342_497&365-10_4_29_1_25_22_26-70-61.jpg gt=苏E5B1Y2 code_cpu=苏E5B1Y2 code_np=苏E5B1Y2 agree=1 ok_cpu=1 ok_np=1 none_cpu=0 none_np=0
SCENE file=022042624521-91_83-203&579_479&676-479&677_205&665_199&583_473&595-12_10_24_24_27_27_30-130-110.jpg gt=京L00336 code_cpu=京L00336 code_np=京L00336 agree=1 ok_cpu=1 ok_np=1 none_cpu=0 none_np=0
SCENE file=0220905172414-91_80-179&310_431&402-444&406_194&397_177&309_427&318-12_7_14_24_33_25_30-144-69.jpg gt=京HQ0916 code_cpu=京HQ0916 code_np=京HQ0916 agree=1 ok_cpu=1 ok_np=1 none_cpu=0 none_np=0
SCENE file=0220905172414-98_74-196&467_417&573-417&589_204&540_198&464_411&513-1_2_32_13_4_31_30-161-56.jpg gt=沪C8PE76 code_cpu=沪C8PE76 code_np=沪C8PE76 agree=1 ok_cpu=1 ok_np=1 none_cpu=0 none_np=0
SCENE file=0221132662835-90_90-252&454_534&532-522&537_245&547_248&463_525&453-11_1_6_32_32_7_26-82-25.jpg gt=浙BG88H2 code_cpu=浙BG88H2 code_np=浙BG88H2 agree=1 ok_cpu=1 ok_np=1 none_cpu=0 none_np=0
SCENE file=0221455938697-90_91-244&466_549&548-560&550_248&551_246&464_558&463-5_5_23_25_28_32_33-142-33.jpg gt=晋FZ1489 code_cpu=晋FZ1489 code_np=晋FZ1489 agree=1 ok_cpu=1 ok_np=1 none_cpu=0 none_np=0
SCENE file=0221503831417-90_91-302&435_581&524-592&516_308&529_308&435_592&422-4_1_30_0_32_3_29-99-29.jpg gt=冀B6A8D5 code_cpu=冀B6A8D5 code_np=冀B6A8D5 agree=1 ok_cpu=1 ok_np=1 none_cpu=0 none_np=0
SCENE file=0221611590038-87_108-272&451_514&552-492&535_272&548_310&464_530&451-16_14_8_15_26_26_29-94-71.jpg gt=豫QJR225 code_cpu=豫QJR225 code_np=豫QJR225 agree=1 ok_cpu=1 ok_np=1 none_cpu=0 none_np=0
SCENE file=0221659482759-81_88-253&526_456&661-464&599_272&652_249&563_441&510-18_0_22_26_5_30_33-92-43.jpg gt=湘AY2F69 code_cpu=湘AY2F69 code_np=湘AY2F69 agree=1 ok_cpu=1 ok_np=1 none_cpu=0 none_np=0
SCENE file=0221875-96_77-258&458_484&562-480&567_267&535_266&459_479&491-17_0_29_7_21_27_26-134-69.jpg gt=鄂A5HX32 code_cpu=鄂A5HX32 code_np=鄂A5HX32 agree=1 ok_cpu=1 ok_np=1 none_cpu=0 none_np=0
SCENE file=0222006704981-90_87-213&443_496&537-486&538_214&538_219&439_491&439-16_16_6_29_24_27_32-149-27.jpg gt=豫SG5038 code_cpu=豫SG5038 code_np=豫SG5038 agree=1 ok_cpu=1 ok_np=1 none_cpu=0 none_np=0
SCENE file=0222102490421-91_83-241&394_539&485-549&496_237&481_236&391_548&406-17_5_10_33_15_31_33-109-13.jpg gt=鄂FL9R79 code_cpu=鄂FL9R79 code_np=鄂FL9R79 agree=1 ok_cpu=1 ok_np=1 none_cpu=0 none_np=0
SCENE file=0222210249042-90_90-278&509_581&601-589&603_280&604_284&511_593&510-10_0_8_33_9_27_30-134-66.jpg gt=苏AJ9K36 code_cpu=苏AJ9K36 code_np=苏AJ9K36 agree=1 ok_cpu=1 ok_np=1 none_cpu=0 none_np=0
SCENE file=0222413793103-96_80-307&480_537&585-541&580_307&551_304&472_538&501-4_3_13_1_25_24_24-127-75.jpg gt=冀DPB100 code_cpu=冀DPB100 code_np=冀DPB100 agree=1 ok_cpu=1 ok_np=1 none_cpu=0 none_np=0
SCENE file=0222868773946-92_80-233&491_483&597-496&604_246&577_225&483_475&510-10_0_12_20_25_24_25-144-80.jpg gt=苏ANW101 code_cpu=苏ANW101 code_np=苏ANW101 agree=1 ok_cpu=1 ok_np=1 none_cpu=0 none_np=0
SCENE file=0223180076628-92_83-306&520_553&620-556&619_304&593_290&512_542&538-11_3_30_24_5_33_33-132-82.jpg gt=浙D60F99 code_cpu=浙D60F99 code_np=浙D60F99 agree=1 ok_cpu=1 ok_np=1 none_cpu=0 none_np=0
SCENE file=0223227969348-90_84-244&487_604&577-592&565_260&567_248&489_580&487-4_0_25_28_16_33_25-81-37.jpg gt=冀A14S91 code_cpu=冀A14S91 code_np=冀A14S91 agree=1 ok_cpu=1 ok_np=1 none_cpu=0 none_np=0
SCENE file=0223275862069-91_88-258&443_557&530-573&550_269&528_267&446_571&468-4_15_22_23_32_31_26-131-59.jpg gt=冀RYZ872 code_cpu=冀RYZ872 code_np=冀RYZ872 agree=1 ok_cpu=1 ok_np=1 none_cpu=0 none_np=0
SCENE file=0223599137931-88_93-341&430_595&528-592&519_342&530_345&439_595&428-13_0_10_30_30_32_4-105-25.jpg gt=闽AL668E code_cpu=闽AL668E code_np=闽AL668E agree=1 ok_cpu=1 ok_np=1 none_cpu=0 none_np=0
SCENE file=0223850574712-93_83-268&476_528&561-544&567_269&558_267&459_542&468-11_2_27_24_23_30_30-155-54.jpg gt=浙C30Z66 code_cpu=浙C30Z66 code_np=浙C30Z66 agree=1 ok_cpu=1 ok_np=1 none_cpu=0 none_np=0
SCENE file=0223850574712-95_73-236&530_462&634-473&652_240&618_223&534_456&568-19_12_29_26_30_26_24-159-36.jpg gt=粤N52620 code_cpu=粤N52620 code_np=粤N52620 agree=1 ok_cpu=1 ok_np=1 none_cpu=0 none_np=0
SCENE file=0223886494253-90_86-90&380_423&477-443&470_104&481_91&383_430&372-16_10_19_11_33_33_32-130-70.jpg gt=豫LVM998 code_cpu=豫LVM998 code_np=豫LVM998 agree=1 ok_cpu=1 ok_np=1 none_cpu=0 none_np=0
SCENE file=0224137931034-86_98-239&520_456&624-451&594_235&618_251&537_467&513-19_1_30_22_7_24_32-111-38.jpg gt=粤B6YH08 code_cpu=粤B6YH08 code_np=粤B6YH08 agree=1 ok_cpu=1 ok_np=1 none_cpu=0 none_np=0
SCENE file=0224173850574-93_78-165&542_420&637-424&640_188&619_165&541_401&562-5_0_16_17_29_28_30-97-37.jpg gt=晋AST546 code_cpu=晋AST546 code_np=晋AST546 agree=1 ok_cpu=1 ok_np=1 none_cpu=0 none_np=0
SCENE file=022491618774-95_71-274&491_502&605-510&595_288&572_261&494_483&517-2_0_18_0_33_31_26-79-115.jpg gt=津AUA972 code_cpu=津AUA972 code_np=津AUA972 agree=1 ok_cpu=1 ok_np=1 none_cpu=0 none_np=0
SCENE file=022491618774-95_81-142&487_376&589-383&603_151&571_146&487_378&519-1_2_29_22_26_1_31-82-37.jpg gt=沪C5Y2B7 code_cpu=沪C5Y2B7 code_np=沪C5Y2B7 agree=1 ok_cpu=1 ok_np=1 none_cpu=0 none_np=0
SCENE file=0225-93_79-188&588_459&679-471&690_200&666_193&574_464&598-18_0_10_24_31_31_15-49-53.jpg gt=湘AL077R code_cpu=湘AL077R code_np=湘AL077R agree=1 ok_cpu=1 ok_np=1 none_cpu=0 none_np=0
SCENE file=0225933908046-87_91-335&478_588&582-600&555_346&578_343&481_597&458-15_2_2_32_33_26_13-45-11.jpg gt=鲁CC892P code_cpu=鲁CC892P code_np=鲁CC892P agree=1 ok_cpu=1 ok_np=1 none_cpu=0 none_np=0
SCENE file=0226939655172-93_71-252&507_506&616-513&619_283&586_245&497_475&530-5_11_26_5_32_33_29-78-45.jpg gt=晋M2F895 code_cpu=晋M2F895 code_np=晋M2F895 agree=1 ok_cpu=1 ok_np=1 none_cpu=0 none_np=0
SCENE file=0226939655172-93_79-179&505_426&605-436&604_190&581_170&495_416&518-4_0_32_24_26_7_21-163-103.jpg gt=冀A802HX code_cpu=冀A802HX code_np=冀A802HX agree=1 ok_cpu=1 ok_np=1 none_cpu=0 none_np=0
SCENE file=0226939655172-93_83-176&441_430&539-443&537_184&514_171&437_430&460-22_0_22_23_25_32_31-165-42.jpg gt=川AYZ187 code_cpu=川AYZ187 code_np=川AYZ187 agree=1 ok_cpu=1 ok_np=1 none_cpu=0 none_np=0
SCENE file=0227011494253-92_87-171&453_446&563-438&559_185&541_191&459_444&477-18_0_31_19_26_29_0-80-49.jpg gt=湘A7V25A code_cpu=湘A7V25A code_np=湘A7V25A agree=1 ok_cpu=1 ok_np=1 none_cpu=0 none_np=0
SCENE file=0227011494253-92_93-246&443_504&539-498&539_247&525_260&438_511&452-5_9_10_32_32_27_29-59-16.jpg gt=晋KL8835 code_cpu=晋KL8835 code_np=晋KL8835 agree=1 ok_cpu=1 ok_np=1 none_cpu=0 none_np=0
SCENE file=0227083333333-106_66-172&296_362&434-360&433_188&371_181&292_353&354-10_4_32_3_32_20_31-107-40.jpg gt=苏E8D8W7 code_cpu=苏E8D8W7 code_np=苏E8D8W7 agree=1 ok_cpu=1 ok_np=1 none_cpu=0 none_np=0
SCENE file=0227490421455-85_93-265&434_467&543-463&511_270&537_270&443_463&417-4_5_11_14_25_25_26-134-39.jpg gt=冀FMQ112 code_cpu=冀FMQ112 code_np=冀FMQ112 agree=1 ok_cpu=1 ok_np=1 none_cpu=0 none_np=0
SCENE file=0227825670498-89_83-263&503_552&591-556&590_267&592_249&510_538&508-14_8_5_24_31_26_24-125-51.jpg gt=赣JF0720 code_cpu=赣JF0720 code_np=赣JF0720 agree=1 ok_cpu=1 ok_np=1 none_cpu=0 none_np=0
SCENE file=0227969348659-90_96-335&387_634&491-622&479_344&484_350&397_628&392-4_1_31_24_29_18_33-93-68.jpg gt=冀B705U9 code_cpu=冀B705U9 code_np=冀B705U9 agree=1 ok_cpu=1 ok_np=1 none_cpu=0 none_np=0
SCENE file=0228125-94_81-238&471_482&572-475&575_240&537_234&457_469&495-16_13_2_21_27_32_29-89-32.jpg gt=豫PCX385 code_cpu=豫PCX385 code_np=豫PCX385 agree=1 ok_cpu=1 ok_np=1 none_cpu=0 none_np=0
SCENE file=0228448275862-98_78-394&322_622&442-624&442_389&397_393&318_628&363-15_15_26_30_15_33_32-122-39.jpg gt=鲁R26R98 code_cpu=鲁R26R98 code_np=鲁R26R98 agree=1 ok_cpu=1 ok_np=1 none_cpu=0 none_np=0
SCENE file=0228591954023-97_80-161&464_403&562-396&564_161&536_162&458_397&486-15_8_29_20_30_29_29-59-47.jpg gt=鲁J5W655 code_cpu=鲁J5W655 code_np=鲁J5W655 agree=1 ok_cpu=1 ok_np=1 none_cpu=0 none_np=0
SCENE file=0229525862069-91_86-248&502_530&570-535&578_256&577_252&494_531&495-0_0_32_30_6_26_32-119-58.jpg gt=皖A86G28 code_cpu=皖A86G28 code_np=皖A86G28 agree=1 ok_cpu=1 ok_np=1 none_cpu=0 none_np=0
SCENE file=022959770115-92_74-195&503_491&579-506&582_207&568_179&488_478&502-13_7_0_11_31_33_33-138-77.jpg gt=闽HAM799 code_cpu=闽HAM799 code_np=闽HAM799 agree=1 ok_cpu=1 ok_np=1 none_cpu=0 none_np=0
SCENE file=022966954023-90_88-223&528_530&610-541&621_223&616_222&520_540&525-12_13_31_2_26_25_26-154-41.jpg gt=京P7C212 code_cpu=京P7C212 code_np=京P7C212 agree=1 ok_cpu=1 ok_np=1 none_cpu=0 none_np=0
SCENE file=022974137931-93_70-227&506_485&612-491&618_249&573_223&490_465&535-10_0_29_6_24_20_24-134-52.jpg gt=苏A5G0W0 code_cpu=苏A5G0W0 code_np=苏A5G0W0 agree=1 ok_cpu=1 ok_np=1 none_cpu=0 none_np=0
SCENE file=0230232279693-90_87-195&504_503&599-495&591_198&592_196&508_493&507-12_8_25_26_27_27_31-99-32.jpg gt=京J12337 code_cpu=京J12337 code_np=京J12337 agree=1 ok_cpu=1 ok_np=1 none_cpu=0 none_np=0
SCENE file=0230555555555-78_97-190&343_371&481-375&424_217&480_200&384_358&328-17_4_23_24_31_29_12-111-28.jpg gt=鄂EZ075N code_cpu=鄂EZ075N code_np=鄂EZ075N agree=1 ok_cpu=1 ok_np=1 none_cpu=0 none_np=0
SCENE file=0230651340996-85_96-139&412_388&514-405&491_156&512_151&427_400&406-15_2_23_33_32_32_33-71-30.jpg gt=鲁CZ9889 code_cpu=鲁CZ9889 code_np=鲁CZ9889 agree=1 ok_cpu=1 ok_np=1 none_cpu=0 none_np=0
SCENE file=0230723180076-87_91-343&600_571&696-568&689_348&705_359&605_579&589-13_3_0_19_29_33_24-120-153.jpg gt=闽DAV590 code_cpu=闽DAV590 code_np=闽DAV590 agree=1 ok_cpu=1 ok_np=1 none_cpu=0 none_np=0
SCENE file=0230842911878-92_82-158&499_425&597-437&599_170&572_147&482_414&509-15_15_4_24_26_32_21-112-38.jpg gt=鲁RE028X code_cpu=鲁RE028X code_np=鲁RE028X agree=1 ok_cpu=1 ok_np=1 none_cpu=0 none_np=0
SCENE file=0231740900383-90_86-201&505_492&606-483&596_211&610_214&508_486&494-18_0_10_27_20_31_26-148-49.jpg gt=湘AL3W72 code_cpu=湘AL3W72 code_np=湘AL3W72 agree=1 ok_cpu=1 ok_np=1 none_cpu=0 none_np=0
SCENE file=0232543103448-90_90-308&486_581&574-566&574_314&574_318&485_570&485-22_1_8_20_24_31_33-133-23.jpg gt=川BJW079 code_cpu=川BJW079 code_np=川BJW079 agree=1 ok_cpu=1 ok_np=1 none_cpu=0 none_np=0
SCENE file=023275862069-90_87-255&543_547&642-541&635_268&638_260&547_533&544-13_6_5_5_32_26_25-101-80.jpg gt=闽GFF821 code_cpu=闽GFF821 code_np=闽GFF821 agree=1 ok_cpu=1 ok_np=1 none_cpu=0 none_np=0
SCENE file=0233477011495-90_91-219&489_490&578-497&571_226&586_224&495_495&480-19_2_20_0_31_32_24-152-56.jpg gt=粤CWA780 code_cpu=粤CWA780 code_np=粤CWA780 agree=1 ok_cpu=1 ok_np=1 none_cpu=0 none_np=0
SCENE file=0233477011495-92_79-211&508_474&600-476&611_226&583_206&497_456&525-0_0_23_29_31_29_15-72-23.jpg gt=皖AZ575R code_cpu=皖AZ575R code_np=皖AZ575R agree=1 ok_cpu=1 ok_np=1 none_cpu=0 none_np=0
SCENE file=0235524425288-91_88-204&403_486&501-503&499_215&495_219&398_507&402-22_21_33_24_30_26_25-174-34.jpg gt=川X90621 code_cpu=川X90621 code_np=川X90621 agree=1 ok_cpu=1 ok_np=1 none_cpu=0 none_np=0
SCENE file=0235632183908-85_92-234&582_505&690-515&656_248&686_243&603_510&573-29_0_21_29_28_25_31-38-39.jpg gt=宁AX5417 code_cpu=宁AX5417 code_np=宁AX5417 agree=1 ok_cpu=1 ok_np=1 none_cpu=0 none_np=0
SCENE file=0236015325671-93_83-280&503_512&621-523&614_277&586_266&501_512&529-10_4_31_24_31_13_25-112-40.jpg gt=苏E707P1 code_cpu=苏E707P1 code_np=苏E707P1 agree=1 ok_cpu=1 ok_np=1 none_cpu=0 none_np=0
SCENE file=0236111111111-96_89-240&484_486&590-495&592_250&567_254&489_499&514-10_4_26_20_33_26_19-144-69.jpg gt=苏E2W92V code_cpu=苏E2W92V code_np=苏E2W92V agree=1 ok_cpu=1 ok_np=1 none_cpu=0 none_np=0
SCENE file=0236350574712-99_66-272&596_484&729-484&723_284&676_261&590_461&637-13_2_32_26_24_26_0-69-101.jpg gt=闽C8202A code_cpu=闽C8202A code_np=闽C8202A agree=1 ok_cpu=1 ok_np=1 none_cpu=0 none_np=0
SCENE file=0236590038314-91_91-298&590_559&678-571&680_303&674_305&580_573&586-3_3_32_26_32_15_31-100-72.jpg gt=渝D828R7 code_cpu=渝D828R7 code_np=渝D828R7 agree=1 ok_cpu=1 ok_np=1 none_cpu=0 none_np=0
SCENE file=0236613984674-87_89-229&371_485&473-488&448_237&471_223&388_474&365-3_0_18_5_33_27_28-147-77.jpg gt=渝AUF934 code_cpu=渝AUF934 code_np=渝AUF934 agree=1 ok_cpu=1 ok_np=1 none_cpu=0 none_np=0
SCENE file=0237176724138-96_81-277&501_515&610-500&612_279&577_279&498_500&533-15_1_10_27_24_3_33-66-13.jpg gt=鲁BL30D9 code_cpu=鲁BL30D9 code_np=鲁BL30D9 agree=1 ok_cpu=1 ok_np=1 none_cpu=0 none_np=0
SCENE file=0237547892721-89_91-247&520_514&623-516&612_248&617_249&525_517&520-12_13_7_0_30_26_30-84-20.jpg gt=京PHA626 code_cpu=京PHA626 code_np=京PHA626 agree=1 ok_cpu=1 ok_np=1 none_cpu=0 none_np=0
SCENE file=0237595785441-96_77-208&502_466&606-476&616_208&574_197&490_465&532-17_0_0_26_2_29_30-122-72.jpg gt=鄂AA2C56 code_cpu=鄂AA2C56 code_np=鄂AA2C56 agree=1 ok_cpu=1 ok_np=1 none_cpu=0 none_np=0
SCENE file=0238338122605-91_80-144&483_419&590-433&590_147&570_125&475_411&495-17_0_4_14_29_33_31-129-34.jpg gt=鄂AEQ597 code_cpu=鄂AEQ597 code_np=鄂AEQ597 agree=1 ok_cpu=1 ok_np=1 none_cpu=0 none_np=0
SCENE file=0238864942529-89_85-190&476_491&561-489&569_195&567_195&475_489&477-14_4_29_33_6_32_29-121-87.jpg gt=赣E59G85 code_cpu=赣E59G85 code_np=赣E59G85 agree=1 ok_cpu=1 ok_np=1 none_cpu=0 none_np=0
SCENE file=0239224137931-90_89-208&401_510&486-526&488_208&497_209&393_527&384-10_9_0_33_33_30_32-115-92.jpg gt=苏KA9968 code_cpu=苏KA9968 code_np=苏KA9968 agree=1 ok_cpu=1 ok_np=1 none_cpu=0 none_np=0
SCENE file=0240229885057-97_72-209&331_463&435-460&460_214&402_213&310_459&368-11_1_3_26_30_24_5-139-59.jpg gt=浙BD260F code_cpu=浙BD260F code_np=浙BD260F agree=1 ok_cpu=1 ok_np=1 none_cpu=0 none_np=0
SCENE file=0240493295019-90_90-227&485_483&586-500&567_233&584_231&491_498&474-14_0_20_32_30_33_25-155-142.jpg gt=赣AW8691 code_cpu=赣AW8691 code_np=赣AW8691 agree=1 ok_cpu=1 ok_np=1 none_cpu=0 none_np=0
SCENE file=0240996168583-91_84-246&474_544&578-551&577_264&566_247&476_534&487-19_0_29_26_31_26_6-158-76.jpg gt=粤A5272G code_cpu=粤A5272G code_np=粤A5272G agree=1 ok_cpu=1 ok_np=1 none_cpu=0 none_np=0
SCENE file=0240996168583-91_87-251&485_538&566-533&570_246&560_249&479_536&489-19_1_33_28_29_8_29-152-55.jpg gt=粤B945J5 code_cpu=粤B945J5 code_np=粤B945J5 agree=1 ok_cpu=1 ok_np=1 none_cpu=0 none_np=0
SCENE file=0241379310345-91_83-205&446_460&549-478&550_212&526_185&439_451&463-3_0_16_10_24_30_33-138-76.jpg gt=渝ASL069 code_cpu=渝ASL069 code_np=渝ASL069 agree=1 ok_cpu=1 ok_np=1 none_cpu=0 none_np=0
SCENE file=0241546934866-90_89-258&513_544&599-549&606_260&607_262&499_551&498-19_1_19_3_26_33_26-181-42.jpg gt=粤BVD292 code_cpu=粤BVD292 code_np=粤BVD292 agree=1 ok_cpu=1 ok_np=1 none_cpu=0 none_np=0
SCENE file=0241666666667-93_83-309&423_563&533-579&532_318&508_315&423_576&447-11_0_33_18_16_33_26-156-98.jpg gt=浙A9US92 code_cpu=浙A9US92 code_np=浙A9US92 agree=1 ok_cpu=1 ok_np=1 none_cpu=0 none_np=0
SCENE file=0241882183908-86_99-248&481_486&584-483&553_250&585_266&500_499&468-14_0_24_24_1_28_24-87-27.jpg gt=赣A00B40 code_cpu=赣A00B40 code_np=赣A00B40 agree=1 ok_cpu=1 ok_np=1 none_cpu=0 none_np=0
SCENE file=0241882183908-90_89-240&450_526&564-508&570_234&541_242&444_516&473-17_0_30_16_18_24_31-47-15.jpg gt=鄂A6SU07 code_cpu=鄂A6SU07 code_np=鄂A6SU07 agree=1 ok_cpu=1 ok_np=1 none_cpu=0 none_np=0
SCENE file=0241977969348-95_78-69&602_289&731-294&727_80&691_64&596_278&632-26_0_10_27_24_12_29-71-16.jpg gt=陕AL30N5 code_cpu=陕AL30N5 code_np=陕AL30N5 agree=1 ok_cpu=1 ok_np=1 none_cpu=0 none_np=0
SCENE file=0241977969348-96_77-285&466_536&571-552&590_292&534_278&447_538&503-12_13_27_12_11_30_30-84-38.jpg gt=京P3NM66 code_cpu=京P3NM66 code_np=京P3NM66 agree=1 ok_cpu=1 ok_np=1 none_cpu=0 none_np=0
SCENE file=024221743295-93_80-191&470_443&569-451&570_206&542_196&460_441&488-10_5_32_27_26_12_20-136-193.jpg gt=苏F832NW code_cpu=苏F832NW code_np=苏F832NW agree=1 ok_cpu=1 ok_np=1 none_cpu=0 none_np=0
SCENE file=024224137931-89_88-336&309_638&411-644&399_343&408_340&316_641&307-19_16_17_32_24_32_15-108-57.jpg gt=粤ST808R code_cpu=粤ST808R code_np=粤ST808R agree=1 ok_cpu=1 ok_np=1 none_cpu=0 none_np=0
SCENE file=0242995689655-101_68-243&415_455&545-450&543_245&486_240&412_445&469-19_1_26_24_3_33_31-119-63.jpg gt=粤B20D97 code_cpu=粤B20D97 code_np=粤B20D97 agree=1 ok_cpu=1 ok_np=1 none_cpu=0 none_np=0
SCENE file=02438697318-89_89-221&486_493&564-491&553_232&568_228&491_487&476-4_5_29_32_19_32_31-146-55.jpg gt=冀F58V87 code_cpu=冀F58V87 code_np=冀F58V87 agree=1 ok_cpu=1 ok_np=1 none_cpu=0 none_np=0
SCENE file=0244037356322-90_87-200&450_474&549-478&548_205&544_193&446_466&450-14_4_10_26_33_33_31-103-41.jpg gt=赣EL2997 code_cpu=赣EL2997 code_np=赣EL2997 agree=1 ok_cpu=1 ok_np=1 none_cpu=0 none_np=0
SCENE file=0244061302682-97_77-286&465_520&567-523&576_289&539_277&455_511&492-18_0_7_32_29_30_30-111-27.jpg gt=湘AH8566 code_cpu=湘AH8566 code_np=湘AH8566 agree=1 ok_cpu=1 ok_np=1 none_cpu=0 none_np=0
SCENE file=0244252873564-88_93-189&501_459&588-460&569_191&593_195&512_464&488-23_5_0_2_28_33_29-164-26.jpg gt=贵FAC495 code_cpu=贵FAC495 code_np=贵FAC495 agree=1 ok_cpu=1 ok_np=1 none_cpu=0 none_np=0
SCENE file=0244252873564-89_90-262&477_554&576-552&565_261&578_269&491_560&478-19_16_1_25_20_29_31-123-27.jpg gt=粤SB1W57 code_cpu=粤SB1W57 code_np=粤SB1W57 agree=1 ok_cpu=1 ok_np=1 none_cpu=0 none_np=0
SCENE file=0246599616858-90_77-65&501_365&611-378&607_92&590_63&500_349&517-22_0_31_25_22_8_33-75-52.jpg gt=川A71YJ9 code_cpu=川A71YJ9 code_np=川A71YJ9 agree=1 ok_cpu=1 ok_np=1 none_cpu=0 none_np=0
SCENE file=0247222222222-96_76-170&482_412&597-419&613_172&568_159&478_406&523-10_2_7_19_27_32_32-153-45.jpg gt=苏CHV388 code_cpu=苏CHV388 code_np=苏CHV388 agree=1 ok_cpu=1 ok_np=1 none_cpu=0 none_np=0
SCENE file=0247353927203-90_90-209&472_511&572-508&566_215&559_215&477_508&484-0_0_26_30_21_27_27-96-25.jpg gt=皖A26X33 code_cpu=皖A26X33 code_np=皖A26X33 agree=1 ok_cpu=1 ok_np=1 none_cpu=0 none_np=0
SCENE file=0247509578545-90_79-195&490_514&585-527&586_206&584_167&491_488&493-1_2_26_3_33_1_27-151-29.jpg gt=沪C2D9B3 code_cpu=沪C2D9B3 code_np=沪C2D9B3 agree=1 ok_cpu=1 ok_np=1 none_cpu=0 none_np=0
SCENE file=0247844827586-97_75-194&490_412&622-419&616_202&569_185&475_402&522-12_12_0_25_1_25_31-98-117.jpg gt=京NA1B17 code_cpu=京NA1B17 code_np=京NA1B17 agree=1 ok_cpu=1 ok_np=1 none_cpu=0 none_np=0
SCENE file=0247880747126-82_93-138&464_359&579-366&539_149&579_141&494_358&454-17_8_33_11_24_33_24-154-33.jpg gt=鄂J9M090 code_cpu=鄂J9M090 code_np=鄂J9M090 agree=1 ok_cpu=1 ok_np=1 none_cpu=0 none_np=0
SCENE file=0248000478927-91_82-214&470_508&579-528&581_225&563_212&467_515&485-11_8_31_14_18_29_25-159-40.jpg gt=浙J7QU51 code_cpu=浙J7QU51 code_np=浙J7QU51 agree=1 ok_cpu=1 ok_np=1 none_cpu=0 none_np=0
SCENE file=0248000478927-92_75-157&508_452&601-452&601_169&581_145&497_428&517-0_0_2_32_31_26_24-114-40.jpg gt=皖AC8720 code_cpu=皖AC8720 code_np=皖AC8720 agree=1 ok_cpu=1 ok_np=1 none_cpu=0 none_np=0
SCENE file=0248156130269-87_92-174&421_436&527-443&502_176&520_168&430_435&412-12_12_20_7_29_32_32-79-30.jpg gt=京NWH588 code_cpu=京NWH588 code_np=京NWH588 agree=1 ok_cpu=1 ok_np=1 none_cpu=0 none_np=0
SCENE file=024832375479-89_91-161&593_429&689-430&672_179&686_173&592_424&578-13_0_9_32_30_24_0-67-51.jpg gt=闽AK860A code_cpu=闽AK860A code_np=闽AK860A agree=1 ok_cpu=1 ok_np=1 none_cpu=0 none_np=0
SCENE file=024841954023-95_79-219&502_476&613-466&612_223&587_205&492_448&517-4_1_32_19_27_19_32-140-92.jpg gt=冀B8V3V8 code_cpu=冀B8V3V8 code_np=冀B8V3V8 agree=1 ok_cpu=1 ok_np=1 none_cpu=0 none_np=0
SCENE file=0248922413793-89_87-174&506_461&587-456&584_188&590_193&508_461&502-5_3_18_32_30_32_30-85-55.jpg gt=晋DU8686 code_cpu=晋DU8686 code_np=晋DU8686 agree=1 ok_cpu=1 ok_np=1 none_cpu=0 none_np=0
SCENE file=0249185823755-89_89-183&522_464&619-475&612_186&627_187&533_476&518-22_9_1_5_33_29_33-117-37.jpg gt=川KBF959 code_cpu=川KBF959 code_np=川KBF959 agree=1 ok_cpu=1 ok_np=1 none_cpu=0 none_np=0
SCENE file=0249425287357-97_76-227&445_477&563-476&559_241&522_230&440_465&477-4_15_25_26_31_31_21-55-31.jpg gt=冀R1277X code_cpu=冀R1277X code_np=冀R1277X agree=1 ok_cpu=1 ok_np=1 none_cpu=0 none_np=0
SCENE file=024997605364-90_87-96&534_400&632-415&626_108&631_95&535_402&530-15_1_25_25_27_7_7-109-34.jpg gt=鲁B113HH code_cpu=鲁B113HH code_np=鲁B113HH agree=1 ok_cpu=1 ok_np=1 none_cpu=0 none_np=0
SCENE file=0250359195402-89_92-199&510_474&605-465&590_209&596_207&515_463&509-16_0_30_31_26_16_7-85-38.jpg gt=豫A672SH code_cpu=豫A672SH code_np=豫A672SH agree=1 ok_cpu=1 ok_np=1 none_cpu=0 none_np=0
SCENE file=0250850095786-90_86-96&449_396&557-396&554_106&540_100&452_390&466-11_2_27_23_12_25_27-44-21.jpg gt=浙C3ZN13 code_cpu=浙C3ZN13 code_np=浙C3ZN13 agree=1 ok_cpu=1 ok_np=1 none_cpu=0 none_np=0
SCENE file=0250862068966-90_90-186&504_502&600-506&599_184&603_182&499_504&495-14_5_20_25_25_25_33-131-57.jpg gt=赣FW1119 code_cpu=赣FW1119 code_np=赣FW1119 agree=1 ok_cpu=1 ok_np=1 none_cpu=0 none_np=0
SCENE file=0251376915709-86_97-277&466_538&580-546&547_279&575_295&489_562&461-1_2_24_20_22_27_27-72-61.jpg gt=沪C0WY33 code_cpu=沪C0WY33 code_np=沪C0WY33 agree=1 ok_cpu=1 ok_np=1 none_cpu=0 none_np=0
SCENE file=0251436781609-85_90-196&446_418&550-429&530_222&570_208&472_415&432-13_3_15_26_32_25_23-119-24.jpg gt=闽DR281Z code_cpu=闽DR281Z code_np=闽DR281Z agree=1 ok_cpu=1 ok_np=1 none_cpu=0 none_np=0
SCENE file=0251688218391-91_85-127&495_423&582-440&588_131&573_132&478_441&493-13_0_16_23_24_32_29-122-68.jpg gt=闽ASZ085 code_cpu=闽ASZ085 code_np=闽ASZ085 agree=1 ok_cpu=1 ok_np=1 none_cpu=0 none_np=0
SCENE file=0251688218391-92_90-170&471_466&571-472&570_186&563_187&476_473&483-19_15_4_28_24_29_24-92-24.jpg gt=粤RE4050 code_cpu=粤RE4050 code_np=粤RE4050 agree=1 ok_cpu=1 ok_np=1 none_cpu=0 none_np=0
SCENE file=0251724137931-90_87-230&447_542&530-540&535_244&526_240&447_536&456-22_1_18_12_31_30_30-149-36.jpg gt=川BUN766 code_cpu=川BUN766 code_np=川BUN766 agree=1 ok_cpu=1 ok_np=1 none_cpu=0 none_np=0
SCENE file=0251915708812-88_88-254&378_548&469-550&467_276&467_258&382_532&382-26_0_5_32_14_28_32-69-18.jpg gt=陕AF8Q48 code_cpu=陕AF8Q48 code_np=陕AF8Q48 agree=1 ok_cpu=1 ok_np=1 none_cpu=0 none_np=0
SCENE file=0252274904214-95_83-335&539_604&646-598&640_343&609_343&535_598&566-16_13_25_29_33_23_25-74-32.jpg gt=豫P159Z1 code_cpu=豫P159Z1 code_np=豫P159Z1 agree=1 ok_cpu=1 ok_np=1 none_cpu=0 none_np=0
SCENE file=0252969348659-90_89-293&487_581&584-582&580_293&584_298&492_587&488-14_4_25_33_33_27_24-96-37.jpg gt=赣E19930 code_cpu=赣E19930 code_np=赣E19930 agree=1 ok_cpu=1 ok_np=1 none_cpu=0 none_np=0
SCENE file=0253328544062-90_81-196&422_508&526-512&532_213&518_188&421_487&435-23_1_0_23_31_27_30-69-36.jpg gt=贵BAZ736 code_cpu=贵BAZ736 code_np=贵BAZ736 agree=1 ok_cpu=1 ok_np=1 none_cpu=0 none_np=0
SCENE file=0253879310345-97_82-403&439_647&549-649&563_404&518_408&439_653&484-0_0_15_7_27_33_31-129-25.jpg gt=皖ARH397 code_cpu=皖ARH397 code_np=皖ARH397 agree=1 ok_cpu=1 ok_np=1 none_cpu=0 none_np=0
SCENE file=0254286398467-91_85-233&512_503&613-517&613_235&593_227&506_509&526-11_1_13_24_25_32_16-176-27.jpg gt=浙BP018S code_cpu=浙BP018S code_np=浙BP018S agree=1 ok_cpu=1 ok_np=1 none_cpu=0 none_np=0
SCENE file=0254406130269-88_92-229&480_520&586-528&571_215&587_223&477_536&461-10_0_31_23_20_31_26-152-72.jpg gt=苏A7ZW72 code_cpu=苏A7ZW72 code_np=苏A7ZW72 agree=1 ok_cpu=1 ok_np=1 none_cpu=0 none_np=0
SCENE file=0254956896552-90_89-228&458_522&547-527&548_240&554_238&459_525&453-16_0_32_16_31_32_32-53-14.jpg gt=豫A8S788 code_cpu=豫A8S788 code_np=豫A8S788 agree=1 ok_cpu=1 ok_np=1 none_cpu=0 none_np=0
SCENE file=0255064655172-93_75-228&504_520&590-528&604_251&579_227&492_504&517-13_8_3_3_31_31_33-49-88.jpg gt=闽JDD779 code_cpu=闽JDD779 code_np=闽JDD779 agree=1 ok_cpu=1 ok_np=1 none_cpu=0 none_np=0
SCENE file=025625-95_79-235&549_516&633-529&660_231&618_235&535_533&577-17_0_33_8_3_29_32-119-43.jpg gt=鄂A9JD58 code_cpu=鄂A9JD58 code_np=鄂A9JD58 agree=1 ok_cpu=1 ok_np=1 none_cpu=0 none_np=0
SCENE file=025633381226-93_79-249&436_546&532-549&555_255&521_243&429_537&463-14_4_26_32_26_0_26-154-64.jpg gt=赣E282A2 code_cpu=赣E282A2 code_np=赣E282A2 agree=1 ok_cpu=1 ok_np=1 none_cpu=0 none_np=0
SCENE file=0256381704981-113_53-339&401_518&549-519&555_351&473_332&386_500&468-0_0_5_1_32_27_33-76-32.jpg gt=皖AFB839 code_cpu=皖AFB839 code_np=皖AFB839 agree=1 ok_cpu=1 ok_np=1 none_cpu=0 none_np=0
SCENE file=0256465517241-87_90-326&468_606&577-601&560_325&578_326&482_602&464-5_4_0_5_32_30_30-111-54.jpg gt=晋EAF866 code_cpu=晋EAF866 code_np=晋EAF866 agree=1 ok_cpu=1 ok_np=1 none_cpu=0 none_np=0
SCENE file=0256824712643-90_85-261&485_577&570-581&586_266&573_271&480_586&493-4_5_32_32_13_33_28-75-43.jpg gt=冀F88P94 code_cpu=冀F88P94 code_np=冀F88P94 agree=1 ok_cpu=1 ok_np=1 none_cpu=0 none_np=0
SCENE file=0257064176245-79_94-276&300_496&438-501&386_306&445_280&347_475&288-7_0_33_27_27_6_4-134-16.jpg gt=辽A933GE code_cpu=辽A933GE code_np=辽A933GE agree=1 ok_cpu=1 ok_np=1 none_cpu=0 none_np=0
SCENE file=0257387452107-95_67-193&475_470&580-471&572_219&549_189&471_441&494-14_6_33_31_13_29_32-51-70.jpg gt=赣G97P58 code_cpu=赣G97P58 code_np=赣G97P58 agree=1 ok_cpu=1 ok_np=1 none_cpu=0 none_np=0
SCENE file=0257579022988-85_99-177&481_402&594-395&564_187&594_195&504_403&474-15_1_13_25_11_26_26-156-38.jpg gt=鲁BP1M22 code_cpu=鲁BP1M22 code_np=鲁BP1M22 agree=1 ok_cpu=1 ok_np=1 none_cpu=0 none_np=0
SCENE file=0258381226054-93_77-236&472_520&574-526&578_260&552_237&465_503&491-14_4_28_30_31_25_33-26-31.jpg gt=赣E46719 code_cpu=赣E46719 code_np=赣E46719 agree=1 ok_cpu=1 ok_np=1 none_cpu=0 none_np=0
SCENE file=0258620689655-90_87-210&453_527&560-541&558_219&555_213&460_535&463-6_1_7_17_25_24_33-128-107.jpg gt=蒙BHT109 code_cpu=蒙BHT109 code_np=蒙BHT109 agree=1 ok_cpu=1 ok_np=1 none_cpu=0 none_np=0
SCENE file=0258620689655-96_79-251&506_498&623-505&631_259&592_260&509_506&548-15_5_21_21_25_32_33-118-60.jpg gt=鲁FXX189 code_cpu=鲁FXX189 code_np=鲁FXX189 agree=1 ok_cpu=1 ok_np=1 none_cpu=0 none_np=0
SCENE file=0258620689655-98_71-88&622_325&743-329&759_88&710_71&619_312&668-12_11_32_25_26_32_26-99-62.jpg gt=京M81282 code_cpu=京M81282 code_np=京M81282 agree=1 ok_cpu=1 ok_np=1 none_cpu=0 none_np=0
SCENE file=0259171455938-90_90-201&462_495&548-504&544_206&552_210&453_508&445-4_0_3_7_29_25_26-199-28.jpg gt=冀ADH512 code_cpu=冀ADH512 code_np=冀ADH512 agree=1 ok_cpu=1 ok_np=1 none_cpu=0 none_np=0
SCENE file=0259985632184-91_83-181&493_474&582-475&588_196&577_187&493_466&504-6_0_23_30_31_32_33-120-107.jpg gt=蒙AZ6789 code_cpu=蒙AZ6789 code_np=蒙AZ6789 agree=1 ok_cpu=1 ok_np=1 none_cpu=0 none_np=0
SCENE file=0260177203065-90_89-202&470_500&568-496&569_210&576_215&467_501&460-11_3_12_24_16_32_26-176-106.jpg gt=浙DN0S82 code_cpu=浙DN0S82 code_np=浙DN0S82 agree=1 ok_cpu=1 ok_np=1 none_cpu=0 none_np=0
SCENE file=0260775862069-90_66-226&491_583&588-587&586_252&579_215&479_550&486-4_15_27_29_8_27_29-139-62.jpg gt=冀R35J35 code_cpu=冀R35J35 code_np=冀R35J35 agree=1 ok_cpu=1 ok_np=1 none_cpu=0 none_np=0
SCENE file=0262356321839-90_84-154&521_436&624-449&605_164&620_159&520_444&505-16_12_2_30_22_33_26-145-30.jpg gt=豫NC6Y92 code_cpu=豫NC6Y92 code_np=豫NC6Y92 agree=1 ok_cpu=1 ok_np=1 none_cpu=0 none_np=0
SCENE file=0262631704981-80_97-235&505_457&626-458&585_241&625_236&544_453&504-19_1_31_28_25_24_22-88-35.jpg gt=粤B7410Y code_cpu=粤B7410Y code_np=粤B7410Y agree=1 ok_cpu=1 ok_np=1 none_cpu=0 none_np=0
SCENE file=0262739463602-100_70-168&494_396&626-396&623_182&569_163&486_377&540-11_5_32_26_24_7_7-73-34.jpg gt=浙F820HH code_cpu=浙F820HH code_np=浙F820HH agree=1 ok_cpu=1 ok_np=1 none_cpu=0 none_np=0
SCENE file=0262823275862-90_81-186&327_471&427-466&424_199&415_185&325_452&334-16_0_31_5_32_33_17-103-44.jpg gt=豫A7F89T code_cpu=豫A7F89T code_np=豫A7F89T agree=1 ok_cpu=1 ok_np=1 none_cpu=0 none_np=0
SCENE file=0263086685824-90_76-241&485_569&597-560&599_246&582_218&481_532&498-11_6_19_24_20_32_33-155-57.jpg gt=浙GV0W89 code_cpu=浙GV0W89 code_np=浙GV0W89 agree=1 ok_cpu=1 ok_np=1 none_cpu=0 none_np=0
SCENE file=0263110632184-90_86-178&483_504&573-507&576_173&573_168&475_502&478-14_1_32_32_33_30_32-164-22.jpg gt=赣B88968 code_cpu=赣B88968 code_np=赣B88968 agree=1 ok_cpu=1 ok_np=1 none_cpu=0 none_np=0
SCENE file=0263350095786-92_82-231&564_510&672-520&669_241&642_219&554_498&581-22_0_24_33_33_12_26-87-141.jpg gt=川A099N2 code_cpu=川A099N2 code_np=川A099N2 agree=1 ok_cpu=1 ok_np=1 none_cpu=0 none_np=0
SCENE file=0263589559386-94_85-206&529_489&633-495&637_206&613_201&519_490&543-4_5_24_30_30_6_14-103-21.jpg gt=冀F066GQ code_cpu=冀F066GQ code_np=冀F066GQ agree=1 ok_cpu=1 ok_np=1 none_cpu=0 none_np=0
SCENE file=0263601532567-93_88-232&494_494&601-499&603_238&578_228&483_489&508-6_4_11_33_33_30_29-147-33.jpg gt=蒙EM9965 code_cpu=蒙EM9965 code_np=蒙EM9965 agree=1 ok_cpu=1 ok_np=1 none_cpu=0 none_np=0
SCENE file=0263673371648-93_83-205&473_462&575-459&592_209&547_207&461_457&506-22_0_33_25_25_23_12-104-17.jpg gt=川A911ZN code_cpu=川A911ZN code_np=川A911ZN agree=1 ok_cpu=1 ok_np=1 none_cpu=0 none_np=0
SCENE file=0263888888889-96_79-350&521_597&629-603&640_349&603_343&519_597&556-16_12_30_7_25_26_27-159-124.jpg gt=豫N6H123 code_cpu=豫N6H123 code_np=豫N6H123 agree=1 ok_cpu=1 ok_np=1 none_cpu=0 none_np=0
SCENE file=0263900862069-92_81-154&428_447&518-461&526_175&504_148&413_434&435-17_0_8_25_24_2_25-141-43.jpg gt=鄂AJ10C1 code_cpu=鄂AJ10C1 code_np=鄂AJ10C1 agree=1 ok_cpu=1 ok_np=1 none_cpu=0 none_np=0
SCENE file=0264367816092-85_93-209&480_463&587-487&569_213&588_213&482_487&463-12_12_20_23_27_32_32-193-41.jpg gt=京NWZ388 code_cpu=京NWZ388 code_np=京NWZ388 agree=1 ok_cpu=1 ok_np=1 none_cpu=0 none_np=0
SCENE file=0264595306514-91_80-76&484_381&577-381&576_91&564_82&479_372&491-1_2_25_25_29_30_3-105-59.jpg gt=沪C1156D code_cpu=沪C1156D code_np=沪C1156D agree=1 ok_cpu=1 ok_np=1 none_cpu=0 none_np=0
SCENE file=0265325670498-92_81-156&445_450&544-460&546_161&526_164&434_463&454-7_0_33_27_27_6_4-101-33.jpg gt=辽A933GE code_cpu=辽A933GE code_np=辽A933GE agree=1 ok_cpu=1 ok_np=1 none_cpu=0 none_np=0
SCENE file=0266163793103-93_77-267&416_531&509-521&523_269&498_258&407_510&432-15_2_8_6_31_29_24-93-80.jpg gt=鲁CJG750 code_cpu=鲁CJG750 code_np=鲁CJG750 agree=1 ok_cpu=1 ok_np=1 none_cpu=0 none_np=0
SCENE file=0266702586207-84_95-212&319_463&431-462&407_214&426_221&327_469&308-5_1_14_0_27_32_27-64-84.jpg gt=晋BQA383 code_cpu=晋BQA383 code_np=晋BQA383 agree=1 ok_cpu=1 ok_np=1 none_cpu=0 none_np=0
SCENE file=026709770115-90_87-107&366_419&475-413&472_116&458_118&369_415&383-1_5_24_25_31_32_24-41-23.jpg gt=沪F01780 code_cpu=沪F01780 code_np=沪F01780 agree=1 ok_cpu=1 ok_np=1 none_cpu=0 none_np=0
SCENE file=026730124521-93_92-325&555_574&652-583&669_321&642_323&542_585&569-22_0_17_30_17_26_30-147-49.jpg gt=川AT6T26 code_cpu=川AT6T26 code_np=川AT6T26 agree=1 ok_cpu=1 ok_np=1 none_cpu=0 none_np=0
SCENE file=0267456896552-92_77-211&540_579&639-571&658_222&627_207&527_556&558-14_6_4_29_30_26_29-38-73.jpg gt=赣GE5625 code_cpu=赣GE5625 code_np=赣GE5625 agree=1 ok_cpu=1 ok_np=1 none_cpu=0 none_np=0
SCENE file=0267792145593-97_82-226&327_460&500-474&492_224&433_216&327_466&386-22_5_15_0_29_26_26-94-81.jpg gt=川FRA522 code_cpu=川FRA522 code_np=川FRA522 agree=1 ok_cpu=1 ok_np=1 none_cpu=0 none_np=0
SCENE file=0268534482759-88_85-263&518_544&617-562&594_281&616_282&521_563&499-14_6_33_27_33_27_31-149-95.jpg gt=赣G93937 code_cpu=赣G93937 code_np=赣G93937 agree=1 ok_cpu=1 ok_np=1 none_cpu=0 none_np=0
SCENE file=0268534482759-93_86-247&487_548&595-540&597_257&578_269&486_552&505-27_9_0_30_30_28_33-42-39.jpg gt=甘KA6649 code_cpu=甘KA6649 code_np=甘KA6649 agree=1 ok_cpu=1 ok_np=1 none_cpu=0 none_np=0
SCENE file=0268642241379-92_83-147&412_448&514-450&533_152&493_130&397_428&437-15_1_32_0_32_10_24-185-15.jpg gt=鲁B8A8L0 code_cpu=鲁B8A8L0 code_np=鲁B8A8L0 agree=1 ok_cpu=1 ok_np=1 none_cpu=0 none_np=0
SCENE file=026877394636-91_92-184&501_449&595-455&604_193&583_203&496_465&517-20_0_18_23_33_27_24-122-83.jpg gt=桂AUZ930 code_cpu=桂AUZ930 code_np=桂AUZ930 agree=1 ok_cpu=1 ok_np=1 none_cpu=0 none_np=0
SCENE file=0268965517241-80_102-279&401_504&526-506&476_281&522_289&446_514&400-4_0_7_13_28_26_26-92-26.jpg gt=冀AHP422 code_cpu=冀AHP422 code_np=冀AHP422 agree=1 ok_cpu=1 ok_np=1 none_cpu=0 none_np=0
SCENE file=0269204980843-90_89-172&523_486&629-489&627_181&618_174&528_482&537-15_12_5_19_25_30_33-73-70.jpg gt=鲁NFV169 code_cpu=鲁NFV169 code_np=鲁NFV169 agree=1 ok_cpu=1 ok_np=1 none_cpu=0 none_np=0
SCENE file=0269348659004-90_92-184&488_509&585-511&586_186&576_190&491_515&501-26_0_24_26_7_4_30-37-21.jpg gt=陕A02HE6 code_cpu=陕A02HE6 code_np=陕A02HE6 agree=1 ok_cpu=1 ok_np=1 none_cpu=0 none_np=0
SCENE file=0269875478927-87_94-201&508_445&617-454&598_208&616_211&511_457&493-19_12_32_33_27_32_25-133-25.jpg gt=粤N89381 code_cpu=粤N89381 code_np=粤N89381 agree=1 ok_cpu=1 ok_np=1 none_cpu=0 none_np=0
SCENE file=0270545977012-95_68-237&488_535&601-535&607_269&577_247&495_513&525-19_0_14_24_29_32_11-94-187.jpg gt=粤AQ058M code_cpu=粤AQ058M code_np=粤AQ058M agree=1 ok_cpu=1 ok_np=1 none_cpu=0 none_np=0
SCENE file=0270977011495-85_100-250&525_521&613-501&588_259&624_280&546_522&510-30_15_32_0_24_24_25-71-24.jpg gt=新R8A001 code_cpu=新R8A001 code_np=新R8A001 agree=1 ok_cpu=1 ok_np=1 none_cpu=0 none_np=0
SCENE file=0271192528736-90_89-224&476_537&579-545&578_226&577_226&473_545&474-10_4_26_1_31_5_32-96-82.jpg gt=苏E2B7F8 code_cpu=苏E2B7F8 code_np=苏E2B7F8 agree=1 ok_cpu=1 ok_np=1 none_cpu=0 none_np=0
SCENE file=0271455938697-99_64-331&315_568&430-575&445_363&400_330&313_542&358-10_0_15_32_5_32_27-65-61.jpg gt=苏AR8F83 code_cpu=苏AR8F83 code_np=苏AR8F83 agree=1 ok_cpu=1 ok_np=1 none_cpu=0 none_np=0
SCENE file=0271467911878-91_87-169&509_483&611-483&603_182&595_182&509_483&517-4_0_29_32_29_5_19-64-55.jpg gt=冀A585FV code_cpu=冀A585FV code_np=冀A585FV agree=1 ok_cpu=1 ok_np=1 none_cpu=0 none_np=0
SCENE file=027183908046-90_88-248&460_554&581-564&562_260&579_254&464_558&447-13_6_10_24_25_29_26-182-32.jpg gt=闽GL0152 code_cpu=闽GL0152 code_np=闽GL0152 agree=1 ok_cpu=1 ok_np=1 none_cpu=0 none_np=0
SCENE file=0271875-93_85-245&527_531&642-541&641_257&611_247&518_531&548-2_0_2_13_25_26_29-88-29.jpg gt=津ACP125 code_cpu=津ACP125 code_np=津ACP125 agree=1 ok_cpu=1 ok_np=1 none_cpu=0 none_np=0
SCENE file=0272030651341-91_93-192&304_496&414-477&412_190&392_216&304_503&324-19_16_18_24_28_30_18-99-40.jpg gt=粤SU046U code_cpu=粤SU046U code_np=粤SU046U agree=1 ok_cpu=1 ok_np=1 none_cpu=0 none_np=0
SCENE file=0272294061303-88_96-229&551_523&641-507&638_218&647_247&556_536&547-1_2_33_32_18_30_29-122-81.jpg gt=沪C98U65 code_cpu=沪C98U65 code_np=沪C98U65 agree=1 ok_cpu=1 ok_np=1 none_cpu=0 none_np=0
SCENE file=0272701149426-81_92-198&572_428&696-439&651_212&691_201&606_428&566-17_12_30_7_5_30_29-128-90.jpg gt=鄂N6HF65 code_cpu=鄂N6HF65 code_np=鄂N6HF65 agree=1 ok_cpu=1 ok_np=1 none_cpu=0 none_np=0
SCENE file=0272892720307-87_90-269&428_557&528-537&520_271&537_274&441_540&424-4_5_25_22_30_24_33-105-34.jpg gt=冀F1Y609 code_cpu=冀F1Y609 code_np=冀F1Y609 agree=1 ok_cpu=1 ok_np=1 none_cpu=0 none_np=0
SCENE file=0272892720307-90_89-221&442_553&545-567&544_226&539_232&434_573&439-15_22_26_31_26_15_31-99-53.jpg gt=鲁Y272R7 code_cpu=鲁Y272R7 code_np=鲁Y272R7 agree=1 ok_cpu=1 ok_np=1 none_cpu=0 none_np=0
SCENE file=0273635057471-92_85-226&540_527&619-523&627_228&615_246&534_541&546-14_10_10_30_27_25_33-132-129.jpg gt=赣LL6319 code_cpu=赣LL6319 code_np=赣LL6319 agree=1 ok_cpu=1 ok_np=1 none_cpu=0 none_np=0
SCENE file=0273946360153-92_87-175&399_495&490-513&496_180&484_173&387_506&399-16_4_23_29_28_25_30-153-97.jpg gt=豫EZ5416 code_cpu=豫EZ5416 code_np=豫EZ5416 agree=1 ok_cpu=1 ok_np=1 none_cpu=0 none_np=0
SCENE file=0274281609195-97_81-217&461_486&588-485&582_218&544_214&461_481&499-17_0_25_23_1_24_32-78-118.jpg gt=鄂A1ZB08 code_cpu=鄂A1ZB08 code_np=鄂A1ZB08 agree=1 ok_cpu=1 ok_np=1 none_cpu=0 none_np=0
SCENE file=0274568965517-97_71-182&431_436&554-459&554_210&515_182&422_431&461-17_0_31_27_23_30_3-120-102.jpg gt=鄂A73Z6D code_cpu=鄂A73Z6D code_np=鄂A73Z6D agree=1 ok_cpu=1 ok_np=1 none_cpu=0 none_np=0
SCENE file=0275-91_89-160&488_451&606-441&606_172&588_178&487_447&505-10_0_6_30_12_24_33-170-43.jpg gt=苏AG6N09 code_cpu=苏AG6N09 code_np=苏AG6N09 agree=1 ok_cpu=1 ok_np=1 none_cpu=0 none_np=0
SCENE file=0275263409962-76_101-405&515_646&659-648&592_414&657_417&571_651&506-4_8_25_11_26_20_31-60-28.jpg gt=冀J1M2W7 code_cpu=冀J1M2W7 code_np=冀J1M2W7 agree=1 ok_cpu=1 ok_np=1 none_cpu=0 none_np=0
SCENE file=0275742337165-95_81-187&496_444&616-449&620_188&580_174&489_435&529-11_1_31_21_21_26_30-145-138.jpg gt=浙B7XX26 code_cpu=浙B7XX26 code_np=浙B7XX26 agree=1 ok_cpu=1 ok_np=1 none_cpu=0 none_np=0
SCENE file=0275802203065-94_82-288&386_583&501-589&502_306&474_295&384_578&412-4_5_24_30_30_6_14-164-61.jpg gt=冀F066GQ code_cpu=冀F066GQ code_np=冀F066GQ agree=1 ok_cpu=1 ok_np=1 none_cpu=0 none_np=0
SCENE file=0276245210728-100_78-209&325_446&452-445&458_208&411_202&321_439&368-16_4_2_29_7_32_29-136-104.jpg gt=豫EC5H85 code_cpu=豫EC5H85 code_np=豫EC5H85 agree=1 ok_cpu=1 ok_np=1 none_cpu=0 none_np=0
SCENE file=0276760057471-79_102-353&291_578&421-576&372_357&420_361&330_580&282-18_10_15_13_33_25_32-79-34.jpg gt=湘LRP918 code_cpu=湘LRP918 code_np=湘LRP918 agree=1 ok_cpu=1 ok_np=1 none_cpu=0 none_np=0
SCENE file=0276819923372-91_86-259&486_555&575-567&588_267&573_261&474_561&489-12_12_7_31_31_25_30-171-24.jpg gt=京NH7716 code_cpu=京NH7716 code_np=京NH7716 agree=1 ok_cpu=1 ok_np=1 none_cpu=0 none_np=0
SCENE file=0276867816092-87_90-63&502_372&603-378&579_76&602_61&513_363&490-16_12_29_0_32_30_25-107-41.jpg gt=豫N5A861 code_cpu=豫N5A861 code_np=豫N5A861 agree=1 ok_cpu=1 ok_np=1 none_cpu=0 none_np=0
SCENE file=0276867816092-97_64-218&478_481&604-492&605_230&557_197&468_459&516-16_12_3_11_32_31_25-133-71.jpg gt=豫NDM871 code_cpu=豫NDM871 code_np=豫NDM871 agree=1 ok_cpu=1 ok_np=1 none_cpu=0 none_np=0
SCENE file=0276915708812-96_82-277&627_531&741-538&736_285&707_271&621_524&650-19_10_7_26_31_31_6-83-36.jpg gt=粤LH277G code_cpu=粤LH277G code_np=粤LH277G agree=1 ok_cpu=1 ok_np=1 none_cpu=0 none_np=0
SCENE file=0277586206897-90_88-296&422_588&525-590&522_302&517_304&419_592&424-12_12_2_24_32_29_31-138-71.jpg gt=京NC0857 code_cpu=京NC0857 code_np=京NC0857 agree=1 ok_cpu=1 ok_np=1 none_cpu=0 none_np=0
SCENE file=027820881226-90_80-206&542_537&648-554&645_232&635_216&545_538&555-19_0_29_29_24_22_7-166-40.jpg gt=粤A550YH code_cpu=粤A550YH code_np=粤A550YH agree=1 ok_cpu=1 ok_np=1 none_cpu=0 none_np=0
SCENE file=0278675766283-85_94-255&437_523&549-527&516_269&551_265&459_523&424-26_2_13_31_30_33_24-186-22.jpg gt=陕CP7690 code_cpu=陕CP7690 code_np=陕CP7690 agree=1 ok_cpu=1 ok_np=1 none_cpu=0 none_np=0
SCENE file=0279034961686-89_87-224&391_536&482-527&486_226&488_229&391_530&389-27_0_0_25_24_32_30-59-207.jpg gt=甘AA1086 code_cpu=甘AA1086 code_np=甘AA1086 agree=1 ok_cpu=1 ok_np=1 none_cpu=0 none_np=0
SCENE file=027959770115-89_93-262&507_571&608-554&591_267&601_266&506_553&496-17_0_29_26_19_7_28-110-104.jpg gt=鄂A52VH4 code_cpu=鄂A52VH4 code_np=鄂A52VH4 agree=1 ok_cpu=1 ok_np=1 none_cpu=0 none_np=0
SCENE file=0280268199234-90_87-210&479_502&585-503&569_215&582_218&480_506&467-17_0_26_31_14_32_22-140-109.jpg gt=鄂A27Q8Y code_cpu=鄂A27Q8Y code_np=鄂A27Q8Y agree=1 ok_cpu=1 ok_np=1 none_cpu=0 none_np=0
SCENE file=0280926724138-96_81-156&507_414&633-423&638_174&597_158&498_407&539-0_0_6_8_31_25_33-142-44.jpg gt=皖AGJ719 code_cpu=皖AGJ719 code_np=皖AGJ719 agree=1 ok_cpu=1 ok_np=1 none_cpu=0 none_np=0
SCENE file=0281609195402-99_69-276&424_525&552-540&550_289&495_274&417_525&472-26_3_29_32_29_25_8-74-44.jpg gt=陕D5851J code_cpu=陕D5851J code_np=陕D5851J agree=1 ok_cpu=1 ok_np=1 none_cpu=0 none_np=0
SCENE file=028283045977-88_90-335&320_618&424-617&413_338&428_335&329_614&314-13_2_33_24_25_0_29-172-36.jpg gt=闽C901A5 code_cpu=闽C901A5 code_np=闽C901A5 agree=1 ok_cpu=1 ok_np=1 none_cpu=0 none_np=0
SCENE file=0283225574712-91_78-181&488_489&586-497&604_201&572_171&480_467&512-16_16_23_4_30_27_33-87-15.jpg gt=豫SZE639 code_cpu=豫SZE639 code_np=豫SZE639 agree=1 ok_cpu=1 ok_np=1 none_cpu=0 none_np=0
SCENE file=0283764367816-90_85-190&396_507&505-503&504_189&483_178&387_492&408-17_8_33_15_26_30_25-79-44.jpg gt=鄂J9R261 code_cpu=鄂J9R261 code_np=鄂J9R261 agree=1 ok_cpu=1 ok_np=1 none_cpu=0 none_np=0
SCENE file=0283908045977-90_87-172&458_503&548-510&558_176&561_179&450_513&447-16_0_31_24_31_12_29-94-30.jpg gt=豫A707N5 code_cpu=豫A707N5 code_np=豫A707N5 agree=1 ok_cpu=1 ok_np=1 none_cpu=0 none_np=0
SCENE file=0284482758621-86_85-212&493_506&590-509&571_234&589_211&507_486&489-15_15_26_15_31_25_30-108-109.jpg gt=鲁R2R716 code_cpu=鲁R2R716 code_np=鲁R2R716 agree=1 ok_cpu=1 ok_np=1 none_cpu=0 none_np=0
SCENE file=0284482758621-89_91-175&566_453&672-460&659_187&667_188&569_461&561-15_15_12_25_25_32_10-103-219.jpg gt=鲁RN118L code_cpu=鲁RN118L code_np=鲁RN118L agree=1 ok_cpu=1 ok_np=1 none_cpu=0 none_np=0
SCENE file=0284626436781-89_86-244&495_553&587-536&580_246&589_244&499_534&490-3_7_9_32_29_29_31-147-74.jpg gt=渝HK8557 code_cpu=渝HK8557 code_np=渝HK8557 agree=1 ok_cpu=1 ok_np=1 none_cpu=0 none_np=0
SCENE file=0285464559386-95_67-321&306_591&426-590&444_324&400_301&305_567&349-19_0_27_23_1_27_26-132-53.jpg gt=粤A3ZB32 code_cpu=粤A3ZB32 code_np=粤A3ZB32 agree=1 ok_cpu=1 ok_np=1 none_cpu=0 none_np=0
SCENE file=0285560344828-87_94-216&496_498&592-498&575_224&598_229&509_503&486-11_0_30_21_9_26_24-138-80.jpg gt=浙A6XK20 code_cpu=浙A6XK20 code_np=浙A6XK20 agree=1 ok_cpu=1 ok_np=1 none_cpu=0 none_np=0
SCENE file=0286099137931-90_90-217&513_531&614-537&610_228&607_225&511_534&514-22_1_31_6_3_33_32-136-44.jpg gt=川B7GD98 code_cpu=川B7GD98 code_np=川B7GD98 agree=1 ok_cpu=1 ok_np=1 none_cpu=0 none_np=0
SCENE file=0286458333333-90_84-212&454_538&566-553&571_234&549_215&453_534&475-13_8_23_30_31_24_33-81-54.jpg gt=闽JZ6709 code_cpu=闽JZ6709 code_np=闽JZ6709 agree=1 ok_cpu=1 ok_np=1 none_cpu=0 none_np=0
SCENE file=0286554118774-88_88-217&341_507&448-512&428_223&452_217&353_506&329-13_2_2_25_33_25_14-112-55.jpg gt=闽CC191Q code_cpu=闽CC191Q code_np=闽CC191Q agree=1 ok_cpu=1 ok_np=1 none_cpu=0 none_np=0
SCENE file=0287356321839-90_91-228&505_562&598-561&590_235&605_237&510_563&495-0_0_3_30_28_29_10-107-28.jpg gt=皖AD645L code_cpu=皖AD645L code_np=皖AD645L agree=1 ok_cpu=1 ok_np=1 none_cpu=0 none_np=0
SCENE file=0287643678161-102_76-289&448_528&591-522&593_284&529_292&444_530&508-10_4_13_30_27_31_19-151-36.jpg gt=苏EP637V code_cpu=苏EP637V code_np=苏EP637V agree=1 ok_cpu=1 ok_np=1 none_cpu=0 none_np=0
SCENE file=0288254310345-82_105-212&447_444&564-437&524_212&560_232&482_457&446-16_15_31_16_32_30_27-123-71.jpg gt=豫R7S863 code_cpu=豫R7S863 code_np=豫R7S863 agree=1 ok_cpu=1 ok_np=1 none_cpu=0 none_np=0
SCENE file=0288314176245-90_89-222&377_523&479-528&472_227&473_225&379_526&378-17_0_30_26_7_21_32-124-84.jpg gt=鄂A62HX8 code_cpu=鄂A62HX8 code_np=鄂A62HX8 agree=1 ok_cpu=1 ok_np=1 none_cpu=0 none_np=0
SCENE file=0288697318007-93_73-118&437_398&550-398&543_134&519_110&436_374&460-2_9_33_31_29_27_32-46-127.jpg gt=津K97538 code_cpu=津K97538 code_np=津K97538 agree=1 ok_cpu=1 ok_np=1 none_cpu=0 none_np=0
SCENE file=0288840996169-90_88-205&437_600&518-601&528_229&534_225&432_597&426-7_1_32_7_27_27_7-75-30.jpg gt=辽B8H33H code_cpu=辽B8H33H code_np=辽B8H33H agree=1 ok_cpu=1 ok_np=1 none_cpu=0 none_np=0
SCENE file=028915229885-90_84-134&461_498&552-511&557_138&557_139&451_512&451-19_16_20_19_29_29_27-142-177.jpg gt=粤SWV553 code_cpu=粤SWV553 code_np=粤SWV553 agree=1 ok_cpu=1 ok_np=1 none_cpu=0 none_np=0
SCENE file=0289655172414-96_79-219&498_498&604-486&614_231&571_219&479_474&522-17_8_24_3_30_26_24-48-16.jpg gt=鄂J0D620 code_cpu=鄂J0D620 code_np=鄂J0D620 agree=1 ok_cpu=1 ok_np=1 none_cpu=0 none_np=0
SCENE file=0291187739464-87_93-211&482_486&584-487&560_215&581_230&489_502&468-15_2_29_22_27_25_27-162-94.jpg gt=鲁C5Y313 code_cpu=鲁C5Y313 code_np=鲁C5Y313 agree=1 ok_cpu=1 ok_np=1 none_cpu=0 none_np=0
SCENE file=0291666666667-91_90-333&448_644&563-632&566_333&558_342&448_641&456-12_12_0_31_22_29_29-112-62.jpg gt=京NA7Y55 code_cpu=京NA7Y55 code_np=京NA7Y55 agree=1 ok_cpu=1 ok_np=1 none_cpu=0 none_np=0
SCENE file=0292025862069-92_83-205&544_489&643-480&645_203&632_216&537_493&550-5_0_5_27_33_33_15-104-17.jpg gt=晋AF399R code_cpu=晋AF399R code_np=晋AF399R agree=1 ok_cpu=1 ok_np=1 none_cpu=0 none_np=0
SCENE file=0292145593869-90_88-224&432_552&539-548&540_222&539_220&430_546&431-15_11_31_29_24_12_27-177-27.jpg gt=鲁M750N3 code_cpu=鲁M750N3 code_np=鲁M750N3 agree=1 ok_cpu=1 ok_np=1 none_cpu=0 none_np=0
SCENE file=029227729885-90_84-212&487_565&591-588&592_232&584_202&478_558&486-20_15_23_24_32_25_31-100-22.jpg gt=桂RZ0817 code_cpu=桂RZ0817 code_np=桂RZ0817 agree=1 ok_cpu=1 ok_np=1 none_cpu=0 none_np=0
SCENE file=0292385057471-84_94-402&473_642&609-644&575_409&603_414&495_649&467-14_3_31_19_29_30_29-82-21.jpg gt=赣D7V565 code_cpu=赣D7V565 code_np=赣D7V565 agree=1 ok_cpu=1 ok_np=1 none_cpu=0 none_np=0
SCENE file=0292624521073-95_69-159&455_439&566-440&577_173&543_150&453_417&487-16_9_15_10_32_24_27-71-32.jpg gt=豫KRL803 code_cpu=豫KRL803 code_np=豫KRL803 agree=1 ok_cpu=1 ok_np=1 none_cpu=0 none_np=0
SCENE file=0292672413793-93_83-191&492_505&583-515&594_190&575_185&481_510&500-9_0_6_16_31_33_25-102-70.jpg gt=黑AGS791 code_cpu=黑AGS791 code_np=黑AGS791 agree=1 ok_cpu=1 ok_np=1 none_cpu=0 none_np=0
SCENE file=0293462643678-97_74-254&446_533&553-532&558_273&518_259&433_518&473-16_0_27_16_29_32_13-62-21.jpg gt=豫A3S58P code_cpu=豫A3S58P code_np=豫A3S58P agree=1 ok_cpu=1 ok_np=1 none_cpu=0 none_np=0
SCENE file=0293857758621-89_86-181&497_516&587-511&593_179&596_175&497_507&494-12_12_24_27_26_6_32-56-17.jpg gt=京N032G8 code_cpu=京N032G8 code_np=京N032G8 agree=1 ok_cpu=1 ok_np=1 none_cpu=0 none_np=0
SCENE file=0294492337165-91_85-183&502_481&603-475&608_182&594_187&501_480&515-5_0_0_21_24_27_32-130-108.jpg gt=晋AAX038 code_cpu=晋AAX038 code_np=晋AAX038 agree=1 ok_cpu=1 ok_np=1 none_cpu=0 none_np=0
SCENE file=0295019157088-89_93-223&493_558&603-573&594_244&618_236&503_565&479-3_3_0_6_27_24_27-133-29.jpg gt=渝DAG303 code_cpu=渝DAG303 code_np=渝DAG303 agree=1 ok_cpu=1 ok_np=1 none_cpu=0 none_np=0
SCENE file=0295150862069-89_92-207&486_524&581-531&585_219&584_195&480_507&481-4_4_25_26_29_10_26-181-21.jpg gt=冀E125L2 code_cpu=冀E125L2 code_np=冀E125L2 agree=1 ok_cpu=1 ok_np=1 none_cpu=0 none_np=0
SCENE file=0297222222222-104_71-240&380_475&522-475&531_244&455_240&377_471&453-17_10_24_24_25_32_28-170-67.jpg gt=鄂L00184 code_cpu=鄂L00184 code_np=鄂L00184 agree=1 ok_cpu=1 ok_np=1 none_cpu=0 none_np=0
SCENE file=0297222222222-81_104-172&552_401&664-393&631_175&681_186&593_404&543-9_0_19_33_31_7_31-136-99.jpg gt=黑AV97H7 code_cpu=黑AV97H7 code_np=黑AV97H7 agree=1 ok_cpu=1 ok_np=1 none_cpu=0 none_np=0
SCENE file=0297413793103-79_104-184&440_408&565-406&511_189&565_197&486_414&432-6_7_29_26_24_24_4-119-123.jpg gt=蒙H5200E code_cpu=蒙H5200E code_np=蒙H5200E agree=1 ok_cpu=1 ok_np=1 none_cpu=0 none_np=0
SCENE file=0297449712643-88_88-197&514_496&624-487&613_201&618_201&520_487&515-17_1_20_4_28_32_32-114-22.jpg gt=鄂BWE488 code_cpu=鄂BWE488 code_np=鄂BWE488 agree=1 ok_cpu=1 ok_np=1 none_cpu=0 none_np=0
SCENE file=0297581417624-95_65-161&483_470&588-496&596_197&555_147&473_446&514-0_0_32_26_6_32_27-114-49.jpg gt=皖A82G83 code_cpu=皖A82G83 code_np=皖A82G83 agree=1 ok_cpu=1 ok_np=1 none_cpu=0 none_np=0
SCENE file=0297605363985-87_97-275&441_542&557-531&536_278&566_302&452_555&422-15_14_13_27_27_33_17-132-25.jpg gt=鲁QP339T code_cpu=鲁QF339T code_np=鲁QF339T agree=1 ok_cpu=0 ok_np=0 none_cpu=0 none_np=0
SCENE file=029849137931-93_63-252&451_560&574-560&574_280&535_235&440_515&479-1_1_18_9_30_24_30-151-48.jpg gt=沪BUK606 code_cpu=沪BUK606 code_np=沪BUK606 agree=1 ok_cpu=1 ok_np=1 none_cpu=0 none_np=0
SCENE file=0298539272031-89_92-265&455_557&564-569&560_264&561_267&457_572&456-10_9_27_33_26_22_33-76-24.jpg gt=苏K392Y9 code_cpu=苏K392Y9 code_np=苏K392Y9 agree=1 ok_cpu=1 ok_np=1 none_cpu=0 none_np=0
SCENE file=0298694923372-98_78-201&556_465&682-474&688_210&640_203&552_467&600-15_1_27_26_6_19_31-120-58.jpg gt=鲁B32GV7 code_cpu=鲁B32GV7 code_np=鲁B32GV7 agree=1 ok_cpu=1 ok_np=1 none_cpu=0 none_np=0
SCENE file=0299125957855-89_90-203&478_532&584-543&580_215&575_223&466_551&471-26_0_25_8_15_32_31-126-100.jpg gt=陕A1JR87 code_cpu=陕A1JR87 code_np=陕A1JR87 agree=1 ok_cpu=1 ok_np=1 none_cpu=0 none_np=0
SCENE file=0299616858238-92_88-212&447_506&549-501&557_207&545_218&443_512&455-19_0_33_24_33_23_10-151-30.jpg gt=粤A909ZL code_cpu=粤A909ZL code_np=粤A909ZL agree=1 ok_cpu=1 ok_np=1 none_cpu=0 none_np=0
SCENE file=0300287356322-91_89-224&483_547&591-565&607_228&591_236&474_573&490-4_15_27_29_8_27_29-60-19.jpg gt=冀R35J35 code_cpu=冀R35J35 code_np=冀R35J35 agree=1 ok_cpu=1 ok_np=1 none_cpu=0 none_np=0
SCENE file=030161637931-90_92-222&318_562&419-557&423_220&424_222&311_559&310-13_2_29_32_32_23_30-114-84.jpg gt=闽C588Z6 code_cpu=闽C588Z6 code_np=闽C588Z6 agree=1 ok_cpu=1 ok_np=1 none_cpu=0 none_np=0
SCENE file=030310105364-92_81-165&440_477&550-485&552_181&529_166&441_470&464-19_0_29_29_24_22_7-140-129.jpg gt=粤A550YH code_cpu=粤A550YH code_np=粤A550YH agree=1 ok_cpu=1 ok_np=1 none_cpu=0 none_np=0
SCENE file=0303879310345-90_92-368&535_654&644-654&635_362&647_376&536_668&524-17_0_32_33_0_16_24-129-94.jpg gt=鄂A89AS0 code_cpu=鄂A89AS0 code_np=鄂A89AS0 agree=1 ok_cpu=1 ok_np=1 none_cpu=0 none_np=0
SCENE file=0303903256705-97_68-49&397_328&519-334&528_73&484_45&389_306&433-17_0_26_24_4_10_32-142-116.jpg gt=鄂A20EL8 code_cpu=鄂A20EL8 code_np=鄂A20EL8 agree=1 ok_cpu=1 ok_np=1 none_cpu=0 none_np=0
SCENE file=0304382183908-104_68-217&601_467&737-459&748_226&683_221&605_454&670-11_0_14_23_26_28_28-99-18.jpg gt=浙AQZ244 code_cpu=浙AQZ244 code_np=浙AQZ244 agree=1 ok_cpu=1 ok_np=1 none_cpu=0 none_np=0
SCENE file=0305076628352-85_92-286&566_558&676-558&641_299&675_297&589_556&555-5_0_8_23_26_27_27-94-93.jpg gt=晋AJZ233 code_cpu=晋AJZ233 code_np=晋AJZ233 agree=1 ok_cpu=1 ok_np=1 none_cpu=0 none_np=0
SCENE file=0305316091954-85_90-241&316_525&413-519&400_251&432_258&329_526&297-17_0_33_8_3_29_32-153-103.jpg gt=鄂A9JD58 code_cpu=鄂A9JD58 code_np=鄂A9JD58 agree=1 ok_cpu=1 ok_np=1 none_cpu=0 none_np=0
SCENE file=0305316091954-97_66-293&448_563&565-562&583_305&536_279&445_536&492-5_10_20_18_32_33_29-167-65.jpg gt=晋LWU895 code_cpu=晋LWU895 code_np=晋LWU895 agree=1 ok_cpu=1 ok_np=1 none_cpu=0 none_np=0
SCENE file=0305747126436-81_99-243&593_479&728-491&684_246&721_253&616_498&579-14_2_13_27_32_26_31-110-20.jpg gt=赣CP3827 code_cpu=赣CP3827 code_np=赣CP3827 agree=1 ok_cpu=1 ok_np=1 none_cpu=0 none_np=0
SCENE file=0305842911878-98_70-217&478_469&605-469&612_228&559_210&474_451&527-8_1_31_3_31_30_30-149-118.jpg gt=吉B7D766 code_cpu=吉B7D766 code_np=吉B7D766 agree=1 ok_cpu=1 ok_np=1 none_cpu=0 none_np=0
SCENE file=0306585249042-104_68-326&393_553&536-547&537_330&465_333&384_550&456-0_0_8_30_24_28_11-140-39.jpg gt=皖AJ604M code_cpu=皖AJ604M code_np=皖AJ604M agree=1 ok_cpu=1 ok_np=1 none_cpu=0 none_np=0
SCENE file=0306752873564-93_76-179&481_517&587-514&586_199&562_172&467_487&491-17_0_31_24_13_24_27-125-78.jpg gt=鄂A70P03 code_cpu=鄂A70P03 code_np=鄂A70P03 agree=1 ok_cpu=1 ok_np=1 none_cpu=0 none_np=0
SCENE file=0307136015326-98_75-207&364_479&505-470&514_206&454_201&357_465&417-12_13_3_32_3_31_27-108-54.jpg gt=京PD8D73 code_cpu=京PD8D73 code_np=京PD8D73 agree=1 ok_cpu=1 ok_np=1 none_cpu=0 none_np=0
SCENE file=0308010057471-90_88-259&375_634&461-634&471_268&472_264&370_630&369-10_6_4_9_29_27_25-131-118.jpg gt=苏GEK531 code_cpu=苏GEK531 code_np=苏GEK531 agree=1 ok_cpu=1 ok_np=1 none_cpu=0 none_np=0
SCENE file=0308908045977-90_89-152&591_463&699-461&709_148&694_145&582_458&597-22_0_5_14_26_30_27-84-69.jpg gt=川AFQ263 code_cpu=川AFQ263 code_np=川AFQ263 agree=1 ok_cpu=1 ok_np=1 none_cpu=0 none_np=0
SCENE file=030938697318-90_90-233&480_555&585-559&595_241&584_246&474_564&485-15_19_5_26_26_24_10-104-29.jpg gt=鲁VF220L code_cpu=鲁VF220L code_np=鲁VF220L agree=1 ok_cpu=1 ok_np=1 none_cpu=0 none_np=0
SCENE file=0309542624521-97_74-233&532_511&634-498&655_250&606_241&519_489&568-19_0_5_30_25_25_23-90-34.jpg gt=粤AF611Z code_cpu=粤AF611Z code_np=粤AF611Z agree=1 ok_cpu=1 ok_np=1 none_cpu=0 none_np=0
SCENE file=0309770114943-90_84-181&455_531&562-542&576_194&562_181&456_529&470-17_8_30_31_23_25_33-69-42.jpg gt=鄂J67Z19 code_cpu=鄂J67Z19 code_np=鄂J67Z19 agree=1 ok_cpu=1 ok_np=1 none_cpu=0 none_np=0
SCENE file=0310057471264-94_63-183&478_536&570-522&586_198&565_161&467_485&488-15_7_33_26_13_29_26-83-80.jpg gt=鲁H92P52 code_cpu=鲁H92P52 code_np=鲁H92P52 agree=1 ok_cpu=1 ok_np=1 none_cpu=0 none_np=0
SCENE file=0310344827586-89_85-157&430_471&543-480&531_160&538_154&443_474&436-22_10_7_22_32_27_24-106-60.jpg gt=川LHY830 code_cpu=川LHY830 code_np=川LHY830 agree=1 ok_cpu=1 ok_np=1 none_cpu=0 none_np=0
SCENE file=0311745689655-90_89-201&471_490&582-491&561_225&588_226&488_492&461-9_0_4_26_32_7_33-42-22.jpg gt=黑AE28H9 code_cpu=黑AE28H9 code_np=黑AE28H9 agree=1 ok_cpu=1 ok_np=1 none_cpu=0 none_np=0
SCENE file=0311997126436-86_93-254&481_524&586-526&569_261&591_261&495_526&473-19_1_27_10_24_23_30-200-27.jpg gt=粤B3L0Z6 code_cpu=粤B3L0Z6 code_np=粤B3L0Z6 agree=1 ok_cpu=1 ok_np=1 none_cpu=0 none_np=0
SCENE file=0312260536398-91_70-221&512_556&622-547&617_250&602_206&514_503&529-12_12_2_27_9_25_24-68-180.jpg gt=京NC3K10 code_cpu=京NC3K10 code_np=京NC3K10 agree=1 ok_cpu=1 ok_np=1 none_cpu=0 none_np=0
SCENE file=0312643678161-94_82-171&466_464&584-478&584_176&561_168&459_470&482-15_14_31_24_8_31_27-152-51.jpg gt=鲁Q70J73 code_cpu=鲁Q70J73 code_np=鲁Q70J73 agree=1 ok_cpu=1 ok_np=1 none_cpu=0 none_np=0
SCENE file=0313290229885-88_86-92&368_377&482-374&476_102&478_97&370_369&368-7_0_19_30_25_30_13-137-54.jpg gt=辽AV616P code_cpu=辽AV616P code_np=辽AV616P agree=1 ok_cpu=1 ok_np=1 none_cpu=0 none_np=0
SCENE file=0313577586207-89_94-223&446_506&559-503&544_233&551_250&437_520&430-19_1_22_26_31_8_30-129-61.jpg gt=粤BY27J6 code_cpu=粤BY27J6 code_np=粤BY27J6 agree=1 ok_cpu=1 ok_np=1 none_cpu=0 none_np=0
SCENE file=031400862069-87_93-215&359_517&458-503&443_216&455_220&362_507&350-17_0_25_30_14_0_26-104-82.jpg gt=鄂A16QA2 code_cpu=鄂A16QA2 code_np=鄂A16QA2 agree=1 ok_cpu=1 ok_np=1 none_cpu=0 none_np=0
SCENE file=031403256705-90_86-103&381_455&464-458&468_118&469_115&374_455&373-17_0_33_24_2_2_24-132-86.jpg gt=鄂A90CC0 code_cpu=鄂A90CC0 code_np=鄂A90CC0 agree=1 ok_cpu=1 ok_np=1 none_cpu=0 none_np=0
SCENE file=0314463601533-95_78-197&436_486&542-509&565_219&521_187&422_477&466-15_8_22_21_29_29_25-85-17.jpg gt=鲁JYX551 code_cpu=晋JYX551 code_np=晋JYX551 agree=1 ok_cpu=0 ok_np=0 none_cpu=0 none_np=0
SCENE file=0314475574712-92_85-277&560_551&680-557&680_274&663_288&551_571&568-11_8_19_27_19_24_33-171-24.jpg gt=浙JV3V09 code_cpu=浙JV3V09 code_np=浙JV3V09 agree=1 ok_cpu=1 ok_np=1 none_cpu=0 none_np=0
SCENE file=0315038314176-98_85-193&638_454&768-453&765_197&722_196&634_452&677-12_11_1_25_30_32_30-77-46.jpg gt=京MB1686 code_cpu=京MB1686 code_np=京MB1686 agree=1 ok_cpu=1 ok_np=1 none_cpu=0 none_np=0
SCENE file=0315696839081-112_62-288&543_482&709-481&711_290&614_294&540_485&637-14_6_33_7_24_25_32-133-48.jpg gt=赣G9H018 code_cpu=赣G9H018 code_np=赣G9H018 agree=1 ok_cpu=1 ok_np=1 none_cpu=0 none_np=0
SCENE file=0315732758621-90_89-225&487_546&591-545&583_236&597_239&485_548&471-23_0_24_33_24_29_19-174-99.jpg gt=贵A0905V code_cpu=贵A0905V code_np=贵A0905V agree=1 ok_cpu=1 ok_np=1 none_cpu=0 none_np=0
SCENE file=0315924329502-90_85-129&384_486&489-490&485_139&479_122&372_473&378-12_13_2_16_29_27_30-128-75.jpg gt=京PCS536 code_cpu=京PCS536 code_np=京PCS536 agree=1 ok_cpu=1 ok_np=1 none_cpu=0 none_np=0
SCENE file=0316091954023-86_82-162&313_501&427-505&413_157&429_157&324_505&308-1_2_4_17_28_25_30-134-84.jpg gt=沪CET416 code_cpu=沪CET416 code_np=沪CET416 agree=1 ok_cpu=1 ok_np=1 none_cpu=0 none_np=0
SCENE file=0316666666667-90_90-234&493_587&606-600&612_229&610_227&485_598&487-17_0_26_29_16_12_31-167-64.jpg gt=鄂A25SN7 code_cpu=鄂A25SN7 code_np=鄂A25SN7 agree=1 ok_cpu=1 ok_np=1 none_cpu=0 none_np=0
SCENE file=0317816091954-89_88-186&404_555&488-548&500_196&505_197&403_549&398-14_4_28_30_31_25_33-67-49.jpg gt=赣E46719 code_cpu=赣E46719 code_np=赣E46719 agree=1 ok_cpu=1 ok_np=1 none_cpu=0 none_np=0
SCENE file=0317887931034-93_70-187&497_501&607-504&609_210&583_182&490_476&516-1_2_32_12_5_24_31-101-157.jpg gt=沪C8NF07 code_cpu=沪C8NF07 code_np=沪C8NF07 agree=1 ok_cpu=1 ok_np=1 none_cpu=0 none_np=0
SCENE file=0318043582376-98_69-253&444_527&565-537&569_257&525_233&435_513&479-15_0_14_27_30_27_8-94-117.jpg gt=鲁AQ363J code_cpu=鲁AQ363J code_np=鲁AQ363J agree=1 ok_cpu=1 ok_np=1 none_cpu=0 none_np=0
SCENE file=0318342911878-94_86-199&472_508&589-519&591_201&558_188&460_506&493-19_2_10_2_31_30_29-92-30.jpg gt=粤CLC765 code_cpu=粤CLC765 code_np=粤CLC765 agree=1 ok_cpu=1 ok_np=1 none_cpu=0 none_np=0
SCENE file=0318438697318-103_69-214&464_442&606-446&609_218&539_208&456_436&526-18_0_33_11_6_33_25-152-66.jpg gt=湘A9MG91 code_cpu=湘A9MG91 code_np=湘A9MG91 agree=1 ok_cpu=1 ok_np=1 none_cpu=0 none_np=0
SCENE file=0319540229885-95_76-229&530_528&650-533&649_257&619_244&525_520&555-1_12_9_31_33_29_30-57-24.jpg gt=沪NK7956 code_cpu=沪NK7956 code_np=沪NK7956 agree=1 ok_cpu=1 ok_np=1 none_cpu=0 none_np=0
SCENE file=0319576149426-89_88-197&361_505&468-520&461_213&479_210&372_517&354-11_8_29_10_3_29_33-149-60.jpg gt=浙J5LD59 code_cpu=浙J5LD59 code_np=浙J5LD59 agree=1 ok_cpu=1 ok_np=1 none_cpu=0 none_np=0
SCENE file=0319971264367-88_91-138&543_409&653-414&644_148&652_152&546_418&538-12_13_26_0_5_27_27-178-65.jpg gt=京P2AF33 code_cpu=京P2AF33 code_np=京P2AF33 agree=1 ok_cpu=1 ok_np=1 none_cpu=0 none_np=0
SCENE file=0320234674329-90_91-249&334_571&443-572&436_255&450_255&344_572&330-10_0_15_29_25_25_5-91-29.jpg gt=苏AR511F code_cpu=苏AR511F code_np=苏AR511F agree=1 ok_cpu=1 ok_np=1 none_cpu=0 none_np=0
SCENE file=0320581896552-89_90-220&466_564&572-563&568_212&574_211&467_562&461-17_0_27_26_14_0_30-128-169.jpg gt=鄂A32QA6 code_cpu=鄂A32QA6 code_np=鄂A32QA6 agree=1 ok_cpu=1 ok_np=1 none_cpu=0 none_np=0
SCENE file=0320761494253-93_78-181&460_474&574-490&578_191&541_166&450_465&487-11_2_9_18_29_29_24-170-146.jpg gt=浙CKU550 code_cpu=浙CKU550 code_np=浙CKU550 agree=1 ok_cpu=1 ok_np=1 none_cpu=0 none_np=0
SCENE file=0320833333333-90_89-189&343_523&440-530&442_191&439_181&333_520&336-1_0_32_32_32_9_29-141-93.jpg gt=沪A888K5 code_cpu=沪A888K5 code_np=沪A888K5 agree=1 ok_cpu=1 ok_np=1 none_cpu=0 none_np=0
SCENE file=0320881226054-89_84-124&487_480&586-473&589_127&590_114&491_460&490-24_4_22_25_25_26_25-117-63.jpg gt=云EY1121 code_cpu=云EY1121 code_np=云EY1121 agree=1 ok_cpu=1 ok_np=1 none_cpu=0 none_np=0
SCENE file=0321216475096-90_80-139&347_535&444-520&441_173&436_166&347_513&352-29_0_16_4_25_24_30-61-76.jpg gt=宁ASE106 code_cpu=宁ASE106 code_np=宁ASE106 agree=1 ok_cpu=1 ok_np=1 none_cpu=0 none_np=0
SCENE file=0321563697318-98_74-191&344_470&478-469&484_191&424_181&329_459&389-15_0_22_1_30_25_30-59-23.jpg gt=鲁AYB616 code_cpu=鲁AYB616 code_np=鲁AYB616 agree=1 ok_cpu=1 ok_np=1 none_cpu=0 none_np=0
SCENE file=0321599616858-90_86-235&425_580&528-581&526_246&540_248&422_583&408-11_2_21_32_4_29_29-95-25.jpg gt=浙CX8E55 code_cpu=浙CX8E55 code_np=浙CX8E55 agree=1 ok_cpu=1 ok_np=1 none_cpu=0 none_np=0
SCENE file=0321707375479-93_83-194&440_491&564-493&563_200&532_204&441_497&472-11_8_33_25_25_23_32-165-85.jpg gt=浙J911Z8 code_cpu=浙J911Z8 code_np=浙J911Z8 agree=1 ok_cpu=1 ok_np=1 none_cpu=0 none_np=0
SCENE file=03218151341-89_89-234&481_560&580-571&568_246&585_244&478_569&461-1_2_24_10_3_31_32-136-54.jpg gt=沪C0LD78 code_cpu=沪C0LD78 code_np=沪C0LD78 agree=1 ok_cpu=1 ok_np=1 none_cpu=0 none_np=0
SCENE file=0322413793103-90_88-243&507_565&618-575&619_240&614_244&502_579&507-1_0_32_26_32_8_32-111-18.jpg gt=沪A828J8 code_cpu=沪A828J8 code_np=沪A828J8 agree=1 ok_cpu=1 ok_np=1 none_cpu=0 none_np=0
SCENE file=0324030172414-90_88-231&437_546&545-548&555_238&564_250&444_560&435-17_0_28_26_10_23_25-178-111.jpg gt=鄂A42LZ1 code_cpu=鄂A42LZ1 code_np=鄂A42LZ1 agree=1 ok_cpu=1 ok_np=1 none_cpu=0 none_np=0
SCENE file=0324856321839-100_78-164&553_413&689-410&695_157&640_160&550_413&605-22_1_31_6_3_33_32-120-53.jpg gt=川B7GD98 code_cpu=川B7GD98 code_np=川B7GD98 agree=1 ok_cpu=1 ok_np=1 none_cpu=0 none_np=0
SCENE file=0325862068966-97_77-217&376_502&513-491&515_226&471_215&373_480&417-16_7_11_23_30_29_31-71-41.jpg gt=豫HMZ657 code_cpu=豫HMZ657 code_np=豫HMZ657 agree=1 ok_cpu=1 ok_np=1 none_cpu=0 none_np=0
SCENE file=0326352969348-94_79-202&447_502&556-506&567_220&528_197&437_483&476-23_2_6_2_28_25_27-196-30.jpg gt=贵CGC413 code_cpu=贵CGC413 code_np=贵CGC413 agree=1 ok_cpu=1 ok_np=1 none_cpu=0 none_np=0
SCENE file=0326831896552-89_85-156&467_505&554-502&551_170&560_166&473_498&464-14_9_27_27_24_32_24-181-95.jpg gt=赣K33080 code_cpu=赣K33080 code_np=赣K33080 agree=1 ok_cpu=1 ok_np=1 none_cpu=0 none_np=0
SCENE file=0327514367816-89_90-244&483_545&597-561&588_257&600_253&485_557&473-12_12_14_25_31_19_32-168-52.jpg gt=京NQ17V8 code_cpu=京NQ17V8 code_np=京NQ17V8 agree=1 ok_cpu=1 ok_np=1 none_cpu=0 none_np=0
SCENE file=0327514367816-91_85-230&558_545&669-562&675_231&652_222&544_553&567-11_6_15_30_2_33_25-122-36.jpg gt=浙GR6C91 code_cpu=浙GR6C91 code_np=浙GR6C91 agree=1 ok_cpu=1 ok_np=1 none_cpu=0 none_np=0
SCENE file=0327705938697-90_82-131&448_490&579-477&564_147&583_142&471_472&452-17_0_30_16_18_24_31-130-52.jpg gt=鄂A6SU07 code_cpu=鄂A6SU07 code_np=鄂A6SU07 agree=1 ok_cpu=1 ok_np=1 none_cpu=0 none_np=0
SCENE file=0328424329502-107_66-191&288_419&458-415&455_202&379_200&292_413&368-18_3_16_33_24_31_32-102-125.jpg gt=湘DS9078 code_cpu=湘DS9078 code_np=湘DS9078 agree=1 ok_cpu=1 ok_np=1 none_cpu=0 none_np=0
SCENE file=0328675766283-90_90-119&405_443&519-440&533_125&520_131&398_446&411-13_2_26_6_30_24_31-94-122.jpg gt=闽C2G607 code_cpu=闽C2G607 code_np=闽C2G607 agree=1 ok_cpu=1 ok_np=1 none_cpu=0 none_np=0
SCENE file=0329130747126-80_104-342&526_584&655-570&606_347&658_365&563_588&511-14_4_29_32_33_24_25-113-132.jpg gt=赣E58901 code_cpu=赣E58901 code_np=赣E58901 agree=1 ok_cpu=1 ok_np=1 none_cpu=0 none_np=0
SCENE file=0329166666667-89_90-190&473_543&587-530&575_203&583_198&483_525&475-13_0_9_32_30_24_0-58-27.jpg gt=闽AK860A code_cpu=闽AK860A code_np=闽AK860A agree=1 ok_cpu=1 ok_np=1 none_cpu=0 none_np=0
SCENE file=0329861111111-95_79-233&492_541&601-552&606_231&581_229&489_550&514-4_3_13_32_29_33_27-133-104.jpg gt=冀DP8593 code_cpu=冀DP8593 code_np=冀DP8593 agree=1 ok_cpu=1 ok_np=1 none_cpu=0 none_np=0
SCENE file=0329980842912-85_88-288&403_583&517-598&498_298&524_288&422_588&396-16_0_11_29_2_24_29-112-35.jpg gt=豫AM5C05 code_cpu=豫AM5C05 code_np=豫AM5C05 agree=1 ok_cpu=1 ok_np=1 none_cpu=0 none_np=0
SCENE file=0330124521073-82_90-250&350_520&477-518&442_265&479_255&383_508&346-22_0_10_27_29_31_2-173-32.jpg gt=川AL357C code_cpu=川AL357C code_np=川AL357C agree=1 ok_cpu=1 ok_np=1 none_cpu=0 none_np=0
SCENE file=0330340038314-90_82-187&488_553&590-549&613_199&584_178&473_528&502-24_0_23_31_19_25_31-167-35.jpg gt=云AZ7V17 code_cpu=云AZ7V17 code_np=云AZ7V17 agree=1 ok_cpu=1 ok_np=1 none_cpu=0 none_np=0
SCENE file=0330711206897-90_89-149&466_518&575-529&563_156&577_158&461_531&447-13_3_21_27_32_30_0-190-60.jpg gt=闽DX386A code_cpu=闽DX386A code_np=闽DX386A agree=1 ok_cpu=1 ok_np=1 none_cpu=0 none_np=0
SCENE file=0330890804598-90_90-174&568_532&666-527&654_197&669_200&572_530&557-20_1_11_22_33_32_32-97-29.jpg gt=桂BMY988 code_cpu=桂BMY988 code_np=桂BMY988 agree=1 ok_cpu=1 ok_np=1 none_cpu=0 none_np=0
SCENE file=033125-90_86-142&527_497&622-487&629_147&634_148&521_488&516-7_8_23_32_32_30_30-185-52.jpg gt=辽JZ8866 code_cpu=辽JZ8866 code_np=辽JZ8866 agree=1 ok_cpu=1 ok_np=1 none_cpu=0 none_np=0
SCENE file=0331561302682-87_85-76&291_399&400-388&371_103&403_86&320_371&288-11_6_32_33_32_23_11-78-77.jpg gt=浙G898ZM code_cpu=浙G898ZM code_np=浙G898ZM agree=1 ok_cpu=1 ok_np=1 none_cpu=0 none_np=0
SCENE file=0336111111111-89_87-157&463_494&573-516&560_182&571_168&466_502&455-11_0_26_14_11_33_32-171-43.jpg gt=浙A2QM98 code_cpu=浙A2QM98 code_np=浙A2QM98 agree=1 ok_cpu=1 ok_np=1 none_cpu=0 none_np=0
SCENE file=0337021072797-102_76-261&588_501&738-498&743_268&670_265&586_495&659-7_0_25_28_31_14_30-139-54.jpg gt=辽A147Q6 code_cpu=辽A147Q6 code_np=辽A147Q6 agree=1 ok_cpu=1 ok_np=1 none_cpu=0 none_np=0
SCENE file=0337068965517-88_91-252&450_545&565-543&548_255&568_253&464_541&444-22_0_17_31_31_24_23-143-35.jpg gt=川AT770Z code_cpu=川AT770Z code_np=川AT770Z agree=1 ok_cpu=1 ok_np=1 none_cpu=0 none_np=0
SCENE file=0337883141762-91_85-191&486_534&595-539&600_196&579_195&477_538&498-10_0_29_20_30_9_29-164-116.jpg gt=苏A5W6K5 code_cpu=苏A5W6K5 code_np=苏A5W6K5 agree=1 ok_cpu=1 ok_np=1 none_cpu=0 none_np=0
SCENE file=0340229885057-83_100-359&282_623&427-620&371_362&421_370&334_628&284-1_2_31_23_20_29_26-65-36.jpg gt=沪C7ZW52 code_cpu=沪C7ZW52 code_np=沪C7ZW52 agree=1 ok_cpu=1 ok_np=1 none_cpu=0 none_np=0
SCENE file=0342672413793-83_93-332&528_600&646-609&618_347&656_335&562_597&524-16_10_30_2_32_29_24-80-130.jpg gt=豫L6C850 code_cpu=豫L6C850 code_np=豫L6C850 agree=1 ok_cpu=1 ok_np=1 none_cpu=0 none_np=0
SCENE file=0342887931034-90_95-185&493_537&597-540&596_197&593_205&489_548&492-16_13_19_33_32_30_33-39-25.jpg gt=豫PV9869 code_cpu=豫PV9869 code_np=豫PV9869 agree=1 ok_cpu=1 ok_np=1 none_cpu=0 none_np=0
SCENE file=0343486590038-91_84-206&500_553&613-541&622_209&606_206&498_538&514-19_1_28_30_1_30_26-184-130.jpg gt=粤B46B62 code_cpu=粤B46B62 code_np=粤B46B62 agree=1 ok_cpu=1 ok_np=1 none_cpu=0 none_np=0
SCENE file=0344444444445-97_86-366&305_630&438-629&439_360&398_368&292_637&333-10_4_24_31_30_33_4-178-48.jpg gt=苏E0769E code_cpu=苏E0769E code_np=苏E0769E agree=1 ok_cpu=1 ok_np=1 none_cpu=0 none_np=0
SCENE file=0345174808429-82_98-356&506_608&636-614&597_371&638_373&538_616&497-4_17_25_31_2_24_24-158-139.jpg gt=冀T17C00 code_cpu=冀T17C00 code_np=冀T17C00 agree=1 ok_cpu=1 ok_np=1 none_cpu=0 none_np=0
SCENE file=0346300287357-90_91-196&448_540&563-527&562_208&560_210&447_529&449-18_0_22_14_24_26_25-40-10.jpg gt=湘AYQ021 code_cpu=湘AYQ021 code_np=湘AYQ021 agree=1 ok_cpu=1 ok_np=1 none_cpu=0 none_np=0
SCENE file=0347066570881-92_84-178&476_505&610-519&622_186&601_193&477_526&498-17_12_30_7_27_27_33-87-66.jpg gt=鄂N6H339 code_cpu=鄂N6H339 code_np=鄂N6H339 agree=1 ok_cpu=1 ok_np=1 none_cpu=0 none_np=0
SCENE file=0347701149426-89_88-219&511_566&602-565&609_218&613_221&512_568&508-17_0_33_32_17_32_31-131-102.jpg gt=鄂A98T87 code_cpu=鄂A98T87 code_np=鄂A98T87 agree=1 ok_cpu=1 ok_np=1 none_cpu=0 none_np=0
SCENE file=034845545977-89_84-104&445_459&547-458&567_122&565_128&448_464&450-4_4_28_33_33_0_27-118-160.jpg gt=冀E499A3 code_cpu=冀E499A3 code_np=冀E499A3 agree=1 ok_cpu=1 ok_np=1 none_cpu=0 none_np=0
SCENE file=0348898467433-90_90-225&444_563&549-560&552_238&553_241&443_563&442-26_0_24_19_2_24_26-158-110.jpg gt=陕A0VC02 code_cpu=陕A0VC02 code_np=陕A0VC02 agree=1 ok_cpu=1 ok_np=1 none_cpu=0 none_np=0
SCENE file=0351724137931-97_76-173&527_468&649-463&649_182&611_173&521_454&559-26_0_25_27_33_25_22-129-148.jpg gt=陕A1391Y code_cpu=陕A1391Y code_np=陕A1391Y agree=1 ok_cpu=1 ok_np=1 none_cpu=0 none_np=0
SCENE file=0352011494253-90_87-303&488_668&603-668&605_300&605_295&490_663&490-14_5_15_30_29_30_33-68-58.jpg gt=赣FR6569 code_cpu=赣FR6569 code_np=赣FR6569 agree=1 ok_cpu=1 ok_np=1 none_cpu=0 none_np=0
SCENE file=0352274904214-89_92-199&481_542&597-553&599_198&592_202&476_557&483-19_1_31_13_32_25_13-43-29.jpg gt=粤B7P81P code_cpu=粤B7P81P code_np=粤B7P81P agree=1 ok_cpu=1 ok_np=1 none_cpu=0 none_np=0
SCENE file=0353400383142-94_82-199&491_541&605-555&605_203&578_195&479_547&506-22_16_18_24_30_27_32-130-77.jpg gt=川SU0638 code_cpu=川SU0638 code_np=川SU0638 agree=1 ok_cpu=1 ok_np=1 none_cpu=0 none_np=0
SCENE file=0353591954023-90_88-171&417_517&528-528&528_159&536_172&421_541&413-1_9_30_31_33_25_24-149-41.jpg gt=沪K67910 code_cpu=沪K67910 code_np=沪K67910 agree=1 ok_cpu=1 ok_np=1 none_cpu=0 none_np=0
SCENE file=035470545977-103_68-296&503_545&653-537&655_299&586_307&496_545&565-4_0_6_29_33_25_1-161-102.jpg gt=冀AG591B code_cpu=冀AG591B code_np=冀AG591B agree=1 ok_cpu=1 ok_np=1 none_cpu=0 none_np=0
SCENE file=0355603448276-88_92-270&400_583&532-590&521_275&537_282&415_597&399-1_1_26_11_27_33_24-183-39.jpg gt=沪B2M390 code_cpu=沪B2M390 code_np=沪B2M390 agree=1 ok_cpu=1 ok_np=1 none_cpu=0 none_np=0
SCENE file=0355603448276-98_76-168&425_452&547-457&554_180&510_167&421_444&465-0_0_4_23_33_28_30-114-25.jpg gt=皖AEZ946 code_cpu=皖AEZ946 code_np=皖AEZ946 agree=1 ok_cpu=1 ok_np=1 none_cpu=0 none_np=0
SCENE file=0358548850574-92_89-271&393_628&504-636&514_284&491_282&388_634&411-17_0_33_33_33_1_33-137-105.jpg gt=鄂A999B9 code_cpu=鄂A999B9 code_np=鄂A999B9 agree=1 ok_cpu=1 ok_np=1 none_cpu=0 none_np=0
SCENE file=0358836206897-90_87-185&547_562&660-561&656_183&658_182&543_560&541-19_16_27_12_23_30_25-121-74.jpg gt=粤S3NZ61 code_cpu=粤S3NZ61 code_np=粤S3NZ61 agree=1 ok_cpu=1 ok_np=1 none_cpu=0 none_np=0
SCENE file=035938697318-99_62-220&448_503&588-504&601_237&532_210&440_477&509-2_3_8_0_24_33_24-111-107.jpg gt=津DJA090 code_cpu=津DJA090 code_np=津DJA090 agree=1 ok_cpu=1 ok_np=1 none_cpu=0 none_np=0
SCENE file=0359865900383-88_92-226&488_538&598-550&585_234&600_230&493_546&478-15_1_24_25_33_11_20-174-42.jpg gt=鲁B019MW code_cpu=鲁B019MW code_np=鲁B019MW agree=1 ok_cpu=1 ok_np=1 none_cpu=0 none_np=0
SCENE file=0360272988505-92_86-246&299_566&425-581&427_244&399_238&296_575&324-0_0_24_32_29_13_25-129-40.jpg gt=皖A085P1 code_cpu=皖A085P1 code_np=皖A085P1 agree=1 ok_cpu=1 ok_np=1 none_cpu=0 none_np=0
SCENE file=0360368773946-96_57-170&451_483&571-518&592_196&536_145&436_467&492-0_0_9_13_30_25_30-81-75.jpg gt=皖AKP616 code_cpu=皖AKP616 code_np=皖AKP616 agree=1 ok_cpu=1 ok_np=1 none_cpu=0 none_np=0
SCENE file=0362356321839-96_76-70&394_387&495-389&521_92&476_72&379_369&424-16_14_2_19_24_29_26-126-144.jpg gt=豫QCV052 code_cpu=豫QCV052 code_np=豫QCV052 agree=1 ok_cpu=1 ok_np=1 none_cpu=0 none_np=0
SCENE file=0363218390805-90_90-132&406_492&512-505&516_140&527_137&406_502&395-17_5_15_31_17_30_31-28-25.jpg gt=鄂FR7T67 code_cpu=鄂FR7T67 code_np=鄂FR7T67 agree=1 ok_cpu=1 ok_np=1 none_cpu=0 none_np=0
SCENE file=0365229885057-103_75-230&428_508&576-497&582_228&515_231&418_500&485-4_0_4_15_33_27_29-124-104.jpg gt=冀AER935 code_cpu=冀AER935 code_np=冀AER935 agree=1 ok_cpu=1 ok_np=1 none_cpu=0 none_np=0
SCENE file=0366594827586-82_97-235&512_489&647-493&600_244&641_253&544_502&503-9_0_29_29_25_18_9-149-56.jpg gt=黑A551UK code_cpu=黑A551UK code_np=黑A551UK agree=1 ok_cpu=1 ok_np=1 none_cpu=0 none_np=0
SCENE file=0366786398467-94_75-161&458_486&583-496&599_179&545_154&434_471&488-0_0_9_22_24_27_29-54-26.jpg gt=皖AKY035 code_cpu=皖AKY035 code_np=皖AKY035 agree=1 ok_cpu=1 ok_np=1 none_cpu=0 none_np=0
SCENE file=036709770115-86_91-202&417_536&543-527&505_235&533_232&428_524&400-13_0_13_6_33_32_29-45-23.jpg gt=闽APG985 code_cpu=闽APG985 code_np=闽APG985 agree=1 ok_cpu=1 ok_np=1 none_cpu=0 none_np=0
SCENE file=036724137931-88_95-193&420_511&548-519&533_193&563_206&442_532&412-19_1_18_26_8_30_27-155-31.jpg gt=粤BU2J63 code_cpu=粤BU2J63 code_np=粤BU2J63 agree=1 ok_cpu=1 ok_np=1 none_cpu=0 none_np=0
SCENE file=0367816091954-100_81-261&448_528&595-520&598_254&538_262&432_528&492-16_16_23_13_29_31_31-133-49.jpg gt=豫SZP577 code_cpu=豫SZP577 code_np=豫SZP577 agree=1 ok_cpu=1 ok_np=1 none_cpu=0 none_np=0
SCENE file=0367911877395-91_85-172&457_530&578-532&589_171&577_176&455_537&467-15_7_15_6_29_33_29-167-93.jpg gt=鲁HRG595 code_cpu=鲁HRG595 code_np=鲁HRG595 agree=1 ok_cpu=1 ok_np=1 none_cpu=0 none_np=0
SCENE file=0368163314176-89_92-185&435_518&566-524&549_185&566_197&443_536&426-6_0_13_4_32_30_31-121-77.jpg gt=蒙APE867 code_cpu=蒙APE867 code_np=蒙APE867 agree=1 ok_cpu=1 ok_np=1 none_cpu=0 none_np=0
SCENE file=0368175287357-105_62-183&462_446&603-451&613_197&535_176&446_430&524-16_0_2_33_27_32_17-90-45.jpg gt=豫AC938T code_cpu=豫AC938T code_np=豫AC938T agree=1 ok_cpu=1 ok_np=1 none_cpu=0 none_np=0
SCENE file=0368965517241-97_76-201&444_523&569-526&579_227&529_211&441_510&491-10_0_31_16_23_33_30-55-37.jpg gt=苏A7SZ96 code_cpu=苏A7SZ96 code_np=苏A7SZ96 agree=1 ok_cpu=1 ok_np=1 none_cpu=0 none_np=0
SCENE file=0369348659004-82_100-257&469_515&602-512&559_277&594_279&500_514&465-7_0_26_18_16_30_26-140-120.jpg gt=辽A2US62 code_cpu=辽A2US62 code_np=辽A2US62 agree=1 ok_cpu=1 ok_np=1 none_cpu=0 none_np=0
SCENE file=0369671934866-90_89-232&421_572&539-588&538_240&542_242&418_590&414-4_15_27_29_8_27_29-133-46.jpg gt=冀R35J35 code_cpu=冀R35J35 code_np=冀R35J35 agree=1 ok_cpu=1 ok_np=1 none_cpu=0 none_np=0
SCENE file=0369767720307-91_101-231&480_595&588-572&583_244&569_278&476_606&490-13_0_30_29_33_3_24-55-33.jpg gt=闽A659D0 code_cpu=闽A659D0 code_np=闽A659D0 agree=1 ok_cpu=1 ok_np=1 none_cpu=0 none_np=0
SCENE file=0370869252874-95_77-184&430_493&552-501&559_191&524_167&419_477&454-4_0_25_26_5_27_30-97-29.jpg gt=冀A12F36 code_cpu=冀A12F36 code_np=冀A12F36 agree=1 ok_cpu=1 ok_np=1 none_cpu=0 none_np=0
SCENE file=0371120689655-89_89-137&484_567&595-568&578_163&588_149&490_554&480-26_0_22_33_26_27_10-86-86.jpg gt=陕AY923L code_cpu=陕AY923L code_np=陕AY923L agree=1 ok_cpu=1 ok_np=1 none_cpu=0 none_np=0
SCENE file=0371408045977-87_85-142&508_497&621-517&619_157&627_137&517_497&509-15_1_31_32_25_13_1-149-123.jpg gt=鲁B781PB code_cpu=鲁B781PB code_np=鲁B781PB agree=1 ok_cpu=1 ok_np=1 none_cpu=0 none_np=0
SCENE file=0373132183908-89_92-180&517_540&643-530&615_190&635_201&535_541&515-0_0_16_31_7_25_29-26-66.jpg gt=皖AS7H15 code_cpu=皖AS7H15 code_np=皖AS7H15 agree=1 ok_cpu=1 ok_np=1 none_cpu=0 none_np=0
SCENE file=0373563218391-89_88-236&427_564&549-576&534_233&562_230&448_573&420-2_6_7_12_24_31_30-158-34.jpg gt=津GHN076 code_cpu=津GHN076 code_np=津GHN076 agree=1 ok_cpu=1 ok_np=1 none_cpu=0 none_np=0
SCENE file=0376149425288-84_95-230&512_519&644-519&602_237&642_239&541_521&501-26_0_24_26_7_4_30-139-50.jpg gt=陕A02HE6 code_cpu=陕A02HE6 code_np=陕A02HE6 agree=1 ok_cpu=1 ok_np=1 none_cpu=0 none_np=0
SCENE file=0377155172414-91_81-172&322_544&425-547&433_192&418_191&314_546&329-23_1_0_16_27_26_29-141-132.jpg gt=贵BAS325 code_cpu=贵BAS325 code_np=贵BAS325 agree=1 ok_cpu=1 ok_np=1 none_cpu=0 none_np=0
SCENE file=0377298850574-90_92-175&430_505&568-501&553_193&561_198&441_506&433-3_3_14_31_26_26_26-74-22.jpg gt=渝DQ7222 code_cpu=渝DQ7222 code_np=渝DQ7222 agree=1 ok_cpu=1 ok_np=1 none_cpu=0 none_np=0
SCENE file=0377370689655-94_89-215&424_527&546-531&544_214&515_213&419_530&448-14_5_12_28_30_30_32-129-164.jpg gt=赣FN4668 code_cpu=赣FN4668 code_np=赣FN4668 agree=1 ok_cpu=1 ok_np=1 none_cpu=0 none_np=0
SCENE file=0378125-90_90-264&381_628&508-628&520_256&501_260&373_632&392-1_2_26_20_3_28_33-62-29.jpg gt=沪C2WD49 code_cpu=沪C2WD49 code_np=沪C2WD49 agree=1 ok_cpu=1 ok_np=1 none_cpu=0 none_np=0
SCENE file=0378591954023-90_80-258&493_604&606-606&618_275&593_243&474_574&499-11_0_19_10_32_24_24-170-47.jpg gt=浙AVL800 code_cpu=浙AVL800 code_np=浙AVL800 agree=1 ok_cpu=1 ok_np=1 none_cpu=0 none_np=0
SCENE file=0379310344828-99_76-201&398_508&524-521&526_218&479_205&389_508&436-13_2_29_32_32_23_30-137-66.jpg gt=闽C588Z6 code_cpu=闽C588Z6 code_np=闽C588Z6 agree=1 ok_cpu=1 ok_np=1 none_cpu=0 none_np=0
SCENE file=0380028735633-97_83-203&612_498&750-500&752_209&701_199&605_490&656-7_0_25_28_31_14_30-139-79.jpg gt=辽A147Q6 code_cpu=辽A147Q6 code_np=辽A147Q6 agree=1 ok_cpu=1 ok_np=1 none_cpu=0 none_np=0
SCENE file=0380495689655-89_91-192&453_522&560-524&560_197&563_192&447_519&444-29_0_29_29_5_27_27-89-29.jpg gt=宁A55F33 code_cpu=宁A55F33 code_np=宁A55F33 agree=1 ok_cpu=1 ok_np=1 none_cpu=0 none_np=0
SCENE file=0381609195402-90_86-113&444_484&551-498&560_130&546_127&435_495&449-11_0_17_24_18_33_32-158-53.jpg gt=浙AT0U98 code_cpu=浙AT0U98 code_np=浙AT0U98 agree=1 ok_cpu=1 ok_np=1 none_cpu=0 none_np=0
SCENE file=0382471264367-84_96-206&502_490&627-493&592_216&622_218&516_495&486-13_7_0_3_33_27_33-156-102.jpg gt=闽HAD939 code_cpu=闽HAD939 code_np=闽HAD939 agree=1 ok_cpu=1 ok_np=1 none_cpu=0 none_np=0
SCENE file=0384698275862-92_84-170&475_496&590-494&601_166&577_172&459_500&483-26_0_7_29_6_30_32-134-136.jpg gt=陕AH5G68 code_cpu=陕AH5G68 code_np=陕AH5G68 agree=1 ok_cpu=1 ok_np=1 none_cpu=0 none_np=0
SCENE file=0385272988505-94_66-193&483_556&598-568&607_219&567_173&468_522&508-11_1_6_22_25_33_25-83-200.jpg gt=浙BGY191 code_cpu=浙BGY191 code_np=浙BGY191 agree=1 ok_cpu=1 ok_np=1 none_cpu=0 none_np=0
SCENE file=0385476532567-103_70-212&359_469&509-471&513_224&448_206&349_453&414-14_6_24_9_30_32_24-119-137.jpg gt=赣G0K680 code_cpu=赣G0K680 code_np=赣G0K680 agree=1 ok_cpu=1 ok_np=1 none_cpu=0 none_np=0
SCENE file=0385775862069-90_84-223&356_614&461-626&470_240&473_247&352_633&349-19_1_8_28_32_27_27-72-107.jpg gt=粤BJ4833 code_cpu=粤BJ4833 code_np=粤BJ4833 agree=1 ok_cpu=1 ok_np=1 none_cpu=0 none_np=0
SCENE file=0386733716476-86_98-236&465_569&565-558&545_234&584_268&490_592&451-11_0_6_28_29_30_3-136-163.jpg gt=浙AG456D code_cpu=浙AG456D code_np=浙AG456D agree=1 ok_cpu=1 ok_np=1 none_cpu=0 none_np=0
SCENE file=0387739463602-89_89-159&461_547&565-543&566_154&581_169&459_558&444-1_2_4_17_28_25_30-140-33.jpg gt=沪CET416 code_cpu=沪CET416 code_np=沪CET416 agree=1 ok_cpu=1 ok_np=1 none_cpu=0 none_np=0
SCENE file=0390062260536-91_94-195&475_588&588-572&585_196&588_218&479_594&476-4_0_3_4_24_33_24-143-57.jpg gt=冀ADE090 code_cpu=冀ADE090 code_np=冀ADE090 agree=1 ok_cpu=1 ok_np=1 none_cpu=0 none_np=0
SCENE file=0390325670498-89_91-254&513_587&625-590&619_264&633_271&516_597&502-26_4_23_23_31_30_31-79-113.jpg gt=陕EZZ767 code_cpu=陕EZZ767 code_np=陕EZZ767 agree=1 ok_cpu=1 ok_np=1 none_cpu=0 none_np=0
SCENE file=0390840517241-93_81-186&468_484&590-494&600_200&566_178&462_472&496-22_0_30_31_23_31_7-114-46.jpg gt=川A67Z7H code_cpu=川A67Z7H code_np=川A67Z7H agree=1 ok_cpu=1 ok_np=1 none_cpu=0 none_np=0
SCENE file=0392420977012-90_89-212&496_582&615-583&616_219&619_219&497_583&494-10_0_28_33_29_25_20-158-158.jpg gt=苏A4951W code_cpu=苏A4951W code_np=苏A4951W agree=1 ok_cpu=1 ok_np=1 none_cpu=0 none_np=0
SCENE file=0393247126436-95_81-182&526_518&665-518&674_185&622_177&523_510&575-16_11_6_6_29_26_32-144-42.jpg gt=豫MGG528 code_cpu=豫MGG528 code_np=豫MGG528 agree=1 ok_cpu=1 ok_np=1 none_cpu=0 none_np=0
SCENE file=0393486590038-96_89-169&401_511&531-505&547_162&498_173&396_516&445-11_6_26_0_26_24_26-102-95.jpg gt=浙G2A202 code_cpu=浙G2A202 code_np=浙G2A202 agree=1 ok_cpu=1 ok_np=1 none_cpu=0 none_np=0
SCENE file=0394252873564-89_81-138&461_509&591-523&590_161&573_111&452_473&469-4_15_20_15_27_29_25-77-61.jpg gt=冀RWR351 code_cpu=冀RWR351 code_np=冀RWR351 agree=1 ok_cpu=1 ok_np=1 none_cpu=0 none_np=0
SCENE file=0394719827586-86_88-219&535_540&661-555&639_223&669_222&557_554&527-10_2_33_12_24_33_25-83-122.jpg gt=苏C9N091 code_cpu=苏C9N091 code_np=苏C9N091 agree=1 ok_cpu=1 ok_np=1 none_cpu=0 none_np=0
SCENE file=0398395593869-104_79-311&409_597&573-595&576_319&494_323&398_599&480-10_0_24_16_13_30_27-130-82.jpg gt=苏A0SP63 code_cpu=苏A0SP63 code_np=苏A0SP63 agree=1 ok_cpu=1 ok_np=1 none_cpu=0 none_np=0
SCENE file=0399784482759-101_84-294&535_597&680-589&690_295&631_299&530_593&589-10_4_30_4_31_14_29-70-55.jpg gt=苏E6E7Q5 code_cpu=苏E6E7Q5 code_np=苏E6E7Q5 agree=1 ok_cpu=1 ok_np=1 none_cpu=0 none_np=0
SCENE file=039991618774-97_80-183&398_460&548-466&546_179&489_169&380_456&437-10_0_23_27_19_27_32-119-67.jpg gt=苏AZ3V38 code_cpu=苏AZ3V38 code_np=苏AZ3V38 agree=1 ok_cpu=1 ok_np=1 none_cpu=0 none_np=0
SCENE file=0400957854407-90_87-219&509_607&627-613&633_240&630_241&506_614&509-12_22_23_30_29_31_32-99-145.jpg gt=京YZ6578 code_cpu=京YZ6578 code_np=京YZ6578 agree=1 ok_cpu=1 ok_np=1 none_cpu=0 none_np=0
SCENE file=0400957854407-97_77-162&603_472&745-484&750_171&702_160&605_473&653-4_0_7_13_28_26_26-62-74.jpg gt=冀AHP422 code_cpu=冀AHP422 code_np=冀AHP422 agree=1 ok_cpu=1 ok_np=1 none_cpu=0 none_np=0
SCENE file=0401963601533-86_93-86&546_431&675-434&636_91&681_93&586_436&541-4_15_22_23_32_31_26-147-69.jpg gt=冀RYZ872 code_cpu=冀RYZ872 code_np=冀RYZ872 agree=1 ok_cpu=1 ok_np=1 none_cpu=0 none_np=0
SCENE file=0402047413793-85_95-249&347_541&478-552&452_255&486_259&378_556&344-5_4_3_16_27_30_33-100-140.jpg gt=晋EDS369 code_cpu=晋EDS369 code_np=晋EDS369 agree=1 ok_cpu=1 ok_np=1 none_cpu=0 none_np=0
SCENE file=0402047413793-89_86-179&492_571&617-593&604_197&620_189&511_585&495-26_0_24_26_7_4_30-92-266.jpg gt=陕A02HE6 code_cpu=陕A02HE6 code_np=陕A02HE6 agree=1 ok_cpu=1 ok_np=1 none_cpu=0 none_np=0
SCENE file=0402298850574-89_87-183&477_563&580-569&578_187&591_187&475_569&462-11_0_14_19_33_24_24-135-188.jpg gt=浙AQV900 code_cpu=浙AQV900 code_np=浙AQV900 agree=1 ok_cpu=1 ok_np=1 none_cpu=0 none_np=0
SCENE file=0404813218391-90_88-201&494_551&601-554&604_206&601_206&492_554&495-22_20_29_24_24_24_32-79-80.jpg gt=川W50008 code_cpu=川W50008 code_np=川W50008 agree=1 ok_cpu=1 ok_np=1 none_cpu=0 none_np=0
SCENE file=0408333333333-90_88-58&443_433&553-422&572_62&553_71&439_431&458-22_1_30_7_6_30_27-92-51.jpg gt=川B6HG63 code_cpu=川B6HG63 code_np=川B6HG63 agree=1 ok_cpu=1 ok_np=1 none_cpu=0 none_np=0
SCENE file=0408836206897-84_94-231&384_522&531-538&479_244&543_230&427_524&363-0_0_32_32_1_28_32-169-42.jpg gt=皖A88B48 code_cpu=皖A88B48 code_np=皖A88B48 agree=1 ok_cpu=1 ok_np=1 none_cpu=0 none_np=0
SCENE file=0411182950191-106_68-289&436_530&608-515&617_280&531_284&425_519&511-10_0_10_27_32_9_32-154-42.jpg gt=苏AL38K8 code_cpu=苏AL38K8 code_np=苏AL38K8 agree=1 ok_cpu=1 ok_np=1 none_cpu=0 none_np=0
SCENE file=0411206896552-86_92-299&316_627&449-648&429_295&471_306&344_659&302-2_3_1_22_25_31_32-94-60.jpg gt=津DBY178 code_cpu=津DBY178 code_np=津DBY178 agree=1 ok_cpu=1 ok_np=1 none_cpu=0 none_np=0
SCENE file=0412164750958-92_85-188&506_542&623-538&621_202&608_208&514_544&527-15_0_20_25_13_27_25-79-123.jpg gt=鲁AW1P31 code_cpu=鲁AW1P31 code_np=鲁AW1P31 agree=1 ok_cpu=1 ok_np=1 none_cpu=0 none_np=0
SCENE file=0412787356322-90_89-187&519_538&633-540&638_191&634_203&512_552&516-4_0_9_33_6_30_30-112-62.jpg gt=冀AK9G66 code_cpu=冀AK9G66 code_np=冀AK9G66 agree=1 ok_cpu=1 ok_np=1 none_cpu=0 none_np=0
SCENE file=0414571360153-81_102-161&440_456&575-447&525_173&574_184&474_458&425-21_0_27_1_29_31_25-117-72.jpg gt=琼A3B571 code_cpu=琼A3B571 code_np=琼A3B571 agree=1 ok_cpu=1 ok_np=1 none_cpu=0 none_np=0
SCENE file=0415409482759-76_108-324&499_600&640-592&577_328&643_333&545_597&479-11_0_2_10_33_32_24-54-21.jpg gt=浙ACL980 code_cpu=浙ACL980 code_np=浙ACL980 agree=1 ok_cpu=1 ok_np=1 none_cpu=0 none_np=0
SCENE file=0416187739464-85_92-208&485_544&611-551&571_226&606_225&495_550&460-4_0_12_29_15_26_33-125-83.jpg gt=冀AN5R29 code_cpu=冀AN5R29 code_np=冀AN5R29 agree=1 ok_cpu=1 ok_np=1 none_cpu=0 none_np=0
SCENE file=0416654693486-90_83-134&445_589&565-590&555_157&552_129&430_562&433-26_0_10_27_24_12_29-92-42.jpg gt=陕AL30N5 code_cpu=陕AL30N5 code_np=陕AL30N5 agree=1 ok_cpu=1 ok_np=1 none_cpu=0 none_np=0
SCENE file=0416834291188-89_87-150&419_505&532-492&536_149&536_151&423_494&423-18_0_33_23_28_27_24-138-227.jpg gt=湘A9Z430 code_cpu=湘A9Z430 code_np=湘A9Z430 agree=1 ok_cpu=1 ok_np=1 none_cpu=0 none_np=0
SCENE file=0418103448276-98_73-291&464_595&607-592&610_307&558_297&460_582&512-5_0_23_27_31_32_11-126-155.jpg gt=晋AZ378M code_cpu=晋AZ378M code_np=晋AZ378M agree=1 ok_cpu=1 ok_np=1 none_cpu=0 none_np=0
SCENE file=0418390804598-89_87-138&452_560&554-563&556_152&567_143&464_554&453-26_0_10_27_24_12_29-98-55.jpg gt=陕AL30N5 code_cpu=陕AL30N5 code_np=陕AL30N5 agree=1 ok_cpu=1 ok_np=1 none_cpu=0 none_np=0
SCENE file=0419300766283-93_77-206&383_545&505-566&507_224&484_195&373_537&396-14_0_12_25_33_30_31-102-72.jpg gt=赣AN1967 code_cpu=赣AN1967 code_np=赣AN1967 agree=1 ok_cpu=1 ok_np=1 none_cpu=0 none_np=0
SCENE file=0420138888889-95_88-256&557_587&680-595&697_248&667_256&557_603&587-13_0_13_4_25_33_24-141-86.jpg gt=闽APE190 code_cpu=闽APE190 code_np=闽APE190 agree=1 ok_cpu=1 ok_np=1 none_cpu=0 none_np=0
SCENE file=0421587643678-91_87-211&462_601&570-600&581_222&566_223&454_601&469-14_0_31_26_9_32_29-147-101.jpg gt=赣A72K85 code_cpu=赣A72K85 code_np=赣A72K85 agree=1 ok_cpu=1 ok_np=1 none_cpu=0 none_np=0
SCENE file=0423036398467-74_108-225&318_504&475-500&396_252&489_258&395_506&302-13_2_33_29_8_29_25-134-77.jpg gt=闽C95J51 code_cpu=闽C95J51 code_np=闽C95J51 agree=1 ok_cpu=1 ok_np=1 none_cpu=0 none_np=0
SCENE file=0423587164751-101_72-309&427_581&601-584&604_310&529_297&426_571&501-4_0_26_24_29_12_27-134-50.jpg gt=冀A205N3 code_cpu=冀A205N3 code_np=冀A205N3 agree=1 ok_cpu=1 ok_np=1 none_cpu=0 none_np=0
SCENE file=0423611111111-99_70-225&486_531&629-542&633_246&576_215&479_511&536-17_0_30_31_0_30_5-116-101.jpg gt=鄂A67A6F code_cpu=鄂A67A6F code_np=鄂A67A6F agree=1 ok_cpu=1 ok_np=1 none_cpu=0 none_np=0
SCENE file=0424090038314-93_84-161&491_508&612-506&617_168&583_168&487_506&521-1_2_27_9_25_18_30-96-75.jpg gt=沪C3K1U6 code_cpu=沪C3K1U6 code_np=沪C3K1U6 agree=1 ok_cpu=1 ok_np=1 none_cpu=0 none_np=0
SCENE file=0427442528736-108_55-159&592_413&767-409&772_175&672_147&565_381&665-7_0_4_33_25_16_31-34-62.jpg gt=辽AE91S7 code_cpu=辽AE91S7 code_np=辽AE91S7 agree=1 ok_cpu=1 ok_np=1 none_cpu=0 none_np=0
SCENE file=0429166666667-84_98-182&563_514&679-497&643_192&677_209&583_514&549-7_1_11_7_31_30_25-98-154.jpg gt=辽BMH761 code_cpu=辽BMH761 code_np=辽BMH761 agree=1 ok_cpu=1 ok_np=1 none_cpu=0 none_np=0
SCENE file=0431728927203-100_77-193&472_523&608-531&613_202&565_201&468_530&516-19_6_25_33_8_27_26-66-27.jpg gt=粤G19J32 code_cpu=粤G19J32 code_np=粤G19J32 agree=1 ok_cpu=1 ok_np=1 none_cpu=0 none_np=0
SCENE file=0433189655172-90_89-195&458_569&588-569&596_193&590_199&460_575&466-17_1_30_22_29_25_24-177-49.jpg gt=鄂B6Y510 code_cpu=鄂B6Y510 code_np=鄂B6Y510 agree=1 ok_cpu=1 ok_np=1 none_cpu=0 none_np=0
SCENE file=0437703544062-79_115-215&463_488&613-473&551_209&614_248&514_512&451-22_0_3_31_13_25_25-68-103.jpg gt=川AD7P11 code_cpu=川AD7P11 code_np=川AD7P11 agree=1 ok_cpu=1 ok_np=1 none_cpu=0 none_np=0
SCENE file=0439715038314-90_93-181&466_537&615-535&601_172&629_212&481_575&453-0_0_3_32_32_32_4-155-82.jpg gt=皖AD888E code_cpu=皖AD88E code_np=皖AD88E agree=1 ok_cpu=0 ok_np=0 none_cpu=0 none_np=0
SCENE file=0440972222222-98_68-252&457_561&595-554&608_268&549_249&447_535&506-13_0_32_30_31_25_20-120-189.jpg gt=闽A8671W code_cpu=闽A8671W code_np=闽A8671W agree=1 ok_cpu=1 ok_np=1 none_cpu=0 none_np=0
SCENE file=0442528735633-89_88-139&469_525&592-532&584_153&607_156&480_535&457-13_6_11_25_32_30_26-91-224.jpg gt=闽GM1862 code_cpu=闽GM1862 code_np=闽GM1862 agree=1 ok_cpu=1 ok_np=1 none_cpu=0 none_np=0
SCENE file=0442672413793-87_86-251&298_588&429-602&396_258&438_250&322_594&280-19_1_3_29_33_10_27-172-66.jpg gt=粤BD59L3 code_cpu=粤BD59L3 code_np=粤BD59L3 agree=1 ok_cpu=1 ok_np=1 none_cpu=0 none_np=0
SCENE file=0446551724138-90_88-201&460_552&587-556&571_193&588_197&468_560&451-1_2_24_2_17_29_31-163-113.jpg gt=沪C0CT57 code_cpu=沪C0CT57 code_np=沪C0CT57 agree=1 ok_cpu=1 ok_np=1 none_cpu=0 none_np=0
SCENE file=044838362069-114_54-245&444_485&631-483&638_255&535_239&432_467&535-17_8_3_24_30_32_32-35-46.jpg gt=鄂JD0688 code_cpu=鄂JD0688 code_np=鄂JD0688 agree=1 ok_cpu=1 ok_np=1 none_cpu=0 none_np=0
SCENE file=0449066091954-87_90-191&463_546&589-546&577_209&604_208&479_545&452-10_0_31_29_24_18_30-193-79.jpg gt=苏A750U6 code_cpu=苏A750U6 code_np=苏A750U6 agree=1 ok_cpu=1 ok_np=1 none_cpu=0 none_np=0
SCENE file=0449425287357-90_81-149&439_584&563-598&577_169&563_139&442_568&456-1_2_33_9_32_28_26-149-176.jpg gt=沪C9K842 code_cpu=沪C9K842 code_np=沪C9K842 agree=1 ok_cpu=1 ok_np=1 none_cpu=0 none_np=0
SCENE file=0452011494253-94_83-182&590_552&709-555&716_188&693_189&590_556&613-14_6_29_31_25_5_32-88-177.jpg gt=赣G571F8 code_cpu=赣G571F8 code_np=赣G571F8 agree=1 ok_cpu=1 ok_np=1 none_cpu=0 none_np=0
SCENE file=0452586206897-85_90-145&355_476&479-473&443_164&485_156&393_465&351-12_12_31_32_21_19_32-117-78.jpg gt=京N78XV8 code_cpu=京N78XV8 code_np=京N78XV8 agree=1 ok_cpu=1 ok_np=1 none_cpu=0 none_np=0
SCENE file=045308908046-96_73-105&453_447&607-472&607_117&557_89&449_444&499-14_4_28_30_31_25_33-47-98.jpg gt=赣E46719 code_cpu=赣E46719 code_np=赣E46719 agree=1 ok_cpu=1 ok_np=1 none_cpu=0 none_np=0
SCENE file=0454346264367-94_69-128&475_552&602-575&607_143&563_98&472_530&516-0_7_2_10_27_24_24-89-114.jpg gt=皖HCL300 code_cpu=皖HCL300 code_np=皖HCL300 agree=1 ok_cpu=1 ok_np=1 none_cpu=0 none_np=0
SCENE file=0456896551724-85_118-105&450_501&585-472&538_118&581_167&497_521&454-16_5_8_27_26_26_32-34-49.jpg gt=豫FJ3228 code_cpu=豫FJ3228 code_np=豫FJ3228 agree=1 ok_cpu=1 ok_np=1 none_cpu=0 none_np=0
SCENE file=0457614942529-103_72-324&579_613&753-614&753_327&668_328&563_615&648-12_12_17_28_24_33_31-116-87.jpg gt=京NT4097 code_cpu=京NT4097 code_np=京NT4097 agree=1 ok_cpu=1 ok_np=1 none_cpu=0 none_np=0
SCENE file=0458644636015-92_85-291&389_675&525-657&536_294&504_310&385_673&417-7_0_2_33_33_24_2-178-31.jpg gt=辽AC990C code_cpu=辽AC990C code_np=辽AC990C agree=1 ok_cpu=1 ok_np=1 none_cpu=0 none_np=0
SCENE file=0461111111111-86_88-170&483_519&608-540&599_178&622_177&495_539&472-19_2_33_5_30_31_31-160-137.jpg gt=粤C9F677 code_cpu=粤C9F677 code_np=粤C9F677 agree=1 ok_cpu=1 ok_np=1 none_cpu=0 none_np=0
SCENE file=0461386494253-89_100-216&479_598&597-587&580_221&607_258&501_624&474-17_0_25_26_7_25_11-68-73.jpg gt=鄂A12H1M code_cpu=鄂A12H1M code_np=鄂A12H1M agree=1 ok_cpu=1 ok_np=1 none_cpu=0 none_np=0
SCENE file=0465912356322-84_91-202&507_545&645-541&613_207&645_207&532_541&500-14_4_31_16_24_27_24-102-111.jpg gt=赣E7S030 code_cpu=贵E7S030 code_np=贵E7S030 agree=1 ok_cpu=0 ok_np=0 none_cpu=0 none_np=0
SCENE file=0467409003831-106_71-174&486_457&661-456&677_179&583_183&480_460&574-22_1_31_6_3_33_32-136-43.jpg gt=川B7GD98 code_cpu=川B7GD98 code_np=川B7GD98 agree=1 ok_cpu=1 ok_np=1 none_cpu=0 none_np=0
SCENE file=0469588122605-81_96-174&554_461&701-463&649_199&714_194&603_458&538-17_0_25_27_19_29_14-85-32.jpg gt=鄂A13V5Q code_cpu=鄂A13V5Q code_np=鄂A13V5Q agree=1 ok_cpu=1 ok_np=1 none_cpu=0 none_np=0
SCENE file=0470833333333-86_93-284&463_655&604-648&559_289&605_296&497_655&451-0_0_26_32_31_19_24-109-115.jpg gt=皖A287V0 code_cpu=皖A287V0 code_np=皖A287V0 agree=1 ok_cpu=1 ok_np=1 none_cpu=0 none_np=0
SCENE file=0475718390805-98_65-130&484_450&634-455&649_141&584_109&473_423&538-13_3_30_31_32_33_18-129-52.jpg gt=闽D6789U code_cpu=闽D6789U code_np=闽D6789U agree=1 ok_cpu=1 ok_np=1 none_cpu=0 none_np=0
SCENE file=047650862069-101_64-216&422_539&592-528&598_208&522_200&421_520&497-1_2_29_7_16_30_27-105-52.jpg gt=沪C5HS63 code_cpu=沪C5HS63 code_np=沪C5HS63 agree=1 ok_cpu=1 ok_np=1 none_cpu=0 none_np=0
SCENE file=0479118773946-84_88-263&447_600&592-601&552_272&602_259&492_588&442-16_11_5_16_33_25_33-114-51.jpg gt=豫MFS919 code_cpu=豫MFS919 code_np=豫MFS919 agree=1 ok_cpu=1 ok_np=1 none_cpu=0 none_np=0
SCENE file=0479406130269-86_86-73&631_463&746-465&733_88&757_78&646_455&622-13_2_25_31_20_32_32-122-214.jpg gt=闽C17W88 code_cpu=闽C17W88 code_np=闽C17W88 agree=1 ok_cpu=1 ok_np=1 none_cpu=0 none_np=0
SCENE file=0481585249042-112_64-181&488_433&692-427&693_183&583_183&490_427&600-22_0_31_25_5_24_17-85-44.jpg gt=川A71F0T code_cpu=川A71F0T code_np=川A71F0T agree=1 ok_cpu=1 ok_np=1 none_cpu=0 none_np=0
SCENE file=0481788793103-105_66-166&350_454&527-452&532_189&449_177&343_440&426-2_12_2_20_25_25_31-144-108.jpg gt=津NCW117 code_cpu=津NCW117 code_np=津NCW117 agree=1 ok_cpu=1 ok_np=1 none_cpu=0 none_np=0
SCENE file=0484219348659-106_61-145&449_435&599-453&623_154&528_127&428_426&523-0_0_30_11_24_27_32-136-40.jpg gt=皖A6M038 code_cpu=皖A6M038 code_np=皖A6M038 agree=1 ok_cpu=1 ok_np=1 none_cpu=0 none_np=0
SCENE file=0484267241379-90_85-163&487_569&605-571&608_178&611_178&484_571&481-15_15_12_24_26_29_6-83-183.jpg gt=鲁RN025G code_cpu=鲁RN025G code_np=鲁RN025G agree=1 ok_cpu=1 ok_np=1 none_cpu=0 none_np=0
SCENE file=0484554597702-93_79-190&423_563&575-575&582_197&548_168&423_546&457-16_16_28_0_25_27_30-113-173.jpg gt=豫S4A136 code_cpu=豫S4A136 code_np=豫S4A136 agree=1 ok_cpu=1 ok_np=1 none_cpu=0 none_np=0
SCENE file=048582375479-97_75-315&477_647&625-651&633_326&574_299&469_624&528-16_1_13_2_33_24_24-65-44.jpg gt=豫BPC900 code_cpu=豫BPC900 code_np=豫BPC900 agree=1 ok_cpu=1 ok_np=1 none_cpu=0 none_np=0
SCENE file=0487895114943-102_72-61&536_384&722-387&732_67&634_68&515_388&613-17_14_24_24_23_32_24-100-118.jpg gt=鄂Q00Z80 code_cpu=鄂Q00Z80 code_np=鄂Q00Z80 agree=1 ok_cpu=1 ok_np=1 none_cpu=0 none_np=0
SCENE file=0491558908046-110_56-148&576_419&758-414&761_153&663_141&564_402&662-13_2_29_32_32_23_30-122-86.jpg gt=闽C588Z6 code_cpu=闽C588Z6 code_np=闽C588Z6 agree=1 ok_cpu=1 ok_np=1 none_cpu=0 none_np=0
SCENE file=0491858237548-108_62-212&473_494&629-482&650_221&558_214&463_475&555-18_0_8_30_27_26_23-77-80.jpg gt=湘AJ632Z code_cpu=湘AJ632Z code_np=湘AJ632Z agree=1 ok_cpu=1 ok_np=1 none_cpu=0 none_np=0
SCENE file=0492265325671-82_90-97&513_436&648-453&601_107&649_105&557_451&509-12_14_7_29_29_6_32-143-64.jpg gt=京QH55G8 code_cpu=京QH55G8 code_np=京QH55G8 agree=1 ok_cpu=1 ok_np=1 none_cpu=0 none_np=0
SCENE file=049376197318-109_69-59&293_335&469-342&490_67&384_59&284_334&390-17_0_33_28_12_8_26-55-22.jpg gt=鄂A94NJ2 code_cpu=鄂A94NJ2 code_np=鄂A94NJ2 agree=1 ok_cpu=1 ok_np=1 none_cpu=0 none_np=0
SCENE file=0496336206897-105_63-259&493_556&660-549&667_268&581_262&491_543&577-19_0_29_0_24_23_26-140-96.jpg gt=粤A5A0Z2 code_cpu=粤A5A0Z2 code_np=粤A5A0Z2 agree=1 ok_cpu=1 ok_np=1 none_cpu=0 none_np=0
SCENE file=050002394636-102_56-237&471_567&627-570&641_261&560_217&460_526&541-1_2_27_15_25_12_32-100-121.jpg gt=沪C3R1N8 code_cpu=沪C3R1N8 code_np=沪C3R1N8 agree=1 ok_cpu=1 ok_np=1 none_cpu=0 none_np=0
SCENE file=0504166666667-86_86-108&423_470&576-480&529_133&580_120&466_467&415-10_0_17_31_32_5_31-106-79.jpg gt=苏AT78F7 code_cpu=苏AT78F7 code_np=苏AT78F7 agree=1 ok_cpu=1 ok_np=1 none_cpu=0 none_np=0
SCENE file=0511470306514-90_87-170&459_590&585-607&585_173&592_164&455_598&448-15_15_26_24_27_3_27-178-42.jpg gt=鲁R203D3 code_cpu=鲁R203D3 code_np=鲁R203D3 agree=1 ok_cpu=1 ok_np=1 none_cpu=0 none_np=0
SCENE file=0514415708812-93_71-131&452_612&577-633&584_151&545_124&454_606&493-11_0_17_29_32_29_16-144-104.jpg gt=浙AT585S code_cpu=浙AT585S code_np=浙AT585S agree=1 ok_cpu=1 ok_np=1 none_cpu=0 none_np=0
SCENE file=0516666666667-90_85-98&476_637&587-633&578_128&576_126&471_631&473-16_14_15_20_32_30_25-105-99.jpg gt=豫QRW861 code_cpu=豫QRW861 code_np=豫QRW861 agree=1 ok_cpu=1 ok_np=1 none_cpu=0 none_np=0
SCENE file=0521479885057-94_81-219&454_578&591-585&602_217&562_204&446_572&486-2_9_12_32_25_32_24-186-83.jpg gt=津KN8180 code_cpu=津KN8180 code_np=津KN8180 agree=1 ok_cpu=1 ok_np=1 none_cpu=0 none_np=0
SCENE file=0521731321839-113_59-359&477_625&676-616&681_355&560_355&468_616&589-0_0_4_16_33_24_33-137-102.jpg gt=皖AES909 code_cpu=皖AES909 code_np=皖AES909 agree=1 ok_cpu=1 ok_np=1 none_cpu=0 none_np=0
SCENE file=0526867816092-90_88-103&452_523&585-517&581_121&582_116&449_512&448-0_0_11_32_30_30_23-84-286.jpg gt=皖AM866Z code_cpu=皖AM866Z code_np=皖AM866Z agree=1 ok_cpu=1 ok_np=1 none_cpu=0 none_np=0
SCENE file=0535201149426-74_117-169&402_481&575-491&482_181&583_183&489_493&388-19_1_33_28_29_8_29-134-33.jpg gt=粤B945J5 code_cpu=粤B945J5 code_np=粤B945J5 agree=1 ok_cpu=1 ok_np=1 none_cpu=0 none_np=0
SCENE file=0538074712643-80_101-181&478_527&621-526&566_202&634_204&533_528&465-17_0_18_23_26_31_31-67-118.jpg gt=鄂AUZ277 code_cpu=鄂AUZ277 code_np=鄂AUZ277 agree=1 ok_cpu=1 ok_np=1 none_cpu=0 none_np=0
SCENE file=0540732758621-87_89-131&498_543&621-537&616_128&630_140&503_549&489-18_7_31_20_7_26_26-100-135.jpg gt=湘H7WH22 code_cpu=湘H7WH22 code_np=湘H7WH22 agree=1 ok_cpu=1 ok_np=1 none_cpu=0 none_np=0
SCENE file=0541307471264-98_76-120&381_473&536-467&546_114&489_108&377_461&434-12_12_16_29_29_24_24-53-38.jpg gt=京NS5500 code_cpu=京NS5500 code_np=京NS5500 agree=1 ok_cpu=1 ok_np=1 none_cpu=0 none_np=0
SCENE file=0556321839081-82_95-167&471_555&622-552&560_174&620_179&516_557&456-4_5_24_9_30_25_30-138-58.jpg gt=冀F0K616 code_cpu=冀F0K616 code_np=冀F0K616 agree=1 ok_cpu=1 ok_np=1 none_cpu=0 none_np=0
SCENE file=0564535440614-91_89-164&451_586&596-587&593_163&590_166&450_590&453-1_2_24_13_30_2_30-175-68.jpg gt=沪C0P6C6 code_cpu=沪C0P6C6 code_np=沪C0P6C6 agree=1 ok_cpu=1 ok_np=1 none_cpu=0 none_np=0
SCENE file=0569863505747-104_79-294&458_598&679-591&674_299&577_286&451_578&548-10_4_33_26_27_10_1-78-48.jpg gt=苏E923LB code_cpu=苏E923LB code_np=苏E923LB agree=1 ok_cpu=1 ok_np=1 none_cpu=0 none_np=0
SCENE file=0576867816092-90_86-108&457_577&595-582&596_123&610_154&458_613&444-0_0_31_27_5_29_31-67-196.jpg gt=皖A73F57 code_cpu=皖A73F57 code_np=皖A73F57 agree=1 ok_cpu=1 ok_np=1 none_cpu=0 none_np=0
SCENE file=0581860632184-85_97-215&447_543&623-538&583_252&627_265&480_551&436-17_0_17_26_25_19_29-187-46.jpg gt=鄂AT21V5 code_cpu=鄂AT21V5 code_np=鄂AT21V5 agree=1 ok_cpu=1 ok_np=1 none_cpu=0 none_np=0
SCENE file=0586685823755-84_87-188&447_538&624-557&568_194&621_183&497_546&444-3_3_0_6_27_24_27-98-185.jpg gt=渝DAG303 code_cpu=渝DAG303 code_np=渝DAG303 agree=1 ok_cpu=1 ok_np=1 none_cpu=0 none_np=0
SCENE file=0588290229885-93_83-151&450_614&572-623&590_151&569_145&449_617&470-16_0_19_33_32_24_21-144-169.jpg gt=豫AV980X code_cpu=豫AV980X code_np=豫AV980X agree=1 ok_cpu=1 ok_np=1 none_cpu=0 none_np=0
SCENE file=0595833333333-72_110-161&468_455&655-458&562_173&664_177&550_462&448-22_0_8_31_4_27_31-113-142.jpg gt=川AJ7E37 code_cpu=川AJ7E37 code_np=川AJ7E37 agree=1 ok_cpu=1 ok_np=1 none_cpu=0 none_np=0
SCENE file=0611087164751-103_60-159&454_505&639-497&657_160&561_143&435_480&531-14_4_23_27_25_30_31-135-166.jpg gt=赣EZ3167 code_cpu=赣EZ3167 code_np=赣EZ3167 agree=1 ok_cpu=1 ok_np=1 none_cpu=0 none_np=0
SCENE file=0620043103448-87_86-157&473_589&617-597&607_168&622_166&477_595&462-18_18_29_21_22_26_31-90-184.jpg gt=湘U5XY27 code_cpu=湘U5XY27 code_np=湘U5XY27 agree=1 ok_cpu=1 ok_np=1 none_cpu=0 none_np=0
SCENE file=0625071839081-90_89-124&456_632&603-619&604_145&604_149&447_623&447-15_19_5_26_26_24_10-99-48.jpg gt=鲁VF220L code_cpu=鲁VF220L code_np=鲁VF220L agree=1 ok_cpu=1 ok_np=1 none_cpu=0 none_np=0
SCENE file=0637978927203-80_97-265&518_644&716-653&632_283&720_280&597_650&509-16_0_29_6_17_26_33-74-56.jpg gt=豫A5GT29 code_cpu=豫A5GT29 code_np=豫A5GT29 agree=1 ok_cpu=1 ok_np=1 none_cpu=0 none_np=0
SCENE file=0655411877395-91_86-117&498_656&627-629&636_131&632_130&486_628&490-10_11_23_19_25_25_30-91-277.jpg gt=苏MZV116 code_cpu=苏MZV116 code_np=苏MZV116 agree=1 ok_cpu=1 ok_np=1 none_cpu=0 none_np=0
SCENE file=0700610632184-84_103-188&490_639&642-628&588_195&651_234&532_667&469-16_16_6_15_33_26_32-112-51.jpg gt=豫SGR928 code_cpu=豫SGR928 code_np=豫SGR928 agree=1 ok_cpu=1 ok_np=1 none_cpu=0 none_np=0
SCENE file=0706896551724-85_91-154&458_574&615-582&601_162&626_162&480_582&455-12_13_21_2_24_31_33-119-130.jpg gt=京PXC079 code_cpu=京PXC079 code_np=京PXC079 agree=1 ok_cpu=1 ok_np=1 none_cpu=0 none_np=0
SCENE file=0778352490421-89_88-115&451_609&605-618&601_128&620_128&455_618&436-28_0_30_32_24_33_21-152-73.jpg gt=青A6809X code_cpu=青A6809X code_np=青A6809X agree=1 ok_cpu=1 ok_np=1 none_cpu=0 none_np=0
