CROPAB LOAD det cpu ok=1;id=0;cached=1;name=models/y5fu_320x_head_fp32.ms;backend=CPU;requested=cpu;fallbackFrom=;attemptLog=CPU(ok);inputName=input;outputName=948;inputShape=[1,320,320,3];outputShape=[1,45,40,40];inputFormat=NHWC;outputFormat=NCHW;inputElems=307200;outputElems=72000;error=
CROPAB LOAD det nnrt ok=1;id=3;cached=1;name=models/y5fu_320x_head_fp32.ms;backend=NNRT:NPU_ohos.boot.hardware.kirin8020_v2_0;requested=nnrt;fallbackFrom=;attemptLog=NNRT:NPU_ohos.boot.hardware.kirin8020_v2_0(ok);inputName=input;outputName=948;inputShape=[1,320,320,3];outputShape=[1,45,40,40];inputFormat=NHWC;outputFormat=NCHW;inputElems=307200;outputElems=72000;error=
CROPAB role=det file=京PL3N67.jpg gt=京PL3N67 code_cpu=PL3N67 code_np=PL3N67 agree=1 ok_cpu=0 ok_np=0
CROPAB role=det file=川JK0707.jpg gt=川JK0707 code_cpu=粤JK0707 code_np=1JK0707 agree=0 ok_cpu=0 ok_np=0
CROPAB role=det file=川X90621.jpg gt=川X90621 code_cpu=川X90621 code_np=川X90621 agree=1 ok_cpu=1 ok_np=1
CROPAB role=det file=沪AMS087.jpg gt=沪AMS087 code_cpu=沪AMS087 code_np=沪AMS087 agree=1 ok_cpu=1 ok_np=1
CROPAB role=det file=沪C21F13.jpg gt=沪C21F13 code_cpu=沪C21F11 code_np=沪C21F11 agree=1 ok_cpu=0 ok_np=0
CROPAB role=det file=沪C8GK31.jpg gt=沪C8GK31 code_cpu=沪C8GK31 code_np=沪C8GK31 agree=1 ok_cpu=1 ok_np=1
CROPAB role=det file=浙A6MX97.jpg gt=浙A6MX97 code_cpu=浙A6MX97 code_np=浙A6MX97 agree=1 ok_cpu=1 ok_np=1
CROPAB role=det file=浙BR7S63.jpg gt=浙BR7S63 code_cpu=浙BR7S63 code_np=浙BR7S63 agree=1 ok_cpu=1 ok_np=1
CROPAB role=det file=浙C510W8.jpg gt=浙C510W8 code_cpu=苏510W8 code_np=510W8 agree=0 ok_cpu=0 ok_np=0
CROPAB role=det file=浙D137ET.jpg gt=浙D137ET code_cpu=浙D137ET code_np=浙D137ET agree=1 ok_cpu=1 ok_np=1
CROPAB role=det file=浙D335DZ.jpg gt=浙D335DZ code_cpu=浙D335DZ code_np=浙D335DZ agree=1 ok_cpu=1 ok_np=1
CROPAB role=det file=浙D911SY.jpg gt=浙D911SY code_cpu=浙D911SY code_np=浙D911SY agree=1 ok_cpu=1 ok_np=1
CROPAB role=det file=浙D9594H.jpg gt=浙D9594H code_cpu=浙D9594H code_np=浙D9594H agree=1 ok_cpu=1 ok_np=1
CROPAB role=det file=浙G0699P.jpg gt=浙G0699P code_cpu=浙G0699 code_np=浙G0699 agree=1 ok_cpu=0 ok_np=0
CROPAB role=det file=浙J2K181.jpg gt=浙J2K181 code_cpu=J2K181 code_np=J2K181 agree=1 ok_cpu=0 ok_np=0
CROPAB role=det file=浙JP1W22.jpg gt=浙JP1W22 code_cpu=浙JP1W2 code_np=浙JP1W2 agree=1 ok_cpu=0 ok_np=0
CROPAB role=det file=湘E269JY.jpg gt=湘E269JY code_cpu=湘E269JY code_np=湘E269JY agree=1 ok_cpu=1 ok_np=1
CROPAB role=det file=皖A00E66.jpg gt=皖A00E66 code_cpu=陕A00E66 code_np=陕A00E66 agree=1 ok_cpu=0 ok_np=0
CROPAB role=det file=皖A016E2.jpg gt=皖A016E2 code_cpu=皖A016E code_np=皖A016E agree=1 ok_cpu=0 ok_np=0
CROPAB role=det file=皖A051N0.jpg gt=皖A051N0 code_cpu=皖A051N0 code_np=皖A051N0 agree=1 ok_cpu=1 ok_np=1
CROPAB role=det file=皖A05279.jpg gt=皖A05279 code_cpu=皖A05279 code_np=皖A05279 agree=1 ok_cpu=1 ok_np=1
CROPAB role=det file=皖A059C5.jpg gt=皖A059C5 code_cpu=皖A059C5 code_np=皖A059C5 agree=1 ok_cpu=1 ok_np=1
CROPAB role=det file=皖A06S56.jpg gt=皖A06S56 code_cpu=皖A06S5 code_np=皖A06S5 agree=1 ok_cpu=0 ok_np=0
CROPAB role=det file=皖A07F55.jpg gt=皖A07F55 code_cpu=皖A07F55 code_np=皖A07F55 agree=1 ok_cpu=1 ok_np=1
CROPAB role=det file=皖A08V01.jpg gt=皖A08V01 code_cpu=皖A08V0 code_np=皖A08V0 agree=1 ok_cpu=0 ok_np=0
CROPAB role=det file=皖A095Q1.jpg gt=皖A095Q1 code_cpu=皖A0950 code_np=皖A0950 agree=1 ok_cpu=0 ok_np=0
CROPAB role=det file=皖A09N61.jpg gt=皖A09N61 code_cpu=苏A09N61 code_np=苏A09N61 agree=1 ok_cpu=0 ok_np=0
CROPAB role=det file=皖A0C333.jpg gt=皖A0C333 code_cpu=皖A0C333 code_np=皖A0C333 agree=1 ok_cpu=1 ok_np=1
CROPAB role=det file=皖A0C911.jpg gt=皖A0C911 code_cpu=皖A0C91 code_np=皖A0C911 agree=0 ok_cpu=0 ok_np=1
CROPAB role=det file=皖A0G826.jpg gt=皖A0G826 code_cpu=皖A0G826 code_np=皖A0G826 agree=1 ok_cpu=1 ok_np=1
CROPAB role=det file=皖A0H627.jpg gt=皖A0H627 code_cpu=皖A0H627 code_np=皖A0H627 agree=1 ok_cpu=1 ok_np=1
CROPAB role=det file=皖A0K782.jpg gt=皖A0K782 code_cpu=皖A0K782 code_np=皖A0K782 agree=1 ok_cpu=1 ok_np=1
CROPAB role=det file=皖A0T999.jpg gt=皖A0T999 code_cpu=皖A0T999 code_np=皖A0T999 agree=1 ok_cpu=1 ok_np=1
CROPAB role=det file=皖A0V262.jpg gt=皖A0V262 code_cpu=皖A0V262 code_np=皖A0V262 agree=1 ok_cpu=1 ok_np=1
CROPAB role=det file=皖A0V788.jpg gt=皖A0V788 code_cpu=皖A0V788 code_np=皖A0V788 agree=1 ok_cpu=1 ok_np=1
CROPAB role=det file=皖A0V790.jpg gt=皖A0V790 code_cpu= code_np= agree=1 ok_cpu=0 ok_np=0
CROPAB role=det file=皖A0W669.jpg gt=皖A0W669 code_cpu=皖A0W666 code_np=皖A0W66 agree=0 ok_cpu=0 ok_np=0
CROPAB role=det file=皖A0Y000.jpg gt=皖A0Y000 code_cpu=皖A0Y000 code_np=皖A0Y000 agree=1 ok_cpu=1 ok_np=1
CROPAB role=det file=皖A10784.jpg gt=皖A10784 code_cpu=皖A10784 code_np=皖A10784 agree=1 ok_cpu=1 ok_np=1
CROPAB role=det file=皖A10D09.jpg gt=皖A10D09 code_cpu=陕A10D09 code_np=陕A10D09 agree=1 ok_cpu=0 ok_np=0
CROPAB role=det file=皖A11885.jpg gt=皖A11885 code_cpu=A11885 code_np=A11885 agree=1 ok_cpu=0 ok_np=0
CROPAB role=det file=皖A139X8.jpg gt=皖A139X8 code_cpu=皖A139X8 code_np=皖A139X8 agree=1 ok_cpu=1 ok_np=1
CROPAB role=det file=皖A13W08.jpg gt=皖A13W08 code_cpu=皖A13W08 code_np=皖A13W08 agree=1 ok_cpu=1 ok_np=1
CROPAB role=det file=皖A15104.jpg gt=皖A15104 code_cpu=皖A15104 code_np=皖A15104 agree=1 ok_cpu=1 ok_np=1
CROPAB role=det file=皖A151P8.jpg gt=皖A151P8 code_cpu=皖A151P8 code_np=皖A151P8 agree=1 ok_cpu=1 ok_np=1
CROPAB role=det file=皖A155X1.jpg gt=皖A155X1 code_cpu=皖A155X1 code_np=皖A155X1 agree=1 ok_cpu=1 ok_np=1
CROPAB role=det file=皖A15904.jpg gt=皖A15904 code_cpu=皖A15904 code_np=皖A15904 agree=1 ok_cpu=1 ok_np=1
CROPAB role=det file=皖A15C18.jpg gt=皖A15C18 code_cpu=皖A15C18 code_np=京A15C18 agree=0 ok_cpu=1 ok_np=0
CROPAB role=det file=皖A15D05.jpg gt=皖A15D05 code_cpu=皖A15D05 code_np=皖A15D05 agree=1 ok_cpu=1 ok_np=1
CROPAB role=det file=皖A15X05.jpg gt=皖A15X05 code_cpu=皖A15X05 code_np=苏A15X05 agree=0 ok_cpu=1 ok_np=0
CROPAB role=det file=皖A160R9.jpg gt=皖A160R9 code_cpu=皖A160R code_np=皖A160R agree=1 ok_cpu=0 ok_np=0
CROPAB role=det file=皖A16552.jpg gt=皖A16552 code_cpu=皖A16552 code_np=皖A16552 agree=1 ok_cpu=1 ok_np=1
CROPAB role=det file=皖A18145.jpg gt=皖A18145 code_cpu=皖A18145 code_np=皖A18145 agree=1 ok_cpu=1 ok_np=1
CROPAB role=det file=皖A19A29.jpg gt=皖A19A29 code_cpu=皖A19A code_np=皖A19A agree=1 ok_cpu=0 ok_np=0
CROPAB role=det file=皖A19CC9.jpg gt=皖A19CC9 code_cpu=皖A19C code_np=皖A19C agree=1 ok_cpu=0 ok_np=0
CROPAB role=det file=皖A1M876.jpg gt=皖A1M876 code_cpu=皖A1M876 code_np=皖A1M876 agree=1 ok_cpu=1 ok_np=1
CROPAB role=det file=皖A1R029.jpg gt=皖A1R029 code_cpu=皖A1R029 code_np=皖A1R029 agree=1 ok_cpu=1 ok_np=1
CROPAB role=det file=皖A1X751.jpg gt=皖A1X751 code_cpu=冀A1X751 code_np=冀A1X751 agree=1 ok_cpu=0 ok_np=0
CROPAB role=det file=皖A210N2.jpg gt=皖A210N2 code_cpu=皖A210N2 code_np=皖A210N2 agree=1 ok_cpu=1 ok_np=1
CROPAB role=det file=皖A21158.jpg gt=皖A21158 code_cpu=皖A21158 code_np=皖A21158 agree=1 ok_cpu=1 ok_np=1
CROPAB role=det file=皖A225J1.jpg gt=皖A225J1 code_cpu=皖A225J code_np=皖A225J agree=1 ok_cpu=0 ok_np=0
CROPAB role=det file=皖A225L0.jpg gt=皖A225L0 code_cpu=皖A225L code_np=皖A225L agree=1 ok_cpu=0 ok_np=0
CROPAB role=det file=皖A226K3.jpg gt=皖A226K3 code_cpu=皖A226K3 code_np=皖A226K3 agree=1 ok_cpu=1 ok_np=1
CROPAB role=det file=皖A22B20.jpg gt=皖A22B20 code_cpu=皖A22B20 code_np=皖A22B20 agree=1 ok_cpu=1 ok_np=1
CROPAB role=det file=皖A22J62.jpg gt=皖A22J62 code_cpu=皖A22J62 code_np=皖A22J62 agree=1 ok_cpu=1 ok_np=1
CROPAB role=det file=皖A22U82.jpg gt=皖A22U82 code_cpu=皖A22U82 code_np=皖A22U82 agree=1 ok_cpu=1 ok_np=1
CROPAB role=det file=皖A22Y13.jpg gt=皖A22Y13 code_cpu=皖A22Y13 code_np=皖A22Y13 agree=1 ok_cpu=1 ok_np=1
CROPAB role=det file=皖A23V61.jpg gt=皖A23V61 code_cpu=皖A23V61 code_np=皖A23V61 agree=1 ok_cpu=1 ok_np=1
CROPAB role=det file=皖A25575.jpg gt=皖A25575 code_cpu=皖A25575 code_np=皖A25575 agree=1 ok_cpu=1 ok_np=1
CROPAB role=det file=皖A25654.jpg gt=皖A25654 code_cpu=陕A25654 code_np=陕A25654 agree=1 ok_cpu=0 ok_np=0
CROPAB role=det file=皖A256R2.jpg gt=皖A256R2 code_cpu=皖A256R2 code_np=皖A256R2 agree=1 ok_cpu=1 ok_np=1
CROPAB role=det file=皖A267A8.jpg gt=皖A267A8 code_cpu=皖A267A code_np=皖A267A agree=1 ok_cpu=0 ok_np=0
CROPAB role=det file=皖A27E73.jpg gt=皖A27E73 code_cpu=皖A27E77 code_np=皖A27E77 agree=1 ok_cpu=0 ok_np=0
CROPAB role=det file=皖A27J48.jpg gt=皖A27J48 code_cpu=皖A27J48 code_np=皖A27J48 agree=1 ok_cpu=1 ok_np=1
CROPAB role=det file=皖A27Z25.jpg gt=皖A27Z25 code_cpu=皖A27Z25 code_np=皖A27Z25 agree=1 ok_cpu=1 ok_np=1
CROPAB role=det file=皖A288J3.jpg gt=皖A288J3 code_cpu=皖A288J3 code_np=皖A288J3 agree=1 ok_cpu=1 ok_np=1
CROPAB role=det file=皖A28S79.jpg gt=皖A28S79 code_cpu=皖A28S79 code_np=皖A28S7 agree=0 ok_cpu=1 ok_np=0
CROPAB role=det file=皖A295E1.jpg gt=皖A295E1 code_cpu=皖A295 code_np=皖A295 agree=1 ok_cpu=0 ok_np=0
CROPAB role=det file=皖A295G6.jpg gt=皖A295G6 code_cpu=皖A295G6 code_np=皖A295G6 agree=1 ok_cpu=1 ok_np=1
CROPAB role=det file=皖A296L3.jpg gt=皖A296L3 code_cpu=皖A2966 code_np=皖A2966 agree=1 ok_cpu=0 ok_np=0
CROPAB role=det file=皖A29C52.jpg gt=皖A29C52 code_cpu= code_np= agree=1 ok_cpu=0 ok_np=0
CROPAB role=det file=皖A29R72.jpg gt=皖A29R72 code_cpu=皖A29R72 code_np=皖A29R72 agree=1 ok_cpu=1 ok_np=1
CROPAB role=det file=皖A2G119.jpg gt=皖A2G119 code_cpu=皖A2G11 code_np=皖A2G11 agree=1 ok_cpu=0 ok_np=0
CROPAB role=det file=皖A2M610.jpg gt=皖A2M610 code_cpu=皖A2M610 code_np=皖A2M610 agree=1 ok_cpu=1 ok_np=1
CROPAB role=det file=皖A2P898.jpg gt=皖A2P898 code_cpu=皖A2P898 code_np=皖A2P898 agree=1 ok_cpu=1 ok_np=1
CROPAB role=det file=皖A2T582.jpg gt=皖A2T582 code_cpu=皖A2T58 code_np=皖A2T58 agree=1 ok_cpu=0 ok_np=0
CROPAB role=det file=皖A2U448.jpg gt=皖A2U448 code_cpu=桂A2J448 code_np=桂A2J448 agree=1 ok_cpu=0 ok_np=0
CROPAB role=det file=皖A2V257.jpg gt=皖A2V257 code_cpu= code_np= agree=1 ok_cpu=0 ok_np=0
CROPAB role=det file=皖A2W109.jpg gt=皖A2W109 code_cpu= code_np= agree=1 ok_cpu=0 ok_np=0
CROPAB role=det file=皖A2Y900.jpg gt=皖A2Y900 code_cpu=皖A2Y900 code_np=皖A2Y900 agree=1 ok_cpu=1 ok_np=1
CROPAB role=det file=皖A30B03.jpg gt=皖A30B03 code_cpu=皖A30B03 code_np=皖A30B03 agree=1 ok_cpu=1 ok_np=1
CROPAB role=det file=皖A30F03.jpg gt=皖A30F03 code_cpu=皖A30F03 code_np=皖A30F03 agree=1 ok_cpu=1 ok_np=1
CROPAB role=det file=皖A30J56.jpg gt=皖A30J56 code_cpu=皖A30J56 code_np=皖A30J5 agree=0 ok_cpu=1 ok_np=0
CROPAB role=det file=皖A32C32.jpg gt=皖A32C32 code_cpu=皖A32C32 code_np=皖A32C32 agree=1 ok_cpu=1 ok_np=1
CROPAB role=det file=皖A32Q72.jpg gt=皖A32Q72 code_cpu=皖A32Q72 code_np=皖A32Q72 agree=1 ok_cpu=1 ok_np=1
CROPAB role=det file=皖A33673.jpg gt=皖A33673 code_cpu=皖A33673 code_np=皖A33673 agree=1 ok_cpu=1 ok_np=1
CROPAB role=det file=皖A339Q9.jpg gt=皖A339Q9 code_cpu=皖A339Q9 code_np=皖A339Q9 agree=1 ok_cpu=1 ok_np=1
CROPAB role=det file=皖A33Q56.jpg gt=皖A33Q56 code_cpu=皖A33Q5 code_np=皖A33Q5 agree=1 ok_cpu=0 ok_np=0
CROPAB role=det file=皖A33Y37.jpg gt=皖A33Y37 code_cpu=皖A33Y37 code_np=皖A33Y37 agree=1 ok_cpu=1 ok_np=1
CROPAB role=det file=皖A34V88.jpg gt=皖A34V88 code_cpu=34V88 code_np=34V88 agree=1 ok_cpu=0 ok_np=0
CROPAB role=det file=皖A373H7.jpg gt=皖A373H7 code_cpu=皖A373H7 code_np=皖A373H7 agree=1 ok_cpu=1 ok_np=1
CROPAB role=det file=皖A383N7.jpg gt=皖A383N7 code_cpu=皖A383N7 code_np=皖A383N7 agree=1 ok_cpu=1 ok_np=1
CROPAB role=det file=皖A390X1.jpg gt=皖A390X1 code_cpu= code_np= agree=1 ok_cpu=0 ok_np=0
CROPAB role=det file=皖A393H5.jpg gt=皖A393H5 code_cpu=皖A393H code_np=皖A393H agree=1 ok_cpu=0 ok_np=0
CROPAB role=det file=皖A39993.jpg gt=皖A39993 code_cpu=皖A39993 code_np=皖A39993 agree=1 ok_cpu=1 ok_np=1
CROPAB role=det file=皖A3B926.jpg gt=皖A3B926 code_cpu=皖A3B926 code_np=皖A3B926 agree=1 ok_cpu=1 ok_np=1
CROPAB role=det file=皖A3E773.jpg gt=皖A3E773 code_cpu=皖A3E773 code_np=皖A3E773 agree=1 ok_cpu=1 ok_np=1
CROPAB role=det file=皖A3F639.jpg gt=皖A3F639 code_cpu= code_np= agree=1 ok_cpu=0 ok_np=0
CROPAB role=det file=皖A3L060.jpg gt=皖A3L060 code_cpu=皖A3L06 code_np=皖A3L06 agree=1 ok_cpu=0 ok_np=0
CROPAB role=det file=皖A3L526.jpg gt=皖A3L526 code_cpu=皖A3L526 code_np=皖A3L526 agree=1 ok_cpu=1 ok_np=1
CROPAB role=det file=皖A3U861.jpg gt=皖A3U861 code_cpu=皖A3U861 code_np=皖A3U861 agree=1 ok_cpu=1 ok_np=1
CROPAB role=det file=皖A3V411.jpg gt=皖A3V411 code_cpu=皖A3V411 code_np=皖A3V411 agree=1 ok_cpu=1 ok_np=1
CROPAB role=det file=皖A3W265.jpg gt=皖A3W265 code_cpu=苏A3W265 code_np=苏A3W265 agree=1 ok_cpu=0 ok_np=0
CROPAB role=det file=皖A3X096.jpg gt=皖A3X096 code_cpu=A3X096 code_np=A3X096 agree=1 ok_cpu=0 ok_np=0
CROPAB role=det file=皖A3Y127.jpg gt=皖A3Y127 code_cpu=粤A3Y127 code_np=粤A3Y127 agree=1 ok_cpu=0 ok_np=0
CROPAB role=det file=皖A40035.jpg gt=皖A40035 code_cpu=皖A40035 code_np=皖A40035 agree=1 ok_cpu=1 ok_np=1
CROPAB role=det file=皖A40765.jpg gt=皖A40765 code_cpu=冀A40765 code_np=冀A40765 agree=1 ok_cpu=0 ok_np=0
CROPAB role=det file=皖A41E23.jpg gt=皖A41E23 code_cpu=皖A41E2 code_np=皖A41E2 agree=1 ok_cpu=0 ok_np=0
CROPAB role=det file=皖A42154.jpg gt=皖A42154 code_cpu=皖A42154 code_np=皖A4215 agree=0 ok_cpu=1 ok_np=0
CROPAB role=det file=皖A43877.jpg gt=皖A43877 code_cpu=皖A43877 code_np=皖A43877 agree=1 ok_cpu=1 ok_np=1
CROPAB role=det file=皖A43L76.jpg gt=皖A43L76 code_cpu=43L76 code_np=43L76 agree=1 ok_cpu=0 ok_np=0
CROPAB role=det file=皖A44241.jpg gt=皖A44241 code_cpu=皖A44241 code_np=A44241 agree=0 ok_cpu=1 ok_np=0
CROPAB role=det file=皖A45G33.jpg gt=皖A45G33 code_cpu=苏A45G33 code_np=苏A45G33 agree=1 ok_cpu=0 ok_np=0
CROPAB role=det file=皖A46E18.jpg gt=皖A46E18 code_cpu=皖A46E18 code_np=皖A46E18 agree=1 ok_cpu=1 ok_np=1
CROPAB role=det file=皖A46X66.jpg gt=皖A46X66 code_cpu= code_np= agree=1 ok_cpu=0 ok_np=0
CROPAB role=det file=皖A479T8.jpg gt=皖A479T8 code_cpu=皖A479T8 code_np=皖A479T8 agree=1 ok_cpu=1 ok_np=1
CROPAB role=det file=皖A49P06.jpg gt=皖A49P06 code_cpu=粤A49P06 code_np=粤49P06 agree=0 ok_cpu=0 ok_np=0
CROPAB role=det file=皖A4K651.jpg gt=皖A4K651 code_cpu=皖A4K65 code_np=皖A4K65 agree=1 ok_cpu=0 ok_np=0
CROPAB role=det file=皖A4L664.jpg gt=皖A4L664 code_cpu= code_np= agree=1 ok_cpu=0 ok_np=0
CROPAB role=det file=皖A4M405.jpg gt=皖A4M405 code_cpu=皖A4M40 code_np=皖A4M40 agree=1 ok_cpu=0 ok_np=0
CROPAB role=det file=皖A4P668.jpg gt=皖A4P668 code_cpu= code_np= agree=1 ok_cpu=0 ok_np=0
CROPAB role=det file=皖A4T733.jpg gt=皖A4T733 code_cpu=皖A4T733 code_np=皖A4T733 agree=1 ok_cpu=1 ok_np=1
CROPAB role=det file=皖A4X969.jpg gt=皖A4X969 code_cpu=皖A4X969 code_np=皖A4X969 agree=1 ok_cpu=1 ok_np=1
CROPAB role=det file=皖A4Y389.jpg gt=皖A4Y389 code_cpu=皖A4Y389 code_np=皖A4Y389 agree=1 ok_cpu=1 ok_np=1
CROPAB role=det file=皖A500R6.jpg gt=皖A500R6 code_cpu=皖A500R6 code_np=粤A500R6 agree=0 ok_cpu=1 ok_np=0
CROPAB role=det file=皖A506T7.jpg gt=皖A506T7 code_cpu=冀A506T7 code_np=冀A506T7 agree=1 ok_cpu=0 ok_np=0
CROPAB role=det file=皖A508X8.jpg gt=皖A508X8 code_cpu=皖A508X8 code_np=皖A508X8 agree=1 ok_cpu=1 ok_np=1
CROPAB role=det file=皖A512T3.jpg gt=皖A512T3 code_cpu=皖A512T3 code_np=皖A512T3 agree=1 ok_cpu=1 ok_np=1
CROPAB role=det file=皖A522T5.jpg gt=皖A522T5 code_cpu=皖A522T5 code_np=皖A522T5 agree=1 ok_cpu=1 ok_np=1
CROPAB role=det file=皖A522W6.jpg gt=皖A522W6 code_cpu=皖A522W6 code_np=皖A522W6 agree=1 ok_cpu=1 ok_np=1
CROPAB role=det file=皖A526G9.jpg gt=皖A526G9 code_cpu=皖A526G9 code_np=皖A526G9 agree=1 ok_cpu=1 ok_np=1
CROPAB role=det file=皖A52K60.jpg gt=皖A52K60 code_cpu=皖A52K60 code_np=皖A52K60 agree=1 ok_cpu=1 ok_np=1
CROPAB role=det file=皖A531J3.jpg gt=皖A531J3 code_cpu=皖A531J3 code_np=皖A531J3 agree=1 ok_cpu=1 ok_np=1
CROPAB role=det file=皖A536K3.jpg gt=皖A536K3 code_cpu=皖A536K3 code_np=皖A536K3 agree=1 ok_cpu=1 ok_np=1
CROPAB role=det file=皖A53D57.jpg gt=皖A53D57 code_cpu=皖A53D57 code_np=皖A53D57 agree=1 ok_cpu=1 ok_np=1
CROPAB role=det file=皖A53N00.jpg gt=皖A53N00 code_cpu=皖A53N00 code_np=皖A53N00 agree=1 ok_cpu=1 ok_np=1
CROPAB role=det file=皖A551B0.jpg gt=皖A551B0 code_cpu=皖A551B0 code_np=皖A551B0 agree=1 ok_cpu=1 ok_np=1
CROPAB role=det file=皖A55756.jpg gt=皖A55756 code_cpu=皖A55756 code_np=皖A55756 agree=1 ok_cpu=1 ok_np=1
CROPAB role=det file=皖A55A25.jpg gt=皖A55A25 code_cpu=皖A55A25 code_np=皖A55A25 agree=1 ok_cpu=1 ok_np=1
CROPAB role=det file=皖A55Q00.jpg gt=皖A55Q00 code_cpu=皖A55Q00 code_np=皖A55Q00 agree=1 ok_cpu=1 ok_np=1
CROPAB role=det file=皖A56384.jpg gt=皖A56384 code_cpu=冀A56384 code_np=冀A56384 agree=1 ok_cpu=0 ok_np=0
CROPAB role=det file=皖A56Z37.jpg gt=皖A56Z37 code_cpu=皖A56Z37 code_np=皖A56Z37 agree=1 ok_cpu=1 ok_np=1
CROPAB role=det file=皖A57Q80.jpg gt=皖A57Q80 code_cpu=陕A57Q80 code_np=陕A57Q80 agree=1 ok_cpu=0 ok_np=0
CROPAB role=det file=皖A584P4.jpg gt=皖A584P4 code_cpu=皖A584P4 code_np=皖A584P4 agree=1 ok_cpu=1 ok_np=1
CROPAB role=det file=皖A586H7.jpg gt=皖A586H7 code_cpu=皖A586HF code_np=皖A586HF agree=1 ok_cpu=0 ok_np=0
CROPAB role=det file=皖A587S9.jpg gt=皖A587S9 code_cpu=皖A587S code_np=皖A587S agree=1 ok_cpu=0 ok_np=0
CROPAB role=det file=皖A590W8.jpg gt=皖A590W8 code_cpu=皖A590W8 code_np=皖A590W8 agree=1 ok_cpu=1 ok_np=1
CROPAB role=det file=皖A596C7.jpg gt=皖A596C7 code_cpu=皖A596C code_np=皖A596C agree=1 ok_cpu=0 ok_np=0
CROPAB role=det file=皖A59D31.jpg gt=皖A59D31 code_cpu=粤A59D31 code_np=苏A59D31 agree=0 ok_cpu=0 ok_np=0
CROPAB role=det file=皖A5B393.jpg gt=皖A5B393 code_cpu=皖A5B392 code_np=皖A5B392 agree=1 ok_cpu=0 ok_np=0
CROPAB role=det file=皖A5F236.jpg gt=皖A5F236 code_cpu=皖A5F236 code_np=皖A5F236 agree=1 ok_cpu=1 ok_np=1
CROPAB role=det file=皖A5G895.jpg gt=皖A5G895 code_cpu=京A5G895 code_np=京A5G895 agree=1 ok_cpu=0 ok_np=0
CROPAB role=det file=皖A5J155.jpg gt=皖A5J155 code_cpu=皖A5J155 code_np=皖A5J15 agree=0 ok_cpu=1 ok_np=0
CROPAB role=det file=皖A5M527.jpg gt=皖A5M527 code_cpu=皖A5M527 code_np=皖A5M527 agree=1 ok_cpu=1 ok_np=1
CROPAB role=det file=皖A5N387.jpg gt=皖A5N387 code_cpu=沪A5N387 code_np=沪A5N387 agree=1 ok_cpu=0 ok_np=0
CROPAB role=det file=皖A5S081.jpg gt=皖A5S081 code_cpu=皖A5S081 code_np=皖A5S081 agree=1 ok_cpu=1 ok_np=1
CROPAB role=det file=皖A5S422.jpg gt=皖A5S422 code_cpu= code_np= agree=1 ok_cpu=0 ok_np=0
CROPAB role=det file=皖A5S939.jpg gt=皖A5S939 code_cpu=皖A5S939 code_np=皖A5S939 agree=1 ok_cpu=1 ok_np=1
CROPAB role=det file=皖A5T949.jpg gt=皖A5T949 code_cpu=A5T949 code_np=A5T949 agree=1 ok_cpu=0 ok_np=0
CROPAB role=det file=皖A5Y646.jpg gt=皖A5Y646 code_cpu=皖A5Y646 code_np=皖A5Y646 agree=1 ok_cpu=1 ok_np=1
CROPAB role=det file=皖A625X0.jpg gt=皖A625X0 code_cpu=粤A625X0 code_np=粤A625X0 agree=1 ok_cpu=0 ok_np=0
CROPAB role=det file=皖A62R17.jpg gt=皖A62R17 code_cpu=皖A62R17 code_np=皖A62R17 agree=1 ok_cpu=1 ok_np=1
CROPAB role=det file=皖A63244.jpg gt=皖A63244 code_cpu=皖A63244 code_np=皖A6324 agree=0 ok_cpu=1 ok_np=0
CROPAB role=det file=皖A65154.jpg gt=皖A65154 code_cpu=皖A6515 code_np=皖A6515 agree=1 ok_cpu=0 ok_np=0
CROPAB role=det file=皖A67L10.jpg gt=皖A67L10 code_cpu=皖A67L16 code_np=皖A67L16 agree=1 ok_cpu=0 ok_np=0
CROPAB role=det file=皖A686L3.jpg gt=皖A686L3 code_cpu=皖A686L3 code_np=皖A686L3 agree=1 ok_cpu=1 ok_np=1
CROPAB role=det file=皖A69858.jpg gt=皖A69858 code_cpu=皖A69858 code_np=皖A69858 agree=1 ok_cpu=1 ok_np=1
CROPAB role=det file=皖A6B667.jpg gt=皖A6B667 code_cpu=皖A6B667 code_np=皖A6B667 agree=1 ok_cpu=1 ok_np=1
CROPAB role=det file=皖A6F288.jpg gt=皖A6F288 code_cpu=皖A6F288 code_np=皖A6F288 agree=1 ok_cpu=1 ok_np=1
CROPAB role=det file=皖A6N958.jpg gt=皖A6N958 code_cpu=京A6N958 code_np=京A6N958 agree=1 ok_cpu=0 ok_np=0
CROPAB role=det file=皖A6S088.jpg gt=皖A6S088 code_cpu=皖A6S088 code_np=皖A6S088 agree=1 ok_cpu=1 ok_np=1
CROPAB role=det file=皖A6T999.jpg gt=皖A6T999 code_cpu=皖A6T999 code_np=皖A6T999 agree=1 ok_cpu=1 ok_np=1
CROPAB role=det file=皖A6U231.jpg gt=皖A6U231 code_cpu=皖A6U231 code_np=皖A6U231 agree=1 ok_cpu=1 ok_np=1
CROPAB role=det file=皖A6V359.jpg gt=皖A6V359 code_cpu=皖A6V359 code_np=皖A6V359 agree=1 ok_cpu=1 ok_np=1
CROPAB role=det file=皖A71920.jpg gt=皖A71920 code_cpu=A71920 code_np=A71920 agree=1 ok_cpu=0 ok_np=0
CROPAB role=det file=皖A71H99.jpg gt=皖A71H99 code_cpu=皖A71H99 code_np=皖A71H99 agree=1 ok_cpu=1 ok_np=1
CROPAB role=det file=皖A72G21.jpg gt=皖A72G21 code_cpu=皖A72G21 code_np=皖A72G21 agree=1 ok_cpu=1 ok_np=1
CROPAB role=det file=皖A72P33.jpg gt=皖A72P33 code_cpu=皖A72P3 code_np=皖A72P3 agree=1 ok_cpu=0 ok_np=0
CROPAB role=det file=皖A753V2.jpg gt=皖A753V2 code_cpu=皖A753V2 code_np=皖A753V2 agree=1 ok_cpu=1 ok_np=1
CROPAB role=det file=皖A75524.jpg gt=皖A75524 code_cpu=皖A75524 code_np=皖A75524 agree=1 ok_cpu=1 ok_np=1
CROPAB role=det file=皖A75556.jpg gt=皖A75556 code_cpu=粤A75556 code_np= agree=0 ok_cpu=0 ok_np=0
CROPAB role=det file=皖A76737.jpg gt=皖A76737 code_cpu=皖A7673 code_np=皖A7673 agree=1 ok_cpu=0 ok_np=0
CROPAB role=det file=皖A76Q38.jpg gt=皖A76Q38 code_cpu=皖A76Q3 code_np=皖A76Q3 agree=1 ok_cpu=0 ok_np=0
CROPAB role=det file=皖A76Q62.jpg gt=皖A76Q62 code_cpu=皖A76Q6 code_np=皖A76Q6 agree=1 ok_cpu=0 ok_np=0
CROPAB role=det file=皖A772A1.jpg gt=皖A772A1 code_cpu=皖A772A1 code_np=皖A772A agree=0 ok_cpu=1 ok_np=0
CROPAB role=det file=皖A777Y1.jpg gt=皖A777Y1 code_cpu=皖A777Y1 code_np=皖A777Y1 agree=1 ok_cpu=1 ok_np=1
CROPAB role=det file=皖A779H7.jpg gt=皖A779H7 code_cpu=皖A779H7 code_np=皖A779H7 agree=1 ok_cpu=1 ok_np=1
CROPAB role=det file=皖A77Q40.jpg gt=皖A77Q40 code_cpu=77Q40 code_np=77Q40 agree=1 ok_cpu=0 ok_np=0
CROPAB role=det file=皖A77S66.jpg gt=皖A77S66 code_cpu=皖A77S66 code_np=皖A77S66 agree=1 ok_cpu=1 ok_np=1
CROPAB role=det file=皖A77Z41.jpg gt=皖A77Z41 code_cpu=皖A77Z4 code_np=皖A77Z4 agree=1 ok_cpu=0 ok_np=0
CROPAB role=det file=皖A782U2.jpg gt=皖A782U2 code_cpu=皖A782U2 code_np=皖A782U2 agree=1 ok_cpu=1 ok_np=1
CROPAB role=det file=皖A786J2.jpg gt=皖A786J2 code_cpu=粤A786J2 code_np=粤A786J2 agree=1 ok_cpu=0 ok_np=0
CROPAB role=det file=皖A78J81.jpg gt=皖A78J81 code_cpu=皖A78J8 code_np=皖A78J8 agree=1 ok_cpu=0 ok_np=0
CROPAB role=det file=皖A78X13.jpg gt=皖A78X13 code_cpu=皖A78X1 code_np=皖A78X1 agree=1 ok_cpu=0 ok_np=0
CROPAB role=det file=皖A796G8.jpg gt=皖A796G8 code_cpu=皖A796G8 code_np=皖A796G8 agree=1 ok_cpu=1 ok_np=1
CROPAB role=det file=皖A79Y11.jpg gt=皖A79Y11 code_cpu=皖A79Y1 code_np=皖A79Y1 agree=1 ok_cpu=0 ok_np=0
CROPAB role=det file=皖A7B878.jpg gt=皖A7B878 code_cpu=皖A7B878 code_np=皖A7B878 agree=1 ok_cpu=1 ok_np=1
CROPAB role=det file=皖A7E070.jpg gt=皖A7E070 code_cpu=皖A7E070 code_np=皖A7E070 agree=1 ok_cpu=1 ok_np=1
CROPAB role=det file=皖A7M538.jpg gt=皖A7M538 code_cpu=皖A7M538 code_np=皖A7M538 agree=1 ok_cpu=1 ok_np=1
CROPAB role=det file=皖A7R016.jpg gt=皖A7R016 code_cpu=京A7R016 code_np=京A7R016 agree=1 ok_cpu=0 ok_np=0
CROPAB role=det file=皖A7Y001.jpg gt=皖A7Y001 code_cpu=苏A7Y001 code_np=苏A7Y001 agree=1 ok_cpu=0 ok_np=0
CROPAB role=det file=皖A7Y091.jpg gt=皖A7Y091 code_cpu=皖A7Y09 code_np=皖A7Y09 agree=1 ok_cpu=0 ok_np=0
CROPAB role=det file=皖A7Y669.jpg gt=皖A7Y669 code_cpu=皖A7Y666 code_np=皖A7Y66 agree=0 ok_cpu=0 ok_np=0
CROPAB role=det file=皖A808L2.jpg gt=皖A808L2 code_cpu=皖A808L code_np=皖A808L agree=1 ok_cpu=0 ok_np=0
CROPAB role=det file=皖A818D8.jpg gt=皖A818D8 code_cpu=A818D8 code_np=A818D8 agree=1 ok_cpu=0 ok_np=0
CROPAB role=det file=皖A81G01.jpg gt=皖A81G01 code_cpu=陕A81G01 code_np=皖A81G01 agree=0 ok_cpu=0 ok_np=1
CROPAB role=det file=皖A82023.jpg gt=皖A82023 code_cpu=皖A8202 code_np=皖A8202 agree=1 ok_cpu=0 ok_np=0
CROPAB role=det file=皖A82Z60.jpg gt=皖A82Z60 code_cpu=皖A82Z6Q code_np=皖A82Z6Q agree=1 ok_cpu=0 ok_np=0
CROPAB role=det file=皖A84A12.jpg gt=皖A84A12 code_cpu=皖A84A12 code_np=皖A84A12 agree=1 ok_cpu=1 ok_np=1
CROPAB role=det file=皖A84H99.jpg gt=皖A84H99 code_cpu=皖A84H9S code_np=皖A84H9S agree=1 ok_cpu=0 ok_np=0
CROPAB role=det file=皖A84V80.jpg gt=皖A84V80 code_cpu=陕A84V80 code_np=皖A84V8 agree=0 ok_cpu=0 ok_np=0
CROPAB role=det file=皖A85370.jpg gt=皖A85370 code_cpu=皖A85370 code_np=皖A85370 agree=1 ok_cpu=1 ok_np=1
CROPAB role=det file=皖A85H73.jpg gt=皖A85H73 code_cpu=皖A85H73 code_np=皖A85H73 agree=1 ok_cpu=1 ok_np=1
CROPAB role=det file=皖A85Y58.jpg gt=皖A85Y58 code_cpu=皖A85Y5 code_np=皖A85Y5 agree=1 ok_cpu=0 ok_np=0
CROPAB role=det file=皖A860E6.jpg gt=皖A860E6 code_cpu=皖A860E code_np=皖A860E agree=1 ok_cpu=0 ok_np=0
CROPAB role=det file=皖A86C88.jpg gt=皖A86C88 code_cpu=皖A86C88 code_np=皖A86C88 agree=1 ok_cpu=1 ok_np=1
CROPAB role=det file=皖A870S8.jpg gt=皖A870S8 code_cpu=皖A870S8 code_np=皖A870S8 agree=1 ok_cpu=1 ok_np=1
CROPAB role=det file=皖A878R3.jpg gt=皖A878R3 code_cpu=皖A878R3 code_np=皖A878R3 agree=1 ok_cpu=1 ok_np=1
CROPAB role=det file=皖A87BB7.jpg gt=皖A87BB7 code_cpu=皖A87BB7 code_np=皖A87BB7 agree=1 ok_cpu=1 ok_np=1
CROPAB role=det file=皖A884B0.jpg gt=皖A884B0 code_cpu=冀A884B code_np=冀A884B agree=1 ok_cpu=0 ok_np=0
CROPAB role=det file=皖A88G02.jpg gt=皖A88G02 code_cpu=苏A88G02 code_np=苏A88G02 agree=1 ok_cpu=0 ok_np=0
CROPAB role=det file=皖A88G40.jpg gt=皖A88G40 code_cpu=皖A88G40 code_np=皖A88G40 agree=1 ok_cpu=1 ok_np=1
CROPAB role=det file=皖A88J99.jpg gt=皖A88J99 code_cpu=皖A88J99 code_np=皖A88J99 agree=1 ok_cpu=1 ok_np=1
CROPAB role=det file=皖A88T24.jpg gt=皖A88T24 code_cpu=皖A88T2A code_np=皖A88T2A agree=1 ok_cpu=0 ok_np=0
CROPAB role=det file=皖A8C308.jpg gt=皖A8C308 code_cpu=皖A8C308 code_np=皖A8C308 agree=1 ok_cpu=1 ok_np=1
CROPAB role=det file=皖A8F072.jpg gt=皖A8F072 code_cpu=皖A8F07 code_np=皖A8F07 agree=1 ok_cpu=0 ok_np=0
CROPAB role=det file=皖A8F789.jpg gt=皖A8F789 code_cpu=皖A8F789 code_np=皖A8F789 agree=1 ok_cpu=1 ok_np=1
CROPAB role=det file=皖A8H128.jpg gt=皖A8H128 code_cpu=皖A8H12 code_np=皖A8H12 agree=1 ok_cpu=0 ok_np=0
CROPAB role=det file=皖A8J338.jpg gt=皖A8J338 code_cpu=皖A8J338 code_np=皖A8J338 agree=1 ok_cpu=1 ok_np=1
CROPAB role=det file=皖A8K498.jpg gt=皖A8K498 code_cpu=皖A8K49 code_np=皖A8K49 agree=1 ok_cpu=0 ok_np=0
CROPAB role=det file=皖A8M636.jpg gt=皖A8M636 code_cpu=皖A8M636 code_np=皖A8M636 agree=1 ok_cpu=1 ok_np=1
CROPAB role=det file=皖A8P171.jpg gt=皖A8P171 code_cpu=皖A8P171 code_np=皖A8P17 agree=0 ok_cpu=1 ok_np=0
CROPAB role=det file=皖A8R966.jpg gt=皖A8R966 code_cpu=皖A8R966 code_np=皖A8R966 agree=1 ok_cpu=1 ok_np=1
CROPAB role=det file=皖A8Y796.jpg gt=皖A8Y796 code_cpu=皖A8Y796 code_np=皖A8Y796 agree=1 ok_cpu=1 ok_np=1
CROPAB role=det file=皖A8Z808.jpg gt=皖A8Z808 code_cpu=皖A8Z808 code_np=皖A8Z808 agree=1 ok_cpu=1 ok_np=1
CROPAB role=det file=皖A906G2.jpg gt=皖A906G2 code_cpu=皖A906G2 code_np=京A906G2 agree=0 ok_cpu=1 ok_np=0
CROPAB role=det file=皖A908W0.jpg gt=皖A908W0 code_cpu=皖A908W0 code_np=皖A908W0 agree=1 ok_cpu=1 ok_np=1
CROPAB role=det file=皖A918P5.jpg gt=皖A918P5 code_cpu=皖A918P5 code_np=皖A918P5 agree=1 ok_cpu=1 ok_np=1
CROPAB role=det file=皖A91Y91.jpg gt=皖A91Y91 code_cpu=贵A91Y91 code_np=贵A91Y91 agree=1 ok_cpu=0 ok_np=0
CROPAB role=det file=皖A92888.jpg gt=皖A92888 code_cpu=皖A92888 code_np=皖A92888 agree=1 ok_cpu=1 ok_np=1
CROPAB role=det file=皖A933V2.jpg gt=皖A933V2 code_cpu=皖A933V2 code_np=皖A933V2 agree=1 ok_cpu=1 ok_np=1
CROPAB role=det file=皖A93AC6.jpg gt=皖A93AC6 code_cpu=皖A93AC code_np=皖A93AC agree=1 ok_cpu=0 ok_np=0
CROPAB role=det file=皖A95C01.jpg gt=皖A95C01 code_cpu=皖A95C01 code_np=皖A95C01 agree=1 ok_cpu=1 ok_np=1
CROPAB role=det file=皖A95T71.jpg gt=皖A95T71 code_cpu=皖A95T71 code_np=皖A95T71 agree=1 ok_cpu=1 ok_np=1
CROPAB role=det file=皖A96H66.jpg gt=皖A96H66 code_cpu=皖A96H6 code_np=皖A96H6 agree=1 ok_cpu=0 ok_np=0
CROPAB role=det file=皖A96N71.jpg gt=皖A96N71 code_cpu=皖A96N71 code_np=皖A96N71 agree=1 ok_cpu=1 ok_np=1
CROPAB role=det file=皖A976R2.jpg gt=皖A976R2 code_cpu=皖A976R2 code_np=皖A976R2 agree=1 ok_cpu=1 ok_np=1
CROPAB role=det file=皖A996V0.jpg gt=皖A996V0 code_cpu=皖A996V0 code_np=皖A996V0 agree=1 ok_cpu=1 ok_np=1
CROPAB role=det file=皖A99788.jpg gt=皖A99788 code_cpu=皖A99788 code_np=皖A99788 agree=1 ok_cpu=1 ok_np=1
CROPAB role=det file=皖A99804.jpg gt=皖A99804 code_cpu=皖A99804 code_np=皖A99804 agree=1 ok_cpu=1 ok_np=1
CROPAB role=det file=皖A9A693.jpg gt=皖A9A693 code_cpu=皖A9A693 code_np=皖A9A693 agree=1 ok_cpu=1 ok_np=1
CROPAB role=det file=皖A9C139.jpg gt=皖A9C139 code_cpu=皖A9C139 code_np=皖A9C139 agree=1 ok_cpu=1 ok_np=1
CROPAB role=det file=皖A9D113.jpg gt=皖A9D113 code_cpu=皖A9D113 code_np=皖A9D113 agree=1 ok_cpu=1 ok_np=1
CROPAB role=det file=皖A9H379.jpg gt=皖A9H379 code_cpu=皖A9H379 code_np=皖A9H379 agree=1 ok_cpu=1 ok_np=1
CROPAB role=det file=皖A9J079.jpg gt=皖A9J079 code_cpu=皖A9J079 code_np=皖A9J079 agree=1 ok_cpu=1 ok_np=1
CROPAB role=det file=皖A9S911.jpg gt=皖A9S911 code_cpu=苏A9S911 code_np=苏A9S911 agree=1 ok_cpu=0 ok_np=0
CROPAB role=det file=皖A9T528.jpg gt=皖A9T528 code_cpu=皖A9T528 code_np=皖A9T528 agree=1 ok_cpu=1 ok_np=1
CROPAB role=det file=皖A9U522.jpg gt=皖A9U522 code_cpu=皖A9U5 code_np=皖A9U5 agree=1 ok_cpu=0 ok_np=0
CROPAB role=det file=皖A9U577.jpg gt=皖A9U577 code_cpu=皖A9U577 code_np=皖A9U577 agree=1 ok_cpu=1 ok_np=1
CROPAB role=det file=皖A9V660.jpg gt=皖A9V660 code_cpu=皖A9V660 code_np=皖A9V660 agree=1 ok_cpu=1 ok_np=1
CROPAB role=det file=皖A9Y263.jpg gt=皖A9Y263 code_cpu=皖A9Y263 code_np=皖A9Y263 agree=1 ok_cpu=1 ok_np=1
CROPAB role=det file=皖AA017Y.jpg gt=皖AA017Y code_cpu=皖AA017Y code_np=陕AA017Y agree=0 ok_cpu=1 ok_np=0
CROPAB role=det file=皖AA097V.jpg gt=皖AA097V code_cpu=粤AA097V code_np=粤AA097V agree=1 ok_cpu=0 ok_np=0
CROPAB role=det file=皖AA1R81.jpg gt=皖AA1R81 code_cpu=苏A1R81 code_np=苏A1R81 agree=1 ok_cpu=0 ok_np=0
CROPAB role=det file=皖AA296M.jpg gt=皖AA296M code_cpu=皖AA296M code_np=皖AA296M agree=1 ok_cpu=1 ok_np=1
CROPAB role=det file=皖AA379A.jpg gt=皖AA379A code_cpu= code_np= agree=1 ok_cpu=0 ok_np=0
CROPAB role=det file=皖AA3Z73.jpg gt=皖AA3Z73 code_cpu=皖AA3Z73 code_np=苏AA3Z73 agree=0 ok_cpu=1 ok_np=0
CROPAB role=det file=皖AA4755.jpg gt=皖AA4755 code_cpu=皖AA4755 code_np=皖AA4755 agree=1 ok_cpu=1 ok_np=1
CROPAB role=det file=皖AA4790.jpg gt=皖AA4790 code_cpu=皖AA4790 code_np=皖AA4790 agree=1 ok_cpu=1 ok_np=1
CROPAB role=det file=皖AA5360.jpg gt=皖AA5360 code_cpu=皖AA5360 code_np=皖AA5360 agree=1 ok_cpu=1 ok_np=1
CROPAB role=det file=皖AA603W.jpg gt=皖AA603W code_cpu=皖AA6031 code_np=皖AA6031 agree=1 ok_cpu=0 ok_np=0
CROPAB role=det file=皖AA662G.jpg gt=皖AA662G code_cpu=皖AA662G code_np=皖AA662G agree=1 ok_cpu=1 ok_np=1
CROPAB role=det file=皖AA7117.jpg gt=皖AA7117 code_cpu=皖AA7117 code_np=皖AA7117 agree=1 ok_cpu=1 ok_np=1
CROPAB role=det file=皖AA7P77.jpg gt=皖AA7P77 code_cpu=皖AA7P77 code_np=皖AA7P77 agree=1 ok_cpu=1 ok_np=1
CROPAB role=det file=皖AA838H.jpg gt=皖AA838H code_cpu=皖AA838H code_np=皖AA838H agree=1 ok_cpu=1 ok_np=1
CROPAB role=det file=皖AA892A.jpg gt=皖AA892A code_cpu=皖AA892A code_np=皖AA892A agree=1 ok_cpu=1 ok_np=1
CROPAB role=det file=皖AA8E88.jpg gt=皖AA8E88 code_cpu=皖AA8E88 code_np=粤AA8E88 agree=0 ok_cpu=1 ok_np=0
CROPAB role=det file=皖AA8M90.jpg gt=皖AA8M90 code_cpu=皖AA8M90 code_np=皖AA8M90 agree=1 ok_cpu=1 ok_np=1
CROPAB role=det file=皖AA949M.jpg gt=皖AA949M code_cpu=皖AA949M code_np=皖AA949M agree=1 ok_cpu=1 ok_np=1
CROPAB role=det file=皖AA9Z96.jpg gt=皖AA9Z96 code_cpu=皖AA9Z96 code_np=皖AA9Z96 agree=1 ok_cpu=1 ok_np=1
CROPAB role=det file=皖AAD090.jpg gt=皖AAD090 code_cpu=皖AAD090 code_np=皖AAD090 agree=1 ok_cpu=1 ok_np=1
CROPAB role=det file=皖AAD898.jpg gt=皖AAD898 code_cpu=陕AAD898 code_np=陕AAD898 agree=1 ok_cpu=0 ok_np=0
CROPAB role=det file=皖AAE500.jpg gt=皖AAE500 code_cpu=皖AAE500 code_np=皖AAE500 agree=1 ok_cpu=1 ok_np=1
CROPAB role=det file=皖AAE630.jpg gt=皖AAE630 code_cpu=皖AAE630 code_np=皖AAE630 agree=1 ok_cpu=1 ok_np=1
CROPAB role=det file=皖AAE739.jpg gt=皖AAE739 code_cpu=皖AAE739 code_np=皖AAE739 agree=1 ok_cpu=1 ok_np=1
CROPAB role=det file=皖AAS656.jpg gt=皖AAS656 code_cpu=皖AAS656 code_np=皖AAS656 agree=1 ok_cpu=1 ok_np=1
CROPAB role=det file=皖AAU587.jpg gt=皖AAU587 code_cpu=冀AAU587 code_np=陕AAU587 agree=0 ok_cpu=0 ok_np=0
CROPAB role=det file=皖AAV358.jpg gt=皖AAV358 code_cpu=皖AAV358 code_np=皖AAV358 agree=1 ok_cpu=1 ok_np=1
CROPAB role=det file=皖AAY020.jpg gt=皖AAY020 code_cpu=皖AAY020 code_np=皖AAY020 agree=1 ok_cpu=1 ok_np=1
CROPAB role=det file=皖AAZ906.jpg gt=皖AAZ906 code_cpu=皖AAZ906 code_np=皖AAZ906 agree=1 ok_cpu=1 ok_np=1
CROPAB role=det file=皖AB003S.jpg gt=皖AB003S code_cpu=皖AB003S code_np=皖AB003S agree=1 ok_cpu=1 ok_np=1
CROPAB role=det file=皖AB0589.jpg gt=皖AB0589 code_cpu=皖AB0589 code_np=皖AB0589 agree=1 ok_cpu=1 ok_np=1
CROPAB role=det file=皖AB113D.jpg gt=皖AB113D code_cpu=皖AB113D code_np=皖AB113D agree=1 ok_cpu=1 ok_np=1
CROPAB role=det file=皖AB146Y.jpg gt=皖AB146Y code_cpu=京AB146Y code_np=京AB146Y agree=1 ok_cpu=0 ok_np=0
CROPAB role=det file=皖AB166M.jpg gt=皖AB166M code_cpu=京A8166 code_np=粤A8166 agree=0 ok_cpu=0 ok_np=0
CROPAB role=det file=皖AB1C35.jpg gt=皖AB1C35 code_cpu=皖AB1C35 code_np=皖AB1C35 agree=1 ok_cpu=1 ok_np=1
CROPAB role=det file=皖AB287L.jpg gt=皖AB287L code_cpu=皖AB287 code_np=皖AB287 agree=1 ok_cpu=0 ok_np=0
CROPAB role=det file=皖AB2A88.jpg gt=皖AB2A88 code_cpu=皖AB2A8 code_np=皖AB2A8 agree=1 ok_cpu=0 ok_np=0
CROPAB role=det file=皖AB361J.jpg gt=皖AB361J code_cpu=皖AB361 code_np=皖AB361 agree=1 ok_cpu=0 ok_np=0
CROPAB role=det file=皖AB3U58.jpg gt=皖AB3U58 code_cpu=皖AB3U58 code_np=皖AB3U58 agree=1 ok_cpu=1 ok_np=1
CROPAB role=det file=皖AB4155.jpg gt=皖AB4155 code_cpu=皖AB4155 code_np=皖AB4155 agree=1 ok_cpu=1 ok_np=1
CROPAB role=det file=皖AB6M85.jpg gt=皖AB6M85 code_cpu=皖AB6M85 code_np=皖AB6M85 agree=1 ok_cpu=1 ok_np=1
CROPAB role=det file=皖AB7182.jpg gt=皖AB7182 code_cpu=B7182 code_np=B7182 agree=1 ok_cpu=0 ok_np=0
CROPAB role=det file=皖AB766W.jpg gt=皖AB766W code_cpu=皖AB766W code_np=皖AB766W agree=1 ok_cpu=1 ok_np=1
CROPAB role=det file=皖AB7E78.jpg gt=皖AB7E78 code_cpu=皖AB7E78 code_np=皖AB7E78 agree=1 ok_cpu=1 ok_np=1
CROPAB role=det file=皖AB8778.jpg gt=皖AB8778 code_cpu=苏AB8778 code_np=苏AB8778 agree=1 ok_cpu=0 ok_np=0
CROPAB role=det file=皖AB88B8.jpg gt=皖AB88B8 code_cpu=皖AB88B8 code_np=皖AB88B8 agree=1 ok_cpu=1 ok_np=1
CROPAB role=det file=皖AB921S.jpg gt=皖AB921S code_cpu=皖AB921S code_np=皖AB921S agree=1 ok_cpu=1 ok_np=1
CROPAB role=det file=皖AB9B89.jpg gt=皖AB9B89 code_cpu=皖AB9B89 code_np=皖AB9B89 agree=1 ok_cpu=1 ok_np=1
CROPAB role=det file=皖ABA053.jpg gt=皖ABA053 code_cpu=皖ABA053 code_np=皖ABA053 agree=1 ok_cpu=1 ok_np=1
CROPAB role=det file=皖ABA749.jpg gt=皖ABA749 code_cpu=皖ABA749 code_np=皖ABA749 agree=1 ok_cpu=1 ok_np=1
CROPAB role=det file=皖ABB313.jpg gt=皖ABB313 code_cpu=皖ABB313 code_np=皖ABB313 agree=1 ok_cpu=1 ok_np=1
CROPAB role=det file=皖ABC824.jpg gt=皖ABC824 code_cpu=皖ABC824 code_np=皖ABC824 agree=1 ok_cpu=1 ok_np=1
CROPAB role=det file=皖ABH733.jpg gt=皖ABH733 code_cpu=陕ABH733 code_np=苏ABH733 agree=0 ok_cpu=0 ok_np=0
CROPAB role=det file=皖ABT787.jpg gt=皖ABT787 code_cpu=皖ABT787 code_np=皖ABT787 agree=1 ok_cpu=1 ok_np=1
CROPAB role=det file=皖ABX168.jpg gt=皖ABX168 code_cpu=皖ABX168 code_np=皖ABX168 agree=1 ok_cpu=1 ok_np=1
CROPAB role=det file=皖ABX663.jpg gt=皖ABX663 code_cpu=皖ABX662 code_np=皖ABX662 agree=1 ok_cpu=0 ok_np=0
CROPAB role=det file=皖AC037T.jpg gt=皖AC037T code_cpu=皖AC037T code_np=皖AC037T agree=1 ok_cpu=1 ok_np=1
CROPAB role=det file=皖AC1014.jpg gt=皖AC1014 code_cpu=苏AC1014 code_np=苏AC1014 agree=1 ok_cpu=0 ok_np=0
CROPAB role=det file=皖AC129B.jpg gt=皖AC129B code_cpu=皖AC129B code_np=皖AC129B agree=1 ok_cpu=1 ok_np=1
CROPAB role=det file=皖AC156M.jpg gt=皖AC156M code_cpu=皖AC156M code_np=皖AC156M agree=1 ok_cpu=1 ok_np=1
CROPAB role=det file=皖AC161T.jpg gt=皖AC161T code_cpu=皖AC161T code_np=皖AC1611 agree=0 ok_cpu=1 ok_np=0
CROPAB role=det file=皖AC1758.jpg gt=皖AC1758 code_cpu=皖AC175 code_np=皖AC175 agree=1 ok_cpu=0 ok_np=0
CROPAB role=det file=皖AC1934.jpg gt=皖AC1934 code_cpu=AC1934 code_np=AC1934 agree=1 ok_cpu=0 ok_np=0
CROPAB role=det file=皖AC1H02.jpg gt=皖AC1H02 code_cpu=皖AC1H0 code_np=皖AC1H0 agree=1 ok_cpu=0 ok_np=0
CROPAB role=det file=皖AC412Y.jpg gt=皖AC412Y code_cpu=皖AC412 code_np=皖AC412 agree=1 ok_cpu=0 ok_np=0
CROPAB role=det file=皖AC4933.jpg gt=皖AC4933 code_cpu=皖AC4933 code_np=皖AC4933 agree=1 ok_cpu=1 ok_np=1
CROPAB role=det file=皖AC554W.jpg gt=皖AC554W code_cpu=皖AC554W code_np=皖AC554W agree=1 ok_cpu=1 ok_np=1
CROPAB role=det file=皖AC585P.jpg gt=皖AC585P code_cpu=皖AC585F code_np=皖AC585F agree=1 ok_cpu=0 ok_np=0
CROPAB role=det file=皖AC593F.jpg gt=皖AC593F code_cpu=皖AC593F code_np=皖AC593F agree=1 ok_cpu=1 ok_np=1
CROPAB role=det file=皖AC622U.jpg gt=皖AC622U code_cpu=皖AC622U code_np=皖AC622U agree=1 ok_cpu=1 ok_np=1
CROPAB role=det file=皖AC696X.jpg gt=皖AC696X code_cpu=皖AC696 code_np=皖AC696 agree=1 ok_cpu=0 ok_np=0
CROPAB role=det file=皖AC6R92.jpg gt=皖AC6R92 code_cpu=皖AC6R92 code_np=皖AC6R92 agree=1 ok_cpu=1 ok_np=1
CROPAB role=det file=皖AC705T.jpg gt=皖AC705T code_cpu=C705T code_np=C705T agree=1 ok_cpu=0 ok_np=0
CROPAB role=det file=皖AC828S.jpg gt=皖AC828S code_cpu=AC828S code_np=AC828S agree=1 ok_cpu=0 ok_np=0
CROPAB role=det file=皖AC8720.jpg gt=皖AC8720 code_cpu=皖AC8720 code_np=皖AC8720 agree=1 ok_cpu=1 ok_np=1
CROPAB role=det file=皖AC8H11.jpg gt=皖AC8H11 code_cpu=皖AC8H11 code_np=皖AC8H11 agree=1 ok_cpu=1 ok_np=1
CROPAB role=det file=皖AC8J48.jpg gt=皖AC8J48 code_cpu=苏AC8J4 code_np=苏AC8J4 agree=1 ok_cpu=0 ok_np=0
CROPAB role=det file=皖AC9165.jpg gt=皖AC9165 code_cpu=皖AC9165 code_np=皖AC9165 agree=1 ok_cpu=1 ok_np=1
CROPAB role=det file=皖AC9J19.jpg gt=皖AC9J19 code_cpu=皖AC9J16 code_np=皖AC9J16 agree=1 ok_cpu=0 ok_np=0
CROPAB role=det file=皖ACA352.jpg gt=皖ACA352 code_cpu=皖ACA35 code_np=皖ACA35 agree=1 ok_cpu=0 ok_np=0
CROPAB role=det file=皖ACC220.jpg gt=皖ACC220 code_cpu=陕ACC220 code_np=陕ACC220 agree=1 ok_cpu=0 ok_np=0
CROPAB role=det file=皖ACC998.jpg gt=皖ACC998 code_cpu=皖ACC998 code_np=皖ACC998 agree=1 ok_cpu=1 ok_np=1
CROPAB role=det file=皖ACD429.jpg gt=皖ACD429 code_cpu=皖ACD429 code_np=皖ACD429 agree=1 ok_cpu=1 ok_np=1
CROPAB role=det file=皖ACD775.jpg gt=皖ACD775 code_cpu=皖ACD775 code_np=皖ACD775 agree=1 ok_cpu=1 ok_np=1
CROPAB role=det file=皖ACE543.jpg gt=皖ACE543 code_cpu=皖ACE543 code_np=皖ACE543 agree=1 ok_cpu=1 ok_np=1
CROPAB role=det file=皖ACJ779.jpg gt=皖ACJ779 code_cpu=皖ACJ779 code_np=皖ACJ779 agree=1 ok_cpu=1 ok_np=1
CROPAB role=det file=皖ACL514.jpg gt=皖ACL514 code_cpu=皖ACL514 code_np=皖ACL514 agree=1 ok_cpu=1 ok_np=1
CROPAB role=det file=皖ACY726.jpg gt=皖ACY726 code_cpu=皖ACY726 code_np=皖ACY726 agree=1 ok_cpu=1 ok_np=1
CROPAB role=det file=皖AD028K.jpg gt=皖AD028K code_cpu=皖AD028K code_np=皖AD028K agree=1 ok_cpu=1 ok_np=1
CROPAB role=det file=皖AD0D89.jpg gt=皖AD0D89 code_cpu=皖AD0D89 code_np=皖AD0D89 agree=1 ok_cpu=1 ok_np=1
CROPAB role=det file=皖AD102N.jpg gt=皖AD102N code_cpu=冀AD102N code_np=冀AD102N agree=1 ok_cpu=0 ok_np=0
CROPAB role=det file=皖AD168D.jpg gt=皖AD168D code_cpu= code_np= agree=1 ok_cpu=0 ok_np=0
CROPAB role=det file=皖AD1B19.jpg gt=皖AD1B19 code_cpu=皖AD1B19 code_np=皖AD1B16 agree=0 ok_cpu=1 ok_np=0
CROPAB role=det file=皖AD1F70.jpg gt=皖AD1F70 code_cpu=皖AD1F70 code_np=皖AD1F70 agree=1 ok_cpu=1 ok_np=1
CROPAB role=det file=皖AD1Y25.jpg gt=皖AD1Y25 code_cpu=皖AD1Y25 code_np=皖AD1Y25 agree=1 ok_cpu=1 ok_np=1
CROPAB role=det file=皖AD2Y34.jpg gt=皖AD2Y34 code_cpu=皖AD2Y3 code_np=皖AD2Y3 agree=1 ok_cpu=0 ok_np=0
CROPAB role=det file=皖AD563A.jpg gt=皖AD563A code_cpu=冀AD563A code_np=冀AD563A agree=1 ok_cpu=0 ok_np=0
CROPAB role=det file=皖AD566M.jpg gt=皖AD566M code_cpu=皖AD566M code_np=皖AD566M agree=1 ok_cpu=1 ok_np=1
CROPAB role=det file=皖AD5876.jpg gt=皖AD5876 code_cpu=皖AD5876 code_np=皖AD5876 agree=1 ok_cpu=1 ok_np=1
CROPAB role=det file=皖AD5K77.jpg gt=皖AD5K77 code_cpu=皖AD5K7 code_np=皖AD5K7 agree=1 ok_cpu=0 ok_np=0
CROPAB role=det file=皖AD673W.jpg gt=皖AD673W code_cpu=皖AD673 code_np=皖AD673 agree=1 ok_cpu=0 ok_np=0
CROPAB role=det file=皖AD702S.jpg gt=皖AD702S code_cpu=皖AD702 code_np=皖AD702 agree=1 ok_cpu=0 ok_np=0
CROPAB role=det file=皖AD713H.jpg gt=皖AD713H code_cpu=皖AD713 code_np=皖AD713 agree=1 ok_cpu=0 ok_np=0
CROPAB role=det file=皖AD782B.jpg gt=皖AD782B code_cpu=皖AD782B code_np=皖AD782B agree=1 ok_cpu=1 ok_np=1
CROPAB role=det file=皖AD9G33.jpg gt=皖AD9G33 code_cpu=皖AD9G33 code_np=皖AD9G33 agree=1 ok_cpu=1 ok_np=1
CROPAB role=det file=皖AD9L71.jpg gt=皖AD9L71 code_cpu=皖AD9L71 code_np=皖AD9L71 agree=1 ok_cpu=1 ok_np=1
CROPAB role=det file=皖ADA772.jpg gt=皖ADA772 code_cpu=皖ADA772 code_np=皖ADA772 agree=1 ok_cpu=1 ok_np=1
CROPAB role=det file=皖ADB207.jpg gt=皖ADB207 code_cpu=皖ADB207 code_np=皖ADB207 agree=1 ok_cpu=1 ok_np=1
CROPAB role=det file=皖ADE178.jpg gt=皖ADE178 code_cpu=皖ADE17 code_np=皖ADE17 agree=1 ok_cpu=0 ok_np=0
CROPAB role=det file=皖ADE783.jpg gt=皖ADE783 code_cpu=皖A0E783 code_np=皖A0E783 agree=1 ok_cpu=0 ok_np=0
CROPAB role=det file=皖ADF654.jpg gt=皖ADF654 code_cpu=皖ADF654 code_np=皖ADF654 agree=1 ok_cpu=1 ok_np=1
CROPAB role=det file=皖ADF829.jpg gt=皖ADF829 code_cpu=皖ADF82 code_np=皖ADF82 agree=1 ok_cpu=0 ok_np=0
CROPAB role=det file=皖ADH644.jpg gt=皖ADH644 code_cpu=皖ADH644 code_np=皖ADH644 agree=1 ok_cpu=1 ok_np=1
CROPAB role=det file=皖ADT338.jpg gt=皖ADT338 code_cpu=皖ADT338 code_np=皖ADT338 agree=1 ok_cpu=1 ok_np=1
CROPAB role=det file=皖ADU223.jpg gt=皖ADU223 code_cpu=皖ADU223 code_np=皖ADU223 agree=1 ok_cpu=1 ok_np=1
CROPAB role=det file=皖ADU427.jpg gt=皖ADU427 code_cpu=皖ADU42 code_np=皖ADU42 agree=1 ok_cpu=0 ok_np=0
CROPAB role=det file=皖ADX089.jpg gt=皖ADX089 code_cpu=皖ADX089 code_np=皖ADX089 agree=1 ok_cpu=1 ok_np=1
CROPAB role=det file=皖AE035E.jpg gt=皖AE035E code_cpu=皖AE035 code_np=皖AE035 agree=1 ok_cpu=0 ok_np=0
CROPAB role=det file=皖AE1Z11.jpg gt=皖AE1Z11 code_cpu=皖AE1Z11 code_np=皖AE1Z11 agree=1 ok_cpu=1 ok_np=1
CROPAB role=det file=皖AE2027.jpg gt=皖AE2027 code_cpu=沪AE2027 code_np=沪AE2027 agree=1 ok_cpu=0 ok_np=0
CROPAB role=det file=皖AE2471.jpg gt=皖AE2471 code_cpu=皖AE2471 code_np=皖AE2471 agree=1 ok_cpu=1 ok_np=1
CROPAB role=det file=皖AE877C.jpg gt=皖AE877C code_cpu=皖AE877C code_np=皖AE877C agree=1 ok_cpu=1 ok_np=1
CROPAB role=det file=皖AE920X.jpg gt=皖AE920X code_cpu=皖AE920X code_np=皖AE920X agree=1 ok_cpu=1 ok_np=1
CROPAB role=det file=皖AE955B.jpg gt=皖AE955B code_cpu=粤AE955 code_np=粤AE955 agree=1 ok_cpu=0 ok_np=0
CROPAB role=det file=皖AE9639.jpg gt=皖AE9639 code_cpu=皖AE9639 code_np=皖AE9639 agree=1 ok_cpu=1 ok_np=1
CROPAB role=det file=皖AED178.jpg gt=皖AED178 code_cpu=皖AED178 code_np=皖AED178 agree=1 ok_cpu=1 ok_np=1
CROPAB role=det file=皖AEE227.jpg gt=皖AEE227 code_cpu= code_np= agree=1 ok_cpu=0 ok_np=0
CROPAB role=det file=皖AEL010.jpg gt=皖AEL010 code_cpu=冀AEL010 code_np=冀AEL010 agree=1 ok_cpu=0 ok_np=0
CROPAB role=det file=皖AEM251.jpg gt=皖AEM251 code_cpu=皖AEM251 code_np=皖AEM251 agree=1 ok_cpu=1 ok_np=1
CROPAB role=det file=皖AER805.jpg gt=皖AER805 code_cpu=皖AER80 code_np=皖AER80 agree=1 ok_cpu=0 ok_np=0
CROPAB role=det file=皖AEU096.jpg gt=皖AEU096 code_cpu=EU096 code_np=EU096 agree=1 ok_cpu=0 ok_np=0
CROPAB role=det file=皖AEZ833.jpg gt=皖AEZ833 code_cpu=陕AEZ833 code_np=陕AEZ833 agree=1 ok_cpu=0 ok_np=0
CROPAB role=det file=皖AF0B19.jpg gt=皖AF0B19 code_cpu=皖AF0B19 code_np=皖AF0B19 agree=1 ok_cpu=1 ok_np=1
CROPAB role=det file=皖AF0R83.jpg gt=皖AF0R83 code_cpu=皖AF0R83 code_np=皖AF0R83 agree=1 ok_cpu=1 ok_np=1
CROPAB role=det file=皖AF156X.jpg gt=皖AF156X code_cpu=AF156X code_np=AF156X agree=1 ok_cpu=0 ok_np=0
CROPAB role=det file=皖AF2444.jpg gt=皖AF2444 code_cpu=皖AF2444 code_np=皖AF2444 agree=1 ok_cpu=1 ok_np=1
CROPAB role=det file=皖AF3L16.jpg gt=皖AF3L16 code_cpu=皖AF3L16 code_np=皖AF3L16 agree=1 ok_cpu=1 ok_np=1
CROPAB role=det file=皖AF4549.jpg gt=皖AF4549 code_cpu=皖AF454 code_np=皖AF454 agree=1 ok_cpu=0 ok_np=0
CROPAB role=det file=皖AF5126.jpg gt=皖AF5126 code_cpu=皖AF5126 code_np=皖AF5126 agree=1 ok_cpu=1 ok_np=1
CROPAB role=det file=皖AF513U.jpg gt=皖AF513U code_cpu= code_np= agree=1 ok_cpu=0 ok_np=0
CROPAB role=det file=皖AF5G96.jpg gt=皖AF5G96 code_cpu=皖AF5G96 code_np=皖AF5G96 agree=1 ok_cpu=1 ok_np=1
CROPAB role=det file=皖AF638X.jpg gt=皖AF638X code_cpu=皖AF638 code_np=皖AF638 agree=1 ok_cpu=0 ok_np=0
CROPAB role=det file=皖AF6X22.jpg gt=皖AF6X22 code_cpu=皖AF6X22 code_np=皖AF6X22 agree=1 ok_cpu=1 ok_np=1
CROPAB role=det file=皖AF776P.jpg gt=皖AF776P code_cpu=皖AF776F code_np=皖AF776F agree=1 ok_cpu=0 ok_np=0
CROPAB role=det file=皖AF7777.jpg gt=皖AF7777 code_cpu=皖AF7777 code_np=皖AF7777 agree=1 ok_cpu=1 ok_np=1
CROPAB role=det file=皖AF7J56.jpg gt=皖AF7J56 code_cpu=皖AF7J56 code_np=皖AF7J56 agree=1 ok_cpu=1 ok_np=1
CROPAB role=det file=皖AF823X.jpg gt=皖AF823X code_cpu=陕AF823Y code_np=陕AF823Y agree=1 ok_cpu=0 ok_np=0
CROPAB role=det file=皖AF829K.jpg gt=皖AF829K code_cpu=皖AF829V code_np=皖AF829V agree=1 ok_cpu=0 ok_np=0
CROPAB role=det file=皖AF8381.jpg gt=皖AF8381 code_cpu=皖AF8381 code_np=皖AF838 agree=0 ok_cpu=1 ok_np=0
CROPAB role=det file=皖AF8E56.jpg gt=皖AF8E56 code_cpu=皖AF8E56 code_np=陕AF8E56 agree=0 ok_cpu=1 ok_np=0
CROPAB role=det file=皖AF9F65.jpg gt=皖AF9F65 code_cpu= code_np= agree=1 ok_cpu=0 ok_np=0
CROPAB role=det file=皖AFC554.jpg gt=皖AFC554 code_cpu=皖AFC554 code_np=皖AFC554 agree=1 ok_cpu=1 ok_np=1
CROPAB role=det file=皖AFC859.jpg gt=皖AFC859 code_cpu=皖AFC859 code_np=皖AFC859 agree=1 ok_cpu=1 ok_np=1
CROPAB role=det file=皖AFJ151.jpg gt=皖AFJ151 code_cpu=皖AFJ151 code_np=皖AFJ151 agree=1 ok_cpu=1 ok_np=1
CROPAB role=det file=皖AFL637.jpg gt=皖AFL637 code_cpu=皖AFL637 code_np=皖AFL637 agree=1 ok_cpu=1 ok_np=1
CROPAB role=det file=皖AFM517.jpg gt=皖AFM517 code_cpu=皖AFM51 code_np=皖AFM51 agree=1 ok_cpu=0 ok_np=0
CROPAB role=det file=皖AFM554.jpg gt=皖AFM554 code_cpu=皖AFM55 code_np=皖AFM55 agree=1 ok_cpu=0 ok_np=0
CROPAB role=det file=皖AFQ601.jpg gt=皖AFQ601 code_cpu=皖AFQ601 code_np=皖AFQ601 agree=1 ok_cpu=1 ok_np=1
CROPAB role=det file=皖AFX871.jpg gt=皖AFX871 code_cpu=皖AFX871 code_np=皖AFX871 agree=1 ok_cpu=1 ok_np=1
CROPAB role=det file=皖AFZ315.jpg gt=皖AFZ315 code_cpu=皖AFZ315 code_np=皖AFZ315 agree=1 ok_cpu=1 ok_np=1
CROPAB role=det file=皖AG0055.jpg gt=皖AG0055 code_cpu=G0055 code_np=G0055 agree=1 ok_cpu=0 ok_np=0
CROPAB role=det file=皖AG017H.jpg gt=皖AG017H code_cpu=皖AG017 code_np=皖AG017 agree=1 ok_cpu=0 ok_np=0
CROPAB role=det file=皖AG089K.jpg gt=皖AG089K code_cpu=皖AG089K code_np=皖AG089K agree=1 ok_cpu=1 ok_np=1
CROPAB role=det file=皖AG0D55.jpg gt=皖AG0D55 code_cpu=G0D55 code_np=G0D55 agree=1 ok_cpu=0 ok_np=0
CROPAB role=det file=皖AG2Y57.jpg gt=皖AG2Y57 code_cpu=皖AG2Y57 code_np=皖AG2Y57 agree=1 ok_cpu=1 ok_np=1
CROPAB role=det file=皖AG3513.jpg gt=皖AG3513 code_cpu=皖AG351 code_np=皖AG351 agree=1 ok_cpu=0 ok_np=0
CROPAB role=det file=皖AG382X.jpg gt=皖AG382X code_cpu=皖AG382X code_np=皖AG382X agree=1 ok_cpu=1 ok_np=1
CROPAB role=det file=皖AG420L.jpg gt=皖AG420L code_cpu=皖AG420 code_np=皖AG420 agree=1 ok_cpu=0 ok_np=0
CROPAB role=det file=皖AG4449.jpg gt=皖AG4449 code_cpu=皖AG4449 code_np=皖AG444 agree=0 ok_cpu=1 ok_np=0
CROPAB role=det file=皖AG550Z.jpg gt=皖AG550Z code_cpu=皖AG550Z code_np=皖AG550Z agree=1 ok_cpu=1 ok_np=1
CROPAB role=det file=皖AG609W.jpg gt=皖AG609W code_cpu=皖AG609W code_np=皖AG609W agree=1 ok_cpu=1 ok_np=1
CROPAB role=det file=皖AG620H.jpg gt=皖AG620H code_cpu=皖AG620 code_np=皖AG620 agree=1 ok_cpu=0 ok_np=0
CROPAB role=det file=皖AG6525.jpg gt=皖AG6525 code_cpu=皖AG6525 code_np=皖AG6525 agree=1 ok_cpu=1 ok_np=1
CROPAB role=det file=皖AG6L37.jpg gt=皖AG6L37 code_cpu=皖AG6L code_np=皖AG6L agree=1 ok_cpu=0 ok_np=0
CROPAB role=det file=皖AG7D17.jpg gt=皖AG7D17 code_cpu=皖AG7D17 code_np=皖AG7D17 agree=1 ok_cpu=1 ok_np=1
CROPAB role=det file=皖AG8T60.jpg gt=皖AG8T60 code_cpu=皖AG8T66 code_np=皖AG8T66 agree=1 ok_cpu=0 ok_np=0
CROPAB role=det file=皖AG9C26.jpg gt=皖AG9C26 code_cpu=皖AG9C26 code_np=皖AG9C26 agree=1 ok_cpu=1 ok_np=1
CROPAB role=det file=皖AGA100.jpg gt=皖AGA100 code_cpu=GA100 code_np=GA100 agree=1 ok_cpu=0 ok_np=0
CROPAB role=det file=皖AGG131.jpg gt=皖AGG131 code_cpu=皖AGG13 code_np=皖AGG13 agree=1 ok_cpu=0 ok_np=0
CROPAB role=det file=皖AGG417.jpg gt=皖AGG417 code_cpu=皖AGG41 code_np=皖AGG41 agree=1 ok_cpu=0 ok_np=0
CROPAB role=det file=皖AGG512.jpg gt=皖AGG512 code_cpu=皖AGG51 code_np=皖AGG51 agree=1 ok_cpu=0 ok_np=0
CROPAB role=det file=皖AGH510.jpg gt=皖AGH510 code_cpu=皖AGH510 code_np=皖AGH510 agree=1 ok_cpu=1 ok_np=1
CROPAB role=det file=皖AGK272.jpg gt=皖AGK272 code_cpu=皖AGK272 code_np=皖AGK272 agree=1 ok_cpu=1 ok_np=1
CROPAB role=det file=皖AGS006.jpg gt=皖AGS006 code_cpu=皖AGS00 code_np=皖AGS00 agree=1 ok_cpu=0 ok_np=0
CROPAB role=det file=皖AGS527.jpg gt=皖AGS527 code_cpu=皖AGS52 code_np=皖AGS52 agree=1 ok_cpu=0 ok_np=0
CROPAB role=det file=皖AGX988.jpg gt=皖AGX988 code_cpu=皖AGX988 code_np=皖AGX988 agree=1 ok_cpu=1 ok_np=1
CROPAB role=det file=皖AH030P.jpg gt=皖AH030P code_cpu=AH030P code_np=AH030P agree=1 ok_cpu=0 ok_np=0
CROPAB role=det file=皖AH0M53.jpg gt=皖AH0M53 code_cpu=皖AH0M53 code_np=皖AH0M53 agree=1 ok_cpu=1 ok_np=1
CROPAB role=det file=皖AH0V77.jpg gt=皖AH0V77 code_cpu=皖AH0V77 code_np=皖AH0V77 agree=1 ok_cpu=1 ok_np=1
CROPAB role=det file=皖AH0V90.jpg gt=皖AH0V90 code_cpu=皖AH0V90 code_np=皖AH0V90 agree=1 ok_cpu=1 ok_np=1
CROPAB role=det file=皖AH128K.jpg gt=皖AH128K code_cpu=皖AH128V code_np=沪AH128K agree=0 ok_cpu=0 ok_np=0
CROPAB role=det file=皖AH171E.jpg gt=皖AH171E code_cpu=皖AH171E code_np=皖AH171E agree=1 ok_cpu=1 ok_np=1
CROPAB role=det file=皖AH351K.jpg gt=皖AH351K code_cpu=皖AH351W code_np=皖AH351W agree=1 ok_cpu=0 ok_np=0
CROPAB role=det file=皖AH3T20.jpg gt=皖AH3T20 code_cpu=皖AH3T20 code_np=皖AH3T20 agree=1 ok_cpu=1 ok_np=1
CROPAB role=det file=皖AH3W69.jpg gt=皖AH3W69 code_cpu= code_np= agree=1 ok_cpu=0 ok_np=0
CROPAB role=det file=皖AH5X09.jpg gt=皖AH5X09 code_cpu=皖AH5X09 code_np=皖AH5X09 agree=1 ok_cpu=1 ok_np=1
CROPAB role=det file=皖AH625K.jpg gt=皖AH625K code_cpu=皖AH625 code_np=皖AH625 agree=1 ok_cpu=0 ok_np=0
CROPAB role=det file=皖AH6362.jpg gt=皖AH6362 code_cpu=皖AH6362 code_np=皖AH6362 agree=1 ok_cpu=1 ok_np=1
CROPAB role=det file=皖AH6X77.jpg gt=皖AH6X77 code_cpu=皖AH6X7 code_np=皖AH6X7 agree=1 ok_cpu=0 ok_np=0
CROPAB role=det file=皖AH712N.jpg gt=皖AH712N code_cpu=皖AH712 code_np=皖AH712 agree=1 ok_cpu=0 ok_np=0
CROPAB role=det file=皖AH7869.jpg gt=皖AH7869 code_cpu=皖AH7869 code_np=皖AH7869 agree=1 ok_cpu=1 ok_np=1
CROPAB role=det file=皖AH7F99.jpg gt=皖AH7F99 code_cpu=皖AH7F99 code_np=皖AH7F99 agree=1 ok_cpu=1 ok_np=1
CROPAB role=det file=皖AH858R.jpg gt=皖AH858R code_cpu=皖AH858R code_np=皖AH858R agree=1 ok_cpu=1 ok_np=1
CROPAB role=det file=皖AH8642.jpg gt=皖AH8642 code_cpu=皖AH8642 code_np=皖AH8642 agree=1 ok_cpu=1 ok_np=1
CROPAB role=det file=皖AH886C.jpg gt=皖AH886C code_cpu=粤AH886C code_np=粤AH886C agree=1 ok_cpu=0 ok_np=0
CROPAB role=det file=皖AH8C18.jpg gt=皖AH8C18 code_cpu=皖AH8C18 code_np=皖AH8C18 agree=1 ok_cpu=1 ok_np=1
CROPAB role=det file=皖AH921A.jpg gt=皖AH921A code_cpu=皖AH921A code_np=皖AH921A agree=1 ok_cpu=1 ok_np=1
CROPAB role=det file=皖AH926B.jpg gt=皖AH926B code_cpu=皖AH926B code_np=皖AH926B agree=1 ok_cpu=1 ok_np=1
CROPAB role=det file=皖AHB011.jpg gt=皖AHB011 code_cpu=贵AHB011 code_np=贵AHB011 agree=1 ok_cpu=0 ok_np=0
CROPAB role=det file=皖AHB399.jpg gt=皖AHB399 code_cpu=陕AHB399 code_np=陕AHB399 agree=1 ok_cpu=0 ok_np=0
CROPAB role=det file=皖AHF524.jpg gt=皖AHF524 code_cpu=皖AHF524 code_np=皖AHF524 agree=1 ok_cpu=1 ok_np=1
CROPAB role=det file=皖AHG124.jpg gt=皖AHG124 code_cpu=皖AHG124 code_np=皖AHG124 agree=1 ok_cpu=1 ok_np=1
CROPAB role=det file=皖AHG892.jpg gt=皖AHG892 code_cpu=皖AHG89 code_np=皖AHG89 agree=1 ok_cpu=0 ok_np=0
CROPAB role=det file=皖AHM553.jpg gt=皖AHM553 code_cpu=皖AHM55 code_np=皖AHM55 agree=1 ok_cpu=0 ok_np=0
CROPAB role=det file=皖AHN713.jpg gt=皖AHN713 code_cpu= code_np= agree=1 ok_cpu=0 ok_np=0
CROPAB role=det file=皖AHP279.jpg gt=皖AHP279 code_cpu=皖AHP279 code_np=皖AHP279 agree=1 ok_cpu=1 ok_np=1
CROPAB role=det file=皖AHQ831.jpg gt=皖AHQ831 code_cpu=苏AHQ831 code_np=苏AHQ831 agree=1 ok_cpu=0 ok_np=0
CROPAB role=det file=皖AHS813.jpg gt=皖AHS813 code_cpu=皖AHS813 code_np=苏AHS813 agree=0 ok_cpu=1 ok_np=0
CROPAB role=det file=皖AHT229.jpg gt=皖AHT229 code_cpu=皖AHT229 code_np=皖AHT229 agree=1 ok_cpu=1 ok_np=1
CROPAB role=det file=皖AHW956.jpg gt=皖AHW956 code_cpu= code_np= agree=1 ok_cpu=0 ok_np=0
CROPAB role=det file=皖AHX502.jpg gt=皖AHX502 code_cpu=皖AHX502 code_np=皖AHX50 agree=0 ok_cpu=1 ok_np=0
CROPAB role=det file=皖AHX511.jpg gt=皖AHX511 code_cpu=AHX5111 code_np=AHX5111 agree=1 ok_cpu=0 ok_np=0
CROPAB role=det file=皖AHX974.jpg gt=皖AHX974 code_cpu=皖AHX974 code_np=皖AHX974 agree=1 ok_cpu=1 ok_np=1
CROPAB role=det file=皖AJ055A.jpg gt=皖AJ055A code_cpu=皖AJ055A code_np=皖AJ055A agree=1 ok_cpu=1 ok_np=1
CROPAB role=det file=皖AJ0J22.jpg gt=皖AJ0J22 code_cpu= code_np= agree=1 ok_cpu=0 ok_np=0
CROPAB role=det file=皖AJ0K77.jpg gt=皖AJ0K77 code_cpu=皖AJ0K77 code_np=皖AJ0K77 agree=1 ok_cpu=1 ok_np=1
CROPAB role=det file=皖AJ1M10.jpg gt=皖AJ1M10 code_cpu=冀AJ1M10 code_np=冀AJ1M10 agree=1 ok_cpu=0 ok_np=0
CROPAB role=det file=皖AJ201U.jpg gt=皖AJ201U code_cpu=皖AJ201U code_np=皖AJ201 agree=0 ok_cpu=1 ok_np=0
CROPAB role=det file=皖AJ285U.jpg gt=皖AJ285U code_cpu= code_np= agree=1 ok_cpu=0 ok_np=0
CROPAB role=det file=皖AJ2Z23.jpg gt=皖AJ2Z23 code_cpu=皖AJ2Z23 code_np=皖AJ2Z23 agree=1 ok_cpu=1 ok_np=1
CROPAB role=det file=皖AJ328G.jpg gt=皖AJ328G code_cpu=皖AJ328G code_np=皖AJ328G agree=1 ok_cpu=1 ok_np=1
CROPAB role=det file=皖AJ596Y.jpg gt=皖AJ596Y code_cpu=苏AJ596Y code_np=苏AJ596Y agree=1 ok_cpu=0 ok_np=0
CROPAB role=det file=皖AJ604M.jpg gt=皖AJ604M code_cpu=皖AJ604 code_np=皖AJ604 agree=1 ok_cpu=0 ok_np=0
CROPAB role=det file=皖AJ646D.jpg gt=皖AJ646D code_cpu=皖AJ646 code_np=皖AJ646 agree=1 ok_cpu=0 ok_np=0
CROPAB role=det file=皖AJ660Z.jpg gt=皖AJ660Z code_cpu=皖AJ660 code_np=皖AJ660 agree=1 ok_cpu=0 ok_np=0
CROPAB role=det file=皖AJ661S.jpg gt=皖AJ661S code_cpu=皖AJ661 code_np=皖AJ661 agree=1 ok_cpu=0 ok_np=0
CROPAB role=det file=皖AJ6D89.jpg gt=皖AJ6D89 code_cpu=皖AJ6D89 code_np=皖AJ6D89 agree=1 ok_cpu=1 ok_np=1
CROPAB role=det file=皖AJ6L58.jpg gt=皖AJ6L58 code_cpu=皖AJ6L58 code_np=皖AJ6L58 agree=1 ok_cpu=1 ok_np=1
CROPAB role=det file=皖AJ7642.jpg gt=皖AJ7642 code_cpu=皖AJ7642 code_np=皖AJ7642 agree=1 ok_cpu=1 ok_np=1
CROPAB role=det file=皖AJ831R.jpg gt=皖AJ831R code_cpu=J831R code_np=J831R agree=1 ok_cpu=0 ok_np=0
CROPAB role=det file=皖AJ832X.jpg gt=皖AJ832X code_cpu=皖AJ832X code_np=皖AJ832X agree=1 ok_cpu=1 ok_np=1
CROPAB role=det file=皖AJ8F18.jpg gt=皖AJ8F18 code_cpu=皖AJ8F18 code_np=皖AJ8F18 agree=1 ok_cpu=1 ok_np=1
CROPAB role=det file=皖AJ932K.jpg gt=皖AJ932K code_cpu= code_np= agree=1 ok_cpu=0 ok_np=0
CROPAB role=det file=皖AJ9565.jpg gt=皖AJ9565 code_cpu=皖AJ9565 code_np=皖AJ9565 agree=1 ok_cpu=1 ok_np=1
CROPAB role=det file=皖AJ998V.jpg gt=皖AJ998V code_cpu=皖AJ998V code_np=皖AJ998V agree=1 ok_cpu=1 ok_np=1
CROPAB role=det file=皖AJK896.jpg gt=皖AJK896 code_cpu=苏AJK896 code_np=苏AJK896 agree=1 ok_cpu=0 ok_np=0
CROPAB role=det file=皖AJL844.jpg gt=皖AJL844 code_cpu=陕AJL844 code_np=陕AJL844 agree=1 ok_cpu=0 ok_np=0
CROPAB role=det file=皖AJM571.jpg gt=皖AJM571 code_cpu=沪AJM571 code_np=沪AJM571 agree=1 ok_cpu=0 ok_np=0
CROPAB role=det file=皖AJQ716.jpg gt=皖AJQ716 code_cpu=皖AJQ716 code_np=皖AJQ716 agree=1 ok_cpu=1 ok_np=1
CROPAB role=det file=皖AJU215.jpg gt=皖AJU215 code_cpu=冀AJU215 code_np=冀AJU215 agree=1 ok_cpu=0 ok_np=0
CROPAB role=det file=皖AJU922.jpg gt=皖AJU922 code_cpu=冀AJU922 code_np=粤AJU922 agree=0 ok_cpu=0 ok_np=0
CROPAB role=det file=皖AJV196.jpg gt=皖AJV196 code_cpu= code_np= agree=1 ok_cpu=0 ok_np=0
CROPAB role=det file=皖AJV866.jpg gt=皖AJV866 code_cpu=AJV866 code_np=AJV866 agree=1 ok_cpu=0 ok_np=0
CROPAB role=det file=皖AJW700.jpg gt=皖AJW700 code_cpu=皖AJW700 code_np=皖AJW700 agree=1 ok_cpu=1 ok_np=1
CROPAB role=det file=皖AJW781.jpg gt=皖AJW781 code_cpu=苏AJW781 code_np=苏AJW781 agree=1 ok_cpu=0 ok_np=0
CROPAB role=det file=皖AJX809.jpg gt=皖AJX809 code_cpu=皖AJX809 code_np=皖AJX809 agree=1 ok_cpu=1 ok_np=1
CROPAB role=det file=皖AJY444.jpg gt=皖AJY444 code_cpu=陕AJY444 code_np=陕AJY444 agree=1 ok_cpu=0 ok_np=0
CROPAB role=det file=皖AJY782.jpg gt=皖AJY782 code_cpu=皖AJY782 code_np=皖AJY782 agree=1 ok_cpu=1 ok_np=1
CROPAB role=det file=皖AK2A68.jpg gt=皖AK2A68 code_cpu=皖AK2A68 code_np=皖AK2A68 agree=1 ok_cpu=1 ok_np=1
CROPAB role=det file=皖AK383K.jpg gt=皖AK383K code_cpu=皖AK383 code_np=皖AK383 agree=1 ok_cpu=0 ok_np=0
CROPAB role=det file=皖AK5D11.jpg gt=皖AK5D11 code_cpu=K5D11 code_np=K5D11 agree=1 ok_cpu=0 ok_np=0
CROPAB role=det file=皖AK663T.jpg gt=皖AK663T code_cpu=皖AK6631 code_np=皖AK6631 agree=1 ok_cpu=0 ok_np=0
CROPAB role=det file=皖AK700C.jpg gt=皖AK700C code_cpu=皖AK7000 code_np=皖AK7000 agree=1 ok_cpu=0 ok_np=0
CROPAB role=det file=皖AK9559.jpg gt=皖AK9559 code_cpu=皖AK9559 code_np=皖AK9559 agree=1 ok_cpu=1 ok_np=1
CROPAB role=det file=皖AK977F.jpg gt=皖AK977F code_cpu=皖AK977F code_np=皖AK977F agree=1 ok_cpu=1 ok_np=1
CROPAB role=det file=皖AK9Y10.jpg gt=皖AK9Y10 code_cpu=皖AK9Y10 code_np=皖AK9Y10 agree=1 ok_cpu=1 ok_np=1
CROPAB role=det file=皖AKA355.jpg gt=皖AKA355 code_cpu=皖AKA35 code_np=皖AKA35 agree=1 ok_cpu=0 ok_np=0
CROPAB role=det file=皖AKB071.jpg gt=皖AKB071 code_cpu=皖AKB071 code_np=皖AKB071 agree=1 ok_cpu=1 ok_np=1
CROPAB role=det file=皖AKG821.jpg gt=皖AKG821 code_cpu=皖AKG821 code_np=皖AKG821 agree=1 ok_cpu=1 ok_np=1
CROPAB role=det file=皖AKK123.jpg gt=皖AKK123 code_cpu= code_np= agree=1 ok_cpu=0 ok_np=0
CROPAB role=det file=皖AKL773.jpg gt=皖AKL773 code_cpu=皖AKL773 code_np=蒙AKL773 agree=0 ok_cpu=1 ok_np=0
CROPAB role=det file=皖AKM185.jpg gt=皖AKM185 code_cpu=皖AKM185 code_np=皖AKM185 agree=1 ok_cpu=1 ok_np=1
CROPAB role=det file=皖AKS111.jpg gt=皖AKS111 code_cpu=皖AKS11 code_np=皖AKS11 agree=1 ok_cpu=0 ok_np=0
CROPAB role=det file=皖AKS189.jpg gt=皖AKS189 code_cpu=皖AKS189 code_np=皖AKS189 agree=1 ok_cpu=1 ok_np=1
CROPAB role=det file=皖AKV216.jpg gt=皖AKV216 code_cpu=皖AKV216 code_np=皖AKV216 agree=1 ok_cpu=1 ok_np=1
CROPAB role=det file=皖AKW105.jpg gt=皖AKW105 code_cpu=陕AKW10 code_np=赣AKW10 agree=0 ok_cpu=0 ok_np=0
CROPAB role=det file=皖AKX258.jpg gt=皖AKX258 code_cpu=皖AKX258 code_np=皖AKX258 agree=1 ok_cpu=1 ok_np=1
CROPAB role=det file=皖AL114J.jpg gt=皖AL114J code_cpu=皖AL114J code_np=皖AL114J agree=1 ok_cpu=1 ok_np=1
CROPAB role=det file=皖AL136E.jpg gt=皖AL136E code_cpu= code_np= agree=1 ok_cpu=0 ok_np=0
CROPAB role=det file=皖AL193R.jpg gt=皖AL193R code_cpu= code_np= agree=1 ok_cpu=0 ok_np=0
CROPAB role=det file=皖AL197N.jpg gt=皖AL197N code_cpu=皖AL1977 code_np=皖AL1977 agree=1 ok_cpu=0 ok_np=0
CROPAB role=det file=皖AL1R08.jpg gt=皖AL1R08 code_cpu=粤AL1R08 code_np=粤AL1R08 agree=1 ok_cpu=0 ok_np=0
CROPAB role=det file=皖AL1T85.jpg gt=皖AL1T85 code_cpu=皖AL1T85 code_np=皖AL1T85 agree=1 ok_cpu=1 ok_np=1
CROPAB role=det file=皖AL1U05.jpg gt=皖AL1U05 code_cpu=皖AL1U05 code_np=皖AL1U05 agree=1 ok_cpu=1 ok_np=1
CROPAB role=det file=皖AL376F.jpg gt=皖AL376F code_cpu=皖AL376F code_np=皖AL376F agree=1 ok_cpu=1 ok_np=1
CROPAB role=det file=皖AL392W.jpg gt=皖AL392W code_cpu=皖AL392W code_np=皖AL392W agree=1 ok_cpu=1 ok_np=1
CROPAB role=det file=皖AL509L.jpg gt=皖AL509L code_cpu=粤AL509L code_np=粤AL509L agree=1 ok_cpu=0 ok_np=0
CROPAB role=det file=皖AL515L.jpg gt=皖AL515L code_cpu=皖AL515L code_np=皖AL515L agree=1 ok_cpu=1 ok_np=1
CROPAB role=det file=皖AL5W29.jpg gt=皖AL5W29 code_cpu= code_np= agree=1 ok_cpu=0 ok_np=0
CROPAB role=det file=皖AL6011.jpg gt=皖AL6011 code_cpu=皖AL601 code_np=皖AL601 agree=1 ok_cpu=0 ok_np=0
CROPAB role=det file=皖AL606G.jpg gt=皖AL606G code_cpu=皖AL606G code_np=皖AL606G agree=1 ok_cpu=1 ok_np=1
CROPAB role=det file=皖AL6J20.jpg gt=皖AL6J20 code_cpu=皖AL6J2 code_np=皖AL6J2 agree=1 ok_cpu=0 ok_np=0
CROPAB role=det file=皖AL6J36.jpg gt=皖AL6J36 code_cpu=皖AL6J36 code_np=皖AL6J36 agree=1 ok_cpu=1 ok_np=1
CROPAB role=det file=皖AL6K66.jpg gt=皖AL6K66 code_cpu=皖AL6K66 code_np=皖AL6K66 agree=1 ok_cpu=1 ok_np=1
CROPAB role=det file=皖AL6W26.jpg gt=皖AL6W26 code_cpu=皖AL6W26 code_np=皖AL6W26 agree=1 ok_cpu=1 ok_np=1
CROPAB role=det file=皖AL7F88.jpg gt=皖AL7F88 code_cpu=皖AL7F88 code_np=皖AL7F88 agree=1 ok_cpu=1 ok_np=1
CROPAB role=det file=皖AL8068.jpg gt=皖AL8068 code_cpu=皖AL8068 code_np=皖AL8068 agree=1 ok_cpu=1 ok_np=1
CROPAB role=det file=皖AL820L.jpg gt=皖AL820L code_cpu=皖AL820 code_np=皖AL820 agree=1 ok_cpu=0 ok_np=0
CROPAB role=det file=皖AL8Y77.jpg gt=皖AL8Y77 code_cpu=皖AL8Y77 code_np=皖AL8Y77 agree=1 ok_cpu=1 ok_np=1
CROPAB role=det file=皖AL9335.jpg gt=皖AL9335 code_cpu=冀AL9335 code_np=冀AL9335 agree=1 ok_cpu=0 ok_np=0
CROPAB role=det file=皖AL9L09.jpg gt=皖AL9L09 code_cpu=皖AL9L09 code_np=皖AL9L09 agree=1 ok_cpu=1 ok_np=1
CROPAB role=det file=皖AL9N01.jpg gt=皖AL9N01 code_cpu=京AL9N01 code_np=京AL9N01 agree=1 ok_cpu=0 ok_np=0
CROPAB role=det file=皖ALB152.jpg gt=皖ALB152 code_cpu=皖ALB15 code_np=皖ALB15 agree=1 ok_cpu=0 ok_np=0
CROPAB role=det file=皖ALB155.jpg gt=皖ALB155 code_cpu=皖ALB155 code_np=皖ALB155 agree=1 ok_cpu=1 ok_np=1
CROPAB role=det file=皖ALD252.jpg gt=皖ALD252 code_cpu=皖ALD252 code_np=皖ALD252 agree=1 ok_cpu=1 ok_np=1
CROPAB role=det file=皖ALD962.jpg gt=皖ALD962 code_cpu=皖ALD962 code_np=皖ALD962 agree=1 ok_cpu=1 ok_np=1
CROPAB role=det file=皖ALG516.jpg gt=皖ALG516 code_cpu=皖ALG516 code_np=皖ALG516 agree=1 ok_cpu=1 ok_np=1
CROPAB role=det file=皖ALJ620.jpg gt=皖ALJ620 code_cpu=皖ALJ620 code_np=陕ALJ620 agree=0 ok_cpu=1 ok_np=0
CROPAB role=det file=皖ALK110.jpg gt=皖ALK110 code_cpu=皖ALK110 code_np=皖ALK110 agree=1 ok_cpu=1 ok_np=1
CROPAB role=det file=皖ALL597.jpg gt=皖ALL597 code_cpu=皖ALL597 code_np=皖ALL597 agree=1 ok_cpu=1 ok_np=1
CROPAB role=det file=皖ALN856.jpg gt=皖ALN856 code_cpu=ALN856 code_np=ALN856 agree=1 ok_cpu=0 ok_np=0
CROPAB role=det file=皖ALP957.jpg gt=皖ALP957 code_cpu=皖ALP957 code_np=皖ALP957 agree=1 ok_cpu=1 ok_np=1
CROPAB role=det file=皖ALR022.jpg gt=皖ALR022 code_cpu=皖ALR022 code_np=皖ALR022 agree=1 ok_cpu=1 ok_np=1
CROPAB role=det file=皖ALV548.jpg gt=皖ALV548 code_cpu=皖ALV548 code_np=皖ALV548 agree=1 ok_cpu=1 ok_np=1
CROPAB role=det file=皖ALW489.jpg gt=皖ALW489 code_cpu=皖ALW48 code_np=皖ALW48 agree=1 ok_cpu=0 ok_np=0
CROPAB role=det file=皖ALW592.jpg gt=皖ALW592 code_cpu=ALW592 code_np=ALW592 agree=1 ok_cpu=0 ok_np=0
CROPAB role=det file=皖ALX985.jpg gt=皖ALX985 code_cpu=皖ALX985 code_np=皖ALX985 agree=1 ok_cpu=1 ok_np=1
CROPAB role=det file=皖ALZ682.jpg gt=皖ALZ682 code_cpu= code_np= agree=1 ok_cpu=0 ok_np=0
CROPAB role=det file=皖AM150X.jpg gt=皖AM150X code_cpu=皖AM150 code_np=皖AM150 agree=1 ok_cpu=0 ok_np=0
CROPAB role=det file=皖AM190J.jpg gt=皖AM190J code_cpu= code_np= agree=1 ok_cpu=0 ok_np=0
CROPAB role=det file=皖AM2214.jpg gt=皖AM2214 code_cpu=皖AM2214 code_np=皖AM2214 agree=1 ok_cpu=1 ok_np=1
CROPAB role=det file=皖AM336V.jpg gt=皖AM336V code_cpu=沪AM336V code_np=沪AM336V agree=1 ok_cpu=0 ok_np=0
CROPAB role=det file=皖AM516P.jpg gt=皖AM516P code_cpu=皖AM516 code_np=皖AM516 agree=1 ok_cpu=0 ok_np=0
CROPAB role=det file=皖AM526Y.jpg gt=皖AM526Y code_cpu=冀AM526Y code_np=冀AM526Y agree=1 ok_cpu=0 ok_np=0
CROPAB role=det file=皖AM5913.jpg gt=皖AM5913 code_cpu=皖AM5913 code_np=皖AM5913 agree=1 ok_cpu=1 ok_np=1
CROPAB role=det file=皖AM5A17.jpg gt=皖AM5A17 code_cpu=皖AM5A17 code_np=皖AM5A17 agree=1 ok_cpu=1 ok_np=1
CROPAB role=det file=皖AM6H76.jpg gt=皖AM6H76 code_cpu=皖AM6H7 code_np=皖AM6H7 agree=1 ok_cpu=0 ok_np=0
CROPAB role=det file=皖AM7000.jpg gt=皖AM7000 code_cpu=皖AM7000 code_np=皖AM7000 agree=1 ok_cpu=1 ok_np=1
CROPAB role=det file=皖AM700E.jpg gt=皖AM700E code_cpu=皖AM700E code_np=皖AM700F agree=0 ok_cpu=1 ok_np=0
CROPAB role=det file=皖AM7704.jpg gt=皖AM7704 code_cpu=皖AM7702 code_np=皖AM7702 agree=1 ok_cpu=0 ok_np=0
CROPAB role=det file=皖AM7977.jpg gt=皖AM7977 code_cpu=皖AM7977 code_np=皖AM7977 agree=1 ok_cpu=1 ok_np=1
CROPAB role=det file=皖AM7H30.jpg gt=皖AM7H30 code_cpu=皖AM7H30 code_np=皖AM7H30 agree=1 ok_cpu=1 ok_np=1
CROPAB role=det file=皖AM925Y.jpg gt=皖AM925Y code_cpu=皖AM925Y code_np=皖AM925Y agree=1 ok_cpu=1 ok_np=1
CROPAB role=det file=皖AM987F.jpg gt=皖AM987F code_cpu=皖AM987F code_np=皖AM987F agree=1 ok_cpu=1 ok_np=1
CROPAB role=det file=皖AMC406.jpg gt=皖AMC406 code_cpu=皖AMC40 code_np=皖AMC406 agree=0 ok_cpu=0 ok_np=1
CROPAB role=det file=皖AMC588.jpg gt=皖AMC588 code_cpu=皖AMC588 code_np=皖AMC588 agree=1 ok_cpu=1 ok_np=1
CROPAB role=det file=皖AME066.jpg gt=皖AME066 code_cpu=皖AME066 code_np=皖AME066 agree=1 ok_cpu=1 ok_np=1
CROPAB role=det file=皖AMW385.jpg gt=皖AMW385 code_cpu=皖AMW385 code_np=皖AMW385 agree=1 ok_cpu=1 ok_np=1
CROPAB role=det file=皖AMX412.jpg gt=皖AMX412 code_cpu=皖AMX412 code_np=皖AMX412 agree=1 ok_cpu=1 ok_np=1
CROPAB role=det file=皖AMY556.jpg gt=皖AMY556 code_cpu=皖AMY55 code_np=皖AMY55 agree=1 ok_cpu=0 ok_np=0
CROPAB role=det file=皖AMZ210.jpg gt=皖AMZ210 code_cpu=皖AM7Z210 code_np=皖AM7Z210 agree=1 ok_cpu=0 ok_np=0
CROPAB role=det file=皖AN1336.jpg gt=皖AN1336 code_cpu=皖AN1336 code_np=皖AN1336 agree=1 ok_cpu=1 ok_np=1
CROPAB role=det file=皖AN225F.jpg gt=皖AN225F code_cpu=皖AN225F code_np=皖AN225F agree=1 ok_cpu=1 ok_np=1
CROPAB role=det file=皖AN3593.jpg gt=皖AN3593 code_cpu=皖AN3593 code_np=皖AN3593 agree=1 ok_cpu=1 ok_np=1
CROPAB role=det file=皖AN5735.jpg gt=皖AN5735 code_cpu=皖AN5735 code_np=皖AN5735 agree=1 ok_cpu=1 ok_np=1
CROPAB role=det file=皖AN679S.jpg gt=皖AN679S code_cpu=皖AN679 code_np=皖AN679 agree=1 ok_cpu=0 ok_np=0
CROPAB role=det file=皖AN887C.jpg gt=皖AN887C code_cpu=皖AN887C code_np=皖AN887C agree=1 ok_cpu=1 ok_np=1
CROPAB role=det file=皖AN8V79.jpg gt=皖AN8V79 code_cpu=皖AN8V79 code_np=皖AN8V79 agree=1 ok_cpu=1 ok_np=1
CROPAB role=det file=皖AND915.jpg gt=皖AND915 code_cpu=皖AND915 code_np=皖AND915 agree=1 ok_cpu=1 ok_np=1
CROPAB role=det file=皖ANF408.jpg gt=皖ANF408 code_cpu=皖ANF408 code_np=皖ANF408 agree=1 ok_cpu=1 ok_np=1
CROPAB role=det file=皖ANF978.jpg gt=皖ANF978 code_cpu=皖ANF978 code_np=皖ANF978 agree=1 ok_cpu=1 ok_np=1
CROPAB role=det file=皖ANL781.jpg gt=皖ANL781 code_cpu=冀ANL781 code_np=冀ANL781 agree=1 ok_cpu=0 ok_np=0
CROPAB role=det file=皖ANL839.jpg gt=皖ANL839 code_cpu=陕ANL839 code_np=陕ANL839 agree=1 ok_cpu=0 ok_np=0
CROPAB role=det file=皖ANM719.jpg gt=皖ANM719 code_cpu=皖ANM719 code_np=皖ANM719 agree=1 ok_cpu=1 ok_np=1
CROPAB role=det file=皖ANP523.jpg gt=皖ANP523 code_cpu=皖ANP523 code_np=皖ANP523 agree=1 ok_cpu=1 ok_np=1
CROPAB role=det file=皖ANP552.jpg gt=皖ANP552 code_cpu=皖ANP552 code_np=皖ANP552 agree=1 ok_cpu=1 ok_np=1
CROPAB role=det file=皖ANT201.jpg gt=皖ANT201 code_cpu=皖ANT201 code_np=皖ANT201 agree=1 ok_cpu=1 ok_np=1
CROPAB role=det file=皖ANU719.jpg gt=皖ANU719 code_cpu=粤ANU719 code_np=粤ANU719 agree=1 ok_cpu=0 ok_np=0
CROPAB role=det file=皖ANW105.jpg gt=皖ANW105 code_cpu=皖ANW105 code_np=皖ANW105 agree=1 ok_cpu=1 ok_np=1
CROPAB role=det file=皖AP008T.jpg gt=皖AP008T code_cpu=皖AP008T code_np=皖AP008T agree=1 ok_cpu=1 ok_np=1
CROPAB role=det file=皖AP099X.jpg gt=皖AP099X code_cpu=AP099X code_np=AP099X agree=1 ok_cpu=0 ok_np=0
CROPAB role=det file=皖AP198F.jpg gt=皖AP198F code_cpu=粤AP198F code_np=粤AP198F agree=1 ok_cpu=0 ok_np=0
CROPAB role=det file=皖AP201A.jpg gt=皖AP201A code_cpu=皖AP201 code_np=皖AP201 agree=1 ok_cpu=0 ok_np=0
CROPAB role=det file=皖AP2307.jpg gt=皖AP2307 code_cpu=AP2307 code_np=AP2307 agree=1 ok_cpu=0 ok_np=0
CROPAB role=det file=皖AP2W77.jpg gt=皖AP2W77 code_cpu=皖AP2W7 code_np=皖AP2W7 agree=1 ok_cpu=0 ok_np=0
CROPAB role=det file=皖AP3037.jpg gt=皖AP3037 code_cpu=皖AP3037 code_np=皖AP3037 agree=1 ok_cpu=1 ok_np=1
CROPAB role=det file=皖AP3063.jpg gt=皖AP3063 code_cpu=皖AP3063 code_np=皖AP3063 agree=1 ok_cpu=1 ok_np=1
CROPAB role=det file=皖AP486Y.jpg gt=皖AP486Y code_cpu=皖AP486Y code_np=皖AP486Y agree=1 ok_cpu=1 ok_np=1
CROPAB role=det file=皖AP5459.jpg gt=皖AP5459 code_cpu=皖AP545 code_np=皖AP545 agree=1 ok_cpu=0 ok_np=0
CROPAB role=det file=皖AP6496.jpg gt=皖AP6496 code_cpu=皖AP649 code_np=皖AP649 agree=1 ok_cpu=0 ok_np=0
CROPAB role=det file=皖AP666P.jpg gt=皖AP666P code_cpu=湘AR6668 code_np=粤AR666P agree=0 ok_cpu=0 ok_np=0
CROPAB role=det file=皖AP700J.jpg gt=皖AP700J code_cpu=皖AP700 code_np=皖AP700 agree=1 ok_cpu=0 ok_np=0
CROPAB role=det file=皖AP723P.jpg gt=皖AP723P code_cpu=皖AP723F code_np=皖AP723 agree=0 ok_cpu=0 ok_np=0
CROPAB role=det file=皖AP777B.jpg gt=皖AP777B code_cpu=皖AP777B code_np=皖AP777B agree=1 ok_cpu=1 ok_np=1
CROPAB role=det file=皖AP8950.jpg gt=皖AP8950 code_cpu=粤AP8950 code_np=粤AP8950 agree=1 ok_cpu=0 ok_np=0
CROPAB role=det file=皖AP901Y.jpg gt=皖AP901Y code_cpu=皖AP901Y code_np=皖AP901Y agree=1 ok_cpu=1 ok_np=1
CROPAB role=det file=皖AP9802.jpg gt=皖AP9802 code_cpu=皖AP9802 code_np=皖AP9802 agree=1 ok_cpu=1 ok_np=1
CROPAB role=det file=皖AP9824.jpg gt=皖AP9824 code_cpu=皖AP9824 code_np=皖AP9824 agree=1 ok_cpu=1 ok_np=1
CROPAB role=det file=皖AP9L66.jpg gt=皖AP9L66 code_cpu=P9L66 code_np=P9L66 agree=1 ok_cpu=0 ok_np=0
CROPAB role=det file=皖APA883.jpg gt=皖APA883 code_cpu=皖APA883 code_np=皖APA883 agree=1 ok_cpu=1 ok_np=1
CROPAB role=det file=皖APD865.jpg gt=皖APD865 code_cpu=皖APD865 code_np=皖APD865 agree=1 ok_cpu=1 ok_np=1
CROPAB role=det file=皖APM618.jpg gt=皖APM618 code_cpu= code_np= agree=1 ok_cpu=0 ok_np=0
CROPAB role=det file=皖APN959.jpg gt=皖APN959 code_cpu=皖APN959 code_np=皖APN959 agree=1 ok_cpu=1 ok_np=1
CROPAB role=det file=皖APR948.jpg gt=皖APR948 code_cpu=皖APR948 code_np=皖APR948 agree=1 ok_cpu=1 ok_np=1
CROPAB role=det file=皖APV591.jpg gt=皖APV591 code_cpu=皖APV591 code_np=皖APV591 agree=1 ok_cpu=1 ok_np=1
CROPAB role=det file=皖APZ686.jpg gt=皖APZ686 code_cpu=皖APZ686 code_np=皖APZ686 agree=1 ok_cpu=1 ok_np=1
CROPAB role=det file=皖AQ2378.jpg gt=皖AQ2378 code_cpu=皖AQ2378 code_np=皖AQ2378 agree=1 ok_cpu=1 ok_np=1
CROPAB role=det file=皖AQ5355.jpg gt=皖AQ5355 code_cpu=皖AQ5355 code_np=皖AQ5355 agree=1 ok_cpu=1 ok_np=1
CROPAB role=det file=皖AQ8512.jpg gt=皖AQ8512 code_cpu=皖AQ851 code_np=皖AQ851 agree=1 ok_cpu=0 ok_np=0
CROPAB role=det file=皖AQF320.jpg gt=皖AQF320 code_cpu=皖AQF32 code_np=皖AQF32 agree=1 ok_cpu=0 ok_np=0
CROPAB role=det file=皖AQF776.jpg gt=皖AQF776 code_cpu=皖AQF776 code_np=皖AQF776 agree=1 ok_cpu=1 ok_np=1
CROPAB role=det file=皖AQG909.jpg gt=皖AQG909 code_cpu=皖AQG909 code_np=皖AQG909 agree=1 ok_cpu=1 ok_np=1
CROPAB role=det file=皖AQK728.jpg gt=皖AQK728 code_cpu=苏AQK728 code_np=苏AQK728 agree=1 ok_cpu=0 ok_np=0
CROPAB role=det file=皖AQP112.jpg gt=皖AQP112 code_cpu=皖AQP112 code_np=皖AQP112 agree=1 ok_cpu=1 ok_np=1
CROPAB role=det file=皖AQQ677.jpg gt=皖AQQ677 code_cpu=皖AQQ67 code_np=皖AQQ67 agree=1 ok_cpu=0 ok_np=0
CROPAB role=det file=皖AR4764.jpg gt=皖AR4764 code_cpu=皖AR476 code_np=皖AR476 agree=1 ok_cpu=0 ok_np=0
CROPAB role=det file=皖AR5065.jpg gt=皖AR5065 code_cpu=皖AR5065 code_np=皖AR5065 agree=1 ok_cpu=1 ok_np=1
CROPAB role=det file=皖AR556D.jpg gt=皖AR556D code_cpu=皖AR556D code_np=皖AR556D agree=1 ok_cpu=1 ok_np=1
CROPAB role=det file=皖AR562Y.jpg gt=皖AR562Y code_cpu=皖AR562Y code_np=皖AR562Y agree=1 ok_cpu=1 ok_np=1
CROPAB role=det file=皖AR5752.jpg gt=皖AR5752 code_cpu=皖AR5752 code_np=皖AR5752 agree=1 ok_cpu=1 ok_np=1
CROPAB role=det file=皖AR578L.jpg gt=皖AR578L code_cpu=皖AR578L code_np=皖AR578L agree=1 ok_cpu=1 ok_np=1
CROPAB role=det file=皖AR5J25.jpg gt=皖AR5J25 code_cpu=皖AR5J25 code_np=皖AR5J25 agree=1 ok_cpu=1 ok_np=1
CROPAB role=det file=皖AR5L78.jpg gt=皖AR5L78 code_cpu= code_np= agree=1 ok_cpu=0 ok_np=0
CROPAB role=det file=皖AR6236.jpg gt=皖AR6236 code_cpu=皖AR6236 code_np=皖AR6236 agree=1 ok_cpu=1 ok_np=1
CROPAB role=det file=皖AR6898.jpg gt=皖AR6898 code_cpu=皖AR6898 code_np=皖AR6898 agree=1 ok_cpu=1 ok_np=1
CROPAB role=det file=皖AR690K.jpg gt=皖AR690K code_cpu=皖AR690 code_np=皖AR69Q agree=0 ok_cpu=0 ok_np=0
CROPAB role=det file=皖AR6J13.jpg gt=皖AR6J13 code_cpu=皖AR6J1 code_np=皖AR6J1 agree=1 ok_cpu=0 ok_np=0
CROPAB role=det file=皖AR8X99.jpg gt=皖AR8X99 code_cpu=粤AR8X99 code_np=粤AR8X99 agree=1 ok_cpu=0 ok_np=0
CROPAB role=det file=皖ARC155.jpg gt=皖ARC155 code_cpu=皖ARC15 code_np=皖ARC15 agree=1 ok_cpu=0 ok_np=0
CROPAB role=det file=皖ARD739.jpg gt=皖ARD739 code_cpu=皖ARD739 code_np=皖ARD739 agree=1 ok_cpu=1 ok_np=1
CROPAB role=det file=皖ARK558.jpg gt=皖ARK558 code_cpu=皖ARK558 code_np=皖ARK558 agree=1 ok_cpu=1 ok_np=1
CROPAB role=det file=皖ARN868.jpg gt=皖ARN868 code_cpu=皖ARN868 code_np=皖ARN868 agree=1 ok_cpu=1 ok_np=1
CROPAB role=det file=皖ARR067.jpg gt=皖ARR067 code_cpu=皖ARR067 code_np=皖ARR067 agree=1 ok_cpu=1 ok_np=1
CROPAB role=det file=皖ARV192.jpg gt=皖ARV192 code_cpu=皖ARV192 code_np=皖ARV192 agree=1 ok_cpu=1 ok_np=1
CROPAB role=det file=皖ARW936.jpg gt=皖ARW936 code_cpu=皖ARW936 code_np=皖ARW936 agree=1 ok_cpu=1 ok_np=1
CROPAB role=det file=皖AS0303.jpg gt=皖AS0303 code_cpu=皖AS0303 code_np=皖AS0303 agree=1 ok_cpu=1 ok_np=1
CROPAB role=det file=皖AS058A.jpg gt=皖AS058A code_cpu=皖AS058A code_np=皖AS058A agree=1 ok_cpu=1 ok_np=1
CROPAB role=det file=皖AS065M.jpg gt=皖AS065M code_cpu=S065M code_np= agree=0 ok_cpu=0 ok_np=0
CROPAB role=det file=皖AS0825.jpg gt=皖AS0825 code_cpu=皖AS0825 code_np=皖AS0825 agree=1 ok_cpu=1 ok_np=1
CROPAB role=det file=皖AS133R.jpg gt=皖AS133R code_cpu=京AS133R code_np=AS133R agree=0 ok_cpu=0 ok_np=0
CROPAB role=det file=皖AS1985.jpg gt=皖AS1985 code_cpu=皖AS1985 code_np=皖AS1985 agree=1 ok_cpu=1 ok_np=1
CROPAB role=det file=皖AS1Y03.jpg gt=皖AS1Y03 code_cpu=皖AS1Y03 code_np=皖AS1Y03 agree=1 ok_cpu=1 ok_np=1
CROPAB role=det file=皖AS2145.jpg gt=皖AS2145 code_cpu=皖AS2145 code_np=皖AS2145 agree=1 ok_cpu=1 ok_np=1
CROPAB role=det file=皖AS2256.jpg gt=皖AS2256 code_cpu=陕AS2256 code_np=皖AS2256 agree=0 ok_cpu=0 ok_np=1
CROPAB role=det file=皖AS371Z.jpg gt=皖AS371Z code_cpu= code_np= agree=1 ok_cpu=0 ok_np=0
CROPAB role=det file=皖AS3K69.jpg gt=皖AS3K69 code_cpu=皖AS3K69 code_np=皖AS3K69 agree=1 ok_cpu=1 ok_np=1
CROPAB role=det file=皖AS4502.jpg gt=皖AS4502 code_cpu= code_np= agree=1 ok_cpu=0 ok_np=0
CROPAB role=det file=皖AS4Z80.jpg gt=皖AS4Z80 code_cpu=皖AS4Z80 code_np=皖AS4Z80 agree=1 ok_cpu=1 ok_np=1
CROPAB role=det file=皖AS522L.jpg gt=皖AS522L code_cpu=皖AS522 code_np=皖AS522 agree=1 ok_cpu=0 ok_np=0
CROPAB role=det file=皖AS6W73.jpg gt=皖AS6W73 code_cpu=皖AS6W73 code_np=皖AS6W73 agree=1 ok_cpu=1 ok_np=1
CROPAB role=det file=皖AS6X81.jpg gt=皖AS6X81 code_cpu= code_np= agree=1 ok_cpu=0 ok_np=0
CROPAB role=det file=皖AS7E15.jpg gt=皖AS7E15 code_cpu=皖AS7E1 code_np=皖AS7E1 agree=1 ok_cpu=0 ok_np=0
CROPAB role=det file=皖AS7F77.jpg gt=皖AS7F77 code_cpu=皖AS7F77 code_np=皖AS7F77 agree=1 ok_cpu=1 ok_np=1
CROPAB role=det file=皖AS7G30.jpg gt=皖AS7G30 code_cpu=皖AS7G30 code_np=皖AS7G30 agree=1 ok_cpu=1 ok_np=1
CROPAB role=det file=皖AS7P15.jpg gt=皖AS7P15 code_cpu=皖AS7P1 code_np=皖AS7P1 agree=1 ok_cpu=0 ok_np=0
CROPAB role=det file=皖AS836Z.jpg gt=皖AS836Z code_cpu=苏AS836Z code_np=苏AS836Z agree=1 ok_cpu=0 ok_np=0
CROPAB role=det file=皖AS896V.jpg gt=皖AS896V code_cpu=皖AS896V code_np=皖AS896V agree=1 ok_cpu=1 ok_np=1
CROPAB role=det file=皖AS897E.jpg gt=皖AS897E code_cpu=皖AS897E code_np=皖AS897E agree=1 ok_cpu=1 ok_np=1
CROPAB role=det file=皖AS8L21.jpg gt=皖AS8L21 code_cpu=皖AS8L2 code_np=皖AS8L2 agree=1 ok_cpu=0 ok_np=0
CROPAB role=det file=皖AS9006.jpg gt=皖AS9006 code_cpu=皖AS9006 code_np=皖AS9006 agree=1 ok_cpu=1 ok_np=1
CROPAB role=det file=皖AS9957.jpg gt=皖AS9957 code_cpu=皖AS9957 code_np=皖AS9957 agree=1 ok_cpu=1 ok_np=1
CROPAB role=det file=皖ASE186.jpg gt=皖ASE186 code_cpu=皖ASE186 code_np=皖ASE186 agree=1 ok_cpu=1 ok_np=1
CROPAB role=det file=皖ASF682.jpg gt=皖ASF682 code_cpu=皖ASF682 code_np=皖ASF682 agree=1 ok_cpu=1 ok_np=1
CROPAB role=det file=皖ASH615.jpg gt=皖ASH615 code_cpu=皖ASH615 code_np=皖ASH615 agree=1 ok_cpu=1 ok_np=1
CROPAB role=det file=皖ASJ346.jpg gt=皖ASJ346 code_cpu=皖ASJ346 code_np=ASJ346 agree=0 ok_cpu=1 ok_np=0
CROPAB role=det file=皖ASL612.jpg gt=皖ASL612 code_cpu=皖ASL612 code_np=皖ASL612 agree=1 ok_cpu=1 ok_np=1
CROPAB role=det file=皖ASR727.jpg gt=皖ASR727 code_cpu=皖ASR727 code_np=皖ASR727 agree=1 ok_cpu=1 ok_np=1
CROPAB role=det file=皖ASS375.jpg gt=皖ASS375 code_cpu=皖ASS375 code_np=皖ASS375 agree=1 ok_cpu=1 ok_np=1
CROPAB role=det file=皖ASS990.jpg gt=皖ASS990 code_cpu=皖ASS996 code_np=皖ASS996 agree=1 ok_cpu=0 ok_np=0
CROPAB role=det file=皖ASU978.jpg gt=皖ASU978 code_cpu=皖ASU978 code_np=皖ASU978 agree=1 ok_cpu=1 ok_np=1
CROPAB role=det file=皖ASZ180.jpg gt=皖ASZ180 code_cpu=皖ASZ180 code_np=冀ASZ180 agree=0 ok_cpu=1 ok_np=0
CROPAB role=det file=皖ASZ600.jpg gt=皖ASZ600 code_cpu=皖ASZ60 code_np=皖ASZ60 agree=1 ok_cpu=0 ok_np=0
CROPAB role=det file=皖AT0D33.jpg gt=皖AT0D33 code_cpu=皖AT0D33 code_np=皖AT0D33 agree=1 ok_cpu=1 ok_np=1
CROPAB role=det file=皖AT0T85.jpg gt=皖AT0T85 code_cpu=皖AT0T85 code_np=皖AT0T85 agree=1 ok_cpu=1 ok_np=1
CROPAB role=det file=皖AT152M.jpg gt=皖AT152M code_cpu=粤AT152M code_np=粤AT152M agree=1 ok_cpu=0 ok_np=0
CROPAB role=det file=皖AT1L05.jpg gt=皖AT1L05 code_cpu=皖AT1L0 code_np=皖AT1L0 agree=1 ok_cpu=0 ok_np=0
CROPAB role=det file=皖AT2419.jpg gt=皖AT2419 code_cpu=皖AT2419 code_np=皖AT2419 agree=1 ok_cpu=1 ok_np=1
CROPAB role=det file=皖AT582T.jpg gt=皖AT582T code_cpu=皖AT582T code_np=皖AT582T agree=1 ok_cpu=1 ok_np=1
CROPAB role=det file=皖AT5Y25.jpg gt=皖AT5Y25 code_cpu=皖AT5Y2 code_np=皖AT5Y2 agree=1 ok_cpu=0 ok_np=0
CROPAB role=det file=皖AT5Y57.jpg gt=皖AT5Y57 code_cpu=皖AT5Y57 code_np=皖AT5Y57 agree=1 ok_cpu=1 ok_np=1
CROPAB role=det file=皖AT667N.jpg gt=皖AT667N code_cpu=皖AT667N code_np=皖AT667N agree=1 ok_cpu=1 ok_np=1
CROPAB role=det file=皖AT721J.jpg gt=皖AT721J code_cpu=皖AT721 code_np=皖AT721 agree=1 ok_cpu=0 ok_np=0
CROPAB role=det file=皖AT7T56.jpg gt=皖AT7T56 code_cpu=粤AT7T56 code_np=粤AT7T56 agree=1 ok_cpu=0 ok_np=0
CROPAB role=det file=皖AT813C.jpg gt=皖AT813C code_cpu= code_np= agree=1 ok_cpu=0 ok_np=0
CROPAB role=det file=皖ATB916.jpg gt=皖ATB916 code_cpu=皖ATB916 code_np=皖ATB916 agree=1 ok_cpu=1 ok_np=1
CROPAB role=det file=皖ATC890.jpg gt=皖ATC890 code_cpu=皖ATC890 code_np=皖ATC890 agree=1 ok_cpu=1 ok_np=1
CROPAB role=det file=皖ATG611.jpg gt=皖ATG611 code_cpu=皖ATG611 code_np=皖ATG611 agree=1 ok_cpu=1 ok_np=1
CROPAB role=det file=皖ATG730.jpg gt=皖ATG730 code_cpu=皖ATG730 code_np=皖ATG730 agree=1 ok_cpu=1 ok_np=1
CROPAB role=det file=皖ATL587.jpg gt=皖ATL587 code_cpu=皖ATL58 code_np=皖ATL58 agree=1 ok_cpu=0 ok_np=0
CROPAB role=det file=皖ATM455.jpg gt=皖ATM455 code_cpu=皖ATM455 code_np=皖ATM455 agree=1 ok_cpu=1 ok_np=1
CROPAB role=det file=皖ATN006.jpg gt=皖ATN006 code_cpu=粤ATN006 code_np=粤ATN006 agree=1 ok_cpu=0 ok_np=0
CROPAB role=det file=皖ATP208.jpg gt=皖ATP208 code_cpu=皖ATP208 code_np=皖ATP208 agree=1 ok_cpu=1 ok_np=1
CROPAB role=det file=皖ATQ828.jpg gt=皖ATQ828 code_cpu=皖ATQ828 code_np=皖ATQ828 agree=1 ok_cpu=1 ok_np=1
CROPAB role=det file=皖ATT493.jpg gt=皖ATT493 code_cpu=皖ATT493 code_np=皖ATT493 agree=1 ok_cpu=1 ok_np=1
CROPAB role=det file=皖ATU196.jpg gt=皖ATU196 code_cpu=皖ATU196 code_np=皖ATU196 agree=1 ok_cpu=1 ok_np=1
CROPAB role=det file=皖ATW219.jpg gt=皖ATW219 code_cpu=皖ATW219 code_np=皖ATW219 agree=1 ok_cpu=1 ok_np=1
CROPAB role=det file=皖AU369X.jpg gt=皖AU369X code_cpu=陕AU369X code_np=陕AU369X agree=1 ok_cpu=0 ok_np=0
CROPAB role=det file=皖AU3942.jpg gt=皖AU3942 code_cpu=皖AU3942 code_np=皖AU3942 agree=1 ok_cpu=1 ok_np=1
CROPAB role=det file=皖AU509X.jpg gt=皖AU509X code_cpu=皖AU509X code_np=皖AU509X agree=1 ok_cpu=1 ok_np=1
CROPAB role=det file=皖AU833R.jpg gt=皖AU833R code_cpu=皖AU833R code_np=皖AU833R agree=1 ok_cpu=1 ok_np=1
CROPAB role=det file=皖AU860J.jpg gt=皖AU860J code_cpu=皖AU860 code_np=皖AU860 agree=1 ok_cpu=0 ok_np=0
CROPAB role=det file=皖AU869H.jpg gt=皖AU869H code_cpu=皖AU869H code_np=皖AU869H agree=1 ok_cpu=1 ok_np=1
CROPAB role=det file=皖AU915H.jpg gt=皖AU915H code_cpu=皖AU915H code_np=皖AU915H agree=1 ok_cpu=1 ok_np=1
CROPAB role=det file=皖AU993G.jpg gt=皖AU993G code_cpu=皖AU993 code_np=皖AU993 agree=1 ok_cpu=0 ok_np=0
CROPAB role=det file=皖AUJ299.jpg gt=皖AUJ299 code_cpu=皖AUJ299 code_np=皖AUJ299 agree=1 ok_cpu=1 ok_np=1
CROPAB role=det file=皖AUM581.jpg gt=皖AUM581 code_cpu=皖AUM581 code_np=皖AUM581 agree=1 ok_cpu=1 ok_np=1
CROPAB role=det file=皖AUS029.jpg gt=皖AUS029 code_cpu=皖AUS02 code_np=皖AUS02 agree=1 ok_cpu=0 ok_np=0
CROPAB role=det file=皖AUS087.jpg gt=皖AUS087 code_cpu=皖AUS087 code_np=皖AUS087 agree=1 ok_cpu=1 ok_np=1
CROPAB role=det file=皖AUS393.jpg gt=皖AUS393 code_cpu= code_np= agree=1 ok_cpu=0 ok_np=0
CROPAB role=det file=皖AUS995.jpg gt=皖AUS995 code_cpu=皖AUS995 code_np=皖AUS995 agree=1 ok_cpu=1 ok_np=1
CROPAB role=det file=皖AUU185.jpg gt=皖AUU185 code_cpu=闽AUU185 code_np=闽AUU185 agree=1 ok_cpu=0 ok_np=0
CROPAB role=det file=皖AUW302.jpg gt=皖AUW302 code_cpu=皖AUW302 code_np=皖AUW302 agree=1 ok_cpu=1 ok_np=1
CROPAB role=det file=皖AV0213.jpg gt=皖AV0213 code_cpu=皖AV0213 code_np=皖AV0213 agree=1 ok_cpu=1 ok_np=1
CROPAB role=det file=皖AV2Z86.jpg gt=皖AV2Z86 code_cpu=皖AV2Z8 code_np=皖AV2Z8 agree=1 ok_cpu=0 ok_np=0
CROPAB role=det file=皖AV321W.jpg gt=皖AV321W code_cpu=皖AV321W code_np=皖AV321W agree=1 ok_cpu=1 ok_np=1
CROPAB role=det file=皖AV3M16.jpg gt=皖AV3M16 code_cpu=皖AV3M16 code_np=皖AV3M16 agree=1 ok_cpu=1 ok_np=1
CROPAB role=det file=皖AV6323.jpg gt=皖AV6323 code_cpu=皖AV632 code_np=皖AV632 agree=1 ok_cpu=0 ok_np=0
CROPAB role=det file=皖AV683V.jpg gt=皖AV683V code_cpu=皖AV683 code_np=皖AV683 agree=1 ok_cpu=0 ok_np=0
CROPAB role=det file=皖AV6T88.jpg gt=皖AV6T88 code_cpu=皖AV6T88 code_np=皖AV6T88 agree=1 ok_cpu=1 ok_np=1
CROPAB role=det file=皖AV720Z.jpg gt=皖AV720Z code_cpu=皖AV7202 code_np=皖AV720 agree=0 ok_cpu=0 ok_np=0
CROPAB role=det file=皖AV7840.jpg gt=皖AV7840 code_cpu=皖AV78A0 code_np=皖AV78A0 agree=1 ok_cpu=0 ok_np=0
CROPAB role=det file=皖AV8G96.jpg gt=皖AV8G96 code_cpu=皖AV8G96 code_np=皖AV8G96 agree=1 ok_cpu=1 ok_np=1
CROPAB role=det file=皖AV9A26.jpg gt=皖AV9A26 code_cpu=皖AV9A26 code_np=皖AV9A26 agree=1 ok_cpu=1 ok_np=1
CROPAB role=det file=皖AV9G58.jpg gt=皖AV9G58 code_cpu=皖AV9G58 code_np=皖AV9G58 agree=1 ok_cpu=1 ok_np=1
CROPAB role=det file=皖AVC195.jpg gt=皖AVC195 code_cpu=皖AVC195 code_np=皖AVC195 agree=1 ok_cpu=1 ok_np=1
CROPAB role=det file=皖AVF029.jpg gt=皖AVF029 code_cpu=皖AVF029 code_np=皖AVF029 agree=1 ok_cpu=1 ok_np=1
CROPAB role=det file=皖AVH276.jpg gt=皖AVH276 code_cpu=陕AVH276 code_np=陕AVH276 agree=1 ok_cpu=0 ok_np=0
CROPAB role=det file=皖AVH519.jpg gt=皖AVH519 code_cpu=皖AVH519 code_np=皖AVH519 agree=1 ok_cpu=1 ok_np=1
CROPAB role=det file=皖AVN316.jpg gt=皖AVN316 code_cpu=皖AVN316 code_np=皖AVN316 agree=1 ok_cpu=1 ok_np=1
CROPAB role=det file=皖AVQ091.jpg gt=皖AVQ091 code_cpu=皖AVQ091 code_np=皖AVQ091 agree=1 ok_cpu=1 ok_np=1
CROPAB role=det file=皖AVQ225.jpg gt=皖AVQ225 code_cpu=皖AVQ225 code_np=皖AVQ225 agree=1 ok_cpu=1 ok_np=1
CROPAB role=det file=皖AVU208.jpg gt=皖AVU208 code_cpu=皖AVU208 code_np=皖AVU208 agree=1 ok_cpu=1 ok_np=1
CROPAB role=det file=皖AVX566.jpg gt=皖AVX566 code_cpu=皖AVX566 code_np=皖AVX566 agree=1 ok_cpu=1 ok_np=1
CROPAB role=det file=皖AVY501.jpg gt=皖AVY501 code_cpu=皖AVY501 code_np=皖AVY501 agree=1 ok_cpu=1 ok_np=1
CROPAB role=det file=皖AW088A.jpg gt=皖AW088A code_cpu=皖AW088A code_np=皖AW088A agree=1 ok_cpu=1 ok_np=1
CROPAB role=det file=皖AW0N92.jpg gt=皖AW0N92 code_cpu=皖AW0N92 code_np=皖AW0N92 agree=1 ok_cpu=1 ok_np=1
CROPAB role=det file=皖AW112U.jpg gt=皖AW112U code_cpu=W112U code_np=W112U agree=1 ok_cpu=0 ok_np=0
CROPAB role=det file=皖AW1A28.jpg gt=皖AW1A28 code_cpu=京AW1A28 code_np=沪AW1A28 agree=0 ok_cpu=0 ok_np=0
CROPAB role=det file=皖AW1M21.jpg gt=皖AW1M21 code_cpu=皖AW1M2 code_np=皖AW1M2 agree=1 ok_cpu=0 ok_np=0
CROPAB role=det file=皖AW1P96.jpg gt=皖AW1P96 code_cpu=皖AW1P96 code_np=皖AW1P96 agree=1 ok_cpu=1 ok_np=1
CROPAB role=det file=皖AW1Z95.jpg gt=皖AW1Z95 code_cpu=W1Z95 code_np=W1Z95 agree=1 ok_cpu=0 ok_np=0
CROPAB role=det file=皖AW283F.jpg gt=皖AW283F code_cpu=皖AW283F code_np=皖AW283F agree=1 ok_cpu=1 ok_np=1
CROPAB role=det file=皖AW2J96.jpg gt=皖AW2J96 code_cpu=皖AW2J9 code_np=皖AW2J9 agree=1 ok_cpu=0 ok_np=0
CROPAB role=det file=皖AW400S.jpg gt=皖AW400S code_cpu=皖AW400 code_np=皖AW400 agree=1 ok_cpu=0 ok_np=0
CROPAB role=det file=皖AW570Y.jpg gt=皖AW570Y code_cpu=皖AW570Y code_np=皖AW570Y agree=1 ok_cpu=1 ok_np=1
CROPAB role=det file=皖AW5F38.jpg gt=皖AW5F38 code_cpu=冀AW5F38 code_np=冀AW5F38 agree=1 ok_cpu=0 ok_np=0
CROPAB role=det file=皖AW5V00.jpg gt=皖AW5V00 code_cpu=皖AW5V0 code_np=皖AW5V0 agree=1 ok_cpu=0 ok_np=0
CROPAB role=det file=皖AW5Y86.jpg gt=皖AW5Y86 code_cpu=皖AW5Y86 code_np=皖AW5Y86 agree=1 ok_cpu=1 ok_np=1
CROPAB role=det file=皖AW657T.jpg gt=皖AW657T code_cpu=皖AW657T code_np=皖AW657T agree=1 ok_cpu=1 ok_np=1
CROPAB role=det file=皖AW710M.jpg gt=皖AW710M code_cpu=皖AW710M code_np=皖AW710M agree=1 ok_cpu=1 ok_np=1
CROPAB role=det file=皖AW798E.jpg gt=皖AW798E code_cpu=皖AW798 code_np=皖AW798 agree=1 ok_cpu=0 ok_np=0
CROPAB role=det file=皖AW8A08.jpg gt=皖AW8A08 code_cpu=皖AW8A08 code_np=皖AW8A08 agree=1 ok_cpu=1 ok_np=1
CROPAB role=det file=皖AW8W35.jpg gt=皖AW8W35 code_cpu=皖AW8W35 code_np=皖AW8W35 agree=1 ok_cpu=1 ok_np=1
CROPAB role=det file=皖AWE516.jpg gt=皖AWE516 code_cpu=皖AWE51 code_np=皖AWE51 agree=1 ok_cpu=0 ok_np=0
CROPAB role=det file=皖AWF028.jpg gt=皖AWF028 code_cpu=陕AWF028 code_np=陕AWF028 agree=1 ok_cpu=0 ok_np=0
CROPAB role=det file=皖AWF684.jpg gt=皖AWF684 code_cpu=皖AWF684 code_np=皖AWF684 agree=1 ok_cpu=1 ok_np=1
CROPAB role=det file=皖AWG139.jpg gt=皖AWG139 code_cpu=皖AWG139 code_np=皖AWG139 agree=1 ok_cpu=1 ok_np=1
CROPAB role=det file=皖AWK423.jpg gt=皖AWK423 code_cpu=皖AWK423 code_np=皖AWK423 agree=1 ok_cpu=1 ok_np=1
CROPAB role=det file=皖AWS299.jpg gt=皖AWS299 code_cpu=皖AWS299 code_np=皖AWS299 agree=1 ok_cpu=1 ok_np=1
CROPAB role=det file=皖AWT410.jpg gt=皖AWT410 code_cpu=皖AWT410 code_np=皖AWT410 agree=1 ok_cpu=1 ok_np=1
CROPAB role=det file=皖AWU124.jpg gt=皖AWU124 code_cpu=WJ124 code_np=WJ124 agree=1 ok_cpu=0 ok_np=0
CROPAB role=det file=皖AWU931.jpg gt=皖AWU931 code_cpu=AWU931 code_np=AWU931 agree=1 ok_cpu=0 ok_np=0
CROPAB role=det file=皖AWW211.jpg gt=皖AWW211 code_cpu=皖AWW21 code_np=皖AWW21 agree=1 ok_cpu=0 ok_np=0
CROPAB role=det file=皖AX017L.jpg gt=皖AX017L code_cpu=陕AX017L code_np=皖AX017L agree=0 ok_cpu=0 ok_np=1
CROPAB role=det file=皖AX235L.jpg gt=皖AX235L code_cpu=皖AX2351 code_np=皖AX2351 agree=1 ok_cpu=0 ok_np=0
CROPAB role=det file=皖AX289K.jpg gt=皖AX289K code_cpu=皖AX289V code_np=皖AX289V agree=1 ok_cpu=0 ok_np=0
CROPAB role=det file=皖AX3355.jpg gt=皖AX3355 code_cpu=皖AX3355 code_np=皖AX3355 agree=1 ok_cpu=1 ok_np=1
CROPAB role=det file=皖AX3Z77.jpg gt=皖AX3Z77 code_cpu=皖AX3Z77 code_np=皖AX3Z77 agree=1 ok_cpu=1 ok_np=1
CROPAB role=det file=皖AX528M.jpg gt=皖AX528M code_cpu=苏AX528M code_np=苏AX528M agree=1 ok_cpu=0 ok_np=0
CROPAB role=det file=皖AX5716.jpg gt=皖AX5716 code_cpu=AX5716 code_np=AX5716 agree=1 ok_cpu=0 ok_np=0
CROPAB role=det file=皖AX5A50.jpg gt=皖AX5A50 code_cpu=皖AX5A50 code_np=皖AX5A50 agree=1 ok_cpu=1 ok_np=1
CROPAB role=det file=皖AX600H.jpg gt=皖AX600H code_cpu=皖AX600H code_np=皖AX600H agree=1 ok_cpu=1 ok_np=1
CROPAB role=det file=皖AX636G.jpg gt=皖AX636G code_cpu=鲁AX636G code_np= agree=0 ok_cpu=0 ok_np=0
CROPAB role=det file=皖AX6996.jpg gt=皖AX6996 code_cpu=皖AX6996 code_np=皖AX6996 agree=1 ok_cpu=1 ok_np=1
CROPAB role=det file=皖AX6R95.jpg gt=皖AX6R95 code_cpu=皖AX6R95 code_np=皖AX6R95 agree=1 ok_cpu=1 ok_np=1
CROPAB role=det file=皖AX702L.jpg gt=皖AX702L code_cpu= code_np= agree=1 ok_cpu=0 ok_np=0
CROPAB role=det file=皖AX726L.jpg gt=皖AX726L code_cpu=皖AX726 code_np=皖AX726 agree=1 ok_cpu=0 ok_np=0
CROPAB role=det file=皖AX775X.jpg gt=皖AX775X code_cpu=皖AX775X code_np=皖AX775X agree=1 ok_cpu=1 ok_np=1
CROPAB role=det file=皖AX788P.jpg gt=皖AX788P code_cpu=皖AX788 code_np=皖AX788 agree=1 ok_cpu=0 ok_np=0
CROPAB role=det file=皖AX799L.jpg gt=皖AX799L code_cpu=粤AX799U code_np=粤AX7991 agree=0 ok_cpu=0 ok_np=0
CROPAB role=det file=皖AX7L17.jpg gt=皖AX7L17 code_cpu=皖AX7L11 code_np=皖AX7L11 agree=1 ok_cpu=0 ok_np=0
CROPAB role=det file=皖AX8007.jpg gt=皖AX8007 code_cpu=粤AX8007 code_np=AX8007 agree=0 ok_cpu=0 ok_np=0
CROPAB role=det file=皖AX823M.jpg gt=皖AX823M code_cpu=AX823M code_np=AX823M agree=1 ok_cpu=0 ok_np=0
CROPAB role=det file=皖AX875N.jpg gt=皖AX875N code_cpu=皖AX875N code_np=皖AX875N agree=1 ok_cpu=1 ok_np=1
CROPAB role=det file=皖AX908A.jpg gt=皖AX908A code_cpu=皖AX908A code_np=皖AX908A agree=1 ok_cpu=1 ok_np=1
CROPAB role=det file=皖AXB933.jpg gt=皖AXB933 code_cpu=皖AXB933 code_np=皖AXB933 agree=1 ok_cpu=1 ok_np=1
CROPAB role=det file=皖AXC061.jpg gt=皖AXC061 code_cpu=皖AXC061 code_np=皖AXC061 agree=1 ok_cpu=1 ok_np=1
CROPAB role=det file=皖AXC602.jpg gt=皖AXC602 code_cpu=皖AXC602 code_np=皖AXC602 agree=1 ok_cpu=1 ok_np=1
CROPAB role=det file=皖AXJ221.jpg gt=皖AXJ221 code_cpu=陕AXJ221 code_np=陕AXJ221 agree=1 ok_cpu=0 ok_np=0
CROPAB role=det file=皖AXK190.jpg gt=皖AXK190 code_cpu=皖AXK190 code_np=皖AXK190 agree=1 ok_cpu=1 ok_np=1
CROPAB role=det file=皖AXL725.jpg gt=皖AXL725 code_cpu=皖AXL725 code_np=冀AXL725 agree=0 ok_cpu=1 ok_np=0
CROPAB role=det file=皖AXL746.jpg gt=皖AXL746 code_cpu=皖AXL746 code_np=皖AXL746 agree=1 ok_cpu=1 ok_np=1
CROPAB role=det file=皖AXQ311.jpg gt=皖AXQ311 code_cpu=皖AXQ311 code_np=皖AXQ311 agree=1 ok_cpu=1 ok_np=1
CROPAB role=det file=皖AXQ959.jpg gt=皖AXQ959 code_cpu=皖AXQ959 code_np=皖AXQ959 agree=1 ok_cpu=1 ok_np=1
CROPAB role=det file=皖AXR226.jpg gt=皖AXR226 code_cpu=皖AXR226 code_np=皖AXR226 agree=1 ok_cpu=1 ok_np=1
CROPAB role=det file=皖AXZ961.jpg gt=皖AXZ961 code_cpu=皖AXZ961 code_np=皖AXZ961 agree=1 ok_cpu=1 ok_np=1
CROPAB role=det file=皖AY008J.jpg gt=皖AY008J code_cpu=苏AY008J code_np=苏AY008J agree=1 ok_cpu=0 ok_np=0
CROPAB role=det file=皖AY021B.jpg gt=皖AY021B code_cpu=皖AY021B code_np=皖AY021B agree=1 ok_cpu=1 ok_np=1
CROPAB role=det file=皖AY023H.jpg gt=皖AY023H code_cpu=皖AY023H code_np=皖AY023H agree=1 ok_cpu=1 ok_np=1
CROPAB role=det file=皖AY066J.jpg gt=皖AY066J code_cpu=皖AY066J code_np=皖AY066J agree=1 ok_cpu=1 ok_np=1
CROPAB role=det file=皖AY0691.jpg gt=皖AY0691 code_cpu=冀AY0691 code_np=冀AY0691 agree=1 ok_cpu=0 ok_np=0
CROPAB role=det file=皖AY0D83.jpg gt=皖AY0D83 code_cpu=陕AY0D83 code_np=陕AY0D83 agree=1 ok_cpu=0 ok_np=0
CROPAB role=det file=皖AY1122.jpg gt=皖AY1122 code_cpu=苏AY1122 code_np=苏AY1122 agree=1 ok_cpu=0 ok_np=0
CROPAB role=det file=皖AY1V22.jpg gt=皖AY1V22 code_cpu= code_np= agree=1 ok_cpu=0 ok_np=0
CROPAB role=det file=皖AY208Y.jpg gt=皖AY208Y code_cpu=皖AY208Y code_np=皖AY208Y agree=1 ok_cpu=1 ok_np=1
CROPAB role=det file=皖AY3633.jpg gt=皖AY3633 code_cpu= code_np= agree=1 ok_cpu=0 ok_np=0
CROPAB role=det file=皖AY3R00.jpg gt=皖AY3R00 code_cpu=皖AY3R00 code_np=皖AY3R00 agree=1 ok_cpu=1 ok_np=1
CROPAB role=det file=皖AY4K56.jpg gt=皖AY4K56 code_cpu=皖AY4K56 code_np=皖AY4K5 agree=0 ok_cpu=1 ok_np=0
CROPAB role=det file=皖AY532X.jpg gt=皖AY532X code_cpu=皖AY532X code_np=皖AY532X agree=1 ok_cpu=1 ok_np=1
CROPAB role=det file=皖AY551G.jpg gt=皖AY551G code_cpu=皖AY551G code_np=皖AY551G agree=1 ok_cpu=1 ok_np=1
CROPAB role=det file=皖AY5L09.jpg gt=皖AY5L09 code_cpu=皖AY51 code_np=皖AY51 agree=1 ok_cpu=0 ok_np=0
CROPAB role=det file=皖AY605B.jpg gt=皖AY605B code_cpu=皖AY605 code_np=皖AY605 agree=1 ok_cpu=0 ok_np=0
CROPAB role=det file=皖AY628X.jpg gt=皖AY628X code_cpu=皖AXY628 code_np=云AX628Y agree=0 ok_cpu=0 ok_np=0
CROPAB role=det file=皖AY631Y.jpg gt=皖AY631Y code_cpu=皖AY631 code_np=皖AY631 agree=1 ok_cpu=0 ok_np=0
CROPAB role=det file=皖AY6P56.jpg gt=皖AY6P56 code_cpu=皖AY6P56 code_np=皖AY6P56 agree=1 ok_cpu=1 ok_np=1
CROPAB role=det file=皖AY710V.jpg gt=皖AY710V code_cpu=皖AY710 code_np=皖AY710 agree=1 ok_cpu=0 ok_np=0
CROPAB role=det file=皖AY800C.jpg gt=皖AY800C code_cpu=粤AY800 code_np=粤AY800 agree=1 ok_cpu=0 ok_np=0
CROPAB role=det file=皖AY898U.jpg gt=皖AY898U code_cpu=皖AY898U code_np=皖AY898U agree=1 ok_cpu=1 ok_np=1
CROPAB role=det file=皖AY959T.jpg gt=皖AY959T code_cpu=皖AY959T code_np=皖AY959T agree=1 ok_cpu=1 ok_np=1
CROPAB role=det file=皖AY9K21.jpg gt=皖AY9K21 code_cpu=皖AY9K2 code_np=皖AY9K2 agree=1 ok_cpu=0 ok_np=0
CROPAB role=det file=皖AY9N79.jpg gt=皖AY9N79 code_cpu=皖AY9N79 code_np=皖AY9N79 agree=1 ok_cpu=1 ok_np=1
CROPAB role=det file=皖AYA716.jpg gt=皖AYA716 code_cpu=皖AYA716 code_np=皖AYA716 agree=1 ok_cpu=1 ok_np=1
CROPAB role=det file=皖AYA753.jpg gt=皖AYA753 code_cpu=皖AYA753 code_np=皖AYA753 agree=1 ok_cpu=1 ok_np=1
CROPAB role=det file=皖AYG248.jpg gt=皖AYG248 code_cpu=冀AYG248 code_np=冀AYG248 agree=1 ok_cpu=0 ok_np=0
CROPAB role=det file=皖AYL000.jpg gt=皖AYL000 code_cpu=皖AYL000 code_np=皖AYL000 agree=1 ok_cpu=1 ok_np=1
CROPAB role=det file=皖AYN166.jpg gt=皖AYN166 code_cpu=皖AYN166 code_np=皖AYN166 agree=1 ok_cpu=1 ok_np=1
CROPAB role=det file=皖AYR633.jpg gt=皖AYR633 code_cpu=皖AYR633 code_np=皖AYR633 agree=1 ok_cpu=1 ok_np=1
CROPAB role=det file=皖AYV170.jpg gt=皖AYV170 code_cpu=皖AYV170 code_np=皖AYV170 agree=1 ok_cpu=1 ok_np=1
CROPAB role=det file=皖AYY728.jpg gt=皖AYY728 code_cpu=皖AYY728 code_np=皖AYY728 agree=1 ok_cpu=1 ok_np=1
CROPAB role=det file=皖AYZ120.jpg gt=皖AYZ120 code_cpu= code_np= agree=1 ok_cpu=0 ok_np=0
CROPAB role=det file=皖AZ009U.jpg gt=皖AZ009U code_cpu=皖AZ009U code_np=皖AZ009U agree=1 ok_cpu=1 ok_np=1
CROPAB role=det file=皖AZ1X26.jpg gt=皖AZ1X26 code_cpu=皖AZ1X26 code_np=皖AZ1X26 agree=1 ok_cpu=1 ok_np=1
CROPAB role=det file=皖AZ5911.jpg gt=皖AZ5911 code_cpu=冀AZ5911 code_np=冀AZ5911 agree=1 ok_cpu=0 ok_np=0
CROPAB role=det file=皖AZ5Y68.jpg gt=皖AZ5Y68 code_cpu=皖AZ5Y68 code_np=皖AZ5Y68 agree=1 ok_cpu=1 ok_np=1
CROPAB role=det file=皖AZ650K.jpg gt=皖AZ650K code_cpu=皖AZ650 code_np=皖AZ650 agree=1 ok_cpu=0 ok_np=0
CROPAB role=det file=皖AZ688D.jpg gt=皖AZ688D code_cpu=皖AZ688 code_np=皖AZ688 agree=1 ok_cpu=0 ok_np=0
CROPAB role=det file=皖AZ787K.jpg gt=皖AZ787K code_cpu=皖AZ787K code_np=皖AZ787K agree=1 ok_cpu=1 ok_np=1
CROPAB role=det file=皖AZ7M97.jpg gt=皖AZ7M97 code_cpu=皖AZ7M9 code_np=皖AZ7M9 agree=1 ok_cpu=0 ok_np=0
CROPAB role=det file=皖AZ835P.jpg gt=皖AZ835P code_cpu=皖AZ835 code_np=皖AZ835 agree=1 ok_cpu=0 ok_np=0
CROPAB role=det file=皖AZ8G70.jpg gt=皖AZ8G70 code_cpu=皖AZ8G70 code_np=皖AZ8G70 agree=1 ok_cpu=1 ok_np=1
CROPAB role=det file=皖AZ8L32.jpg gt=皖AZ8L32 code_cpu=皖AZ8L2 code_np=皖AZ8L2 agree=1 ok_cpu=0 ok_np=0
CROPAB role=det file=皖AZ8W20.jpg gt=皖AZ8W20 code_cpu=皖AZ8W20 code_np=皖AZ8W20 agree=1 ok_cpu=1 ok_np=1
CROPAB role=det file=皖AZ948W.jpg gt=皖AZ948W code_cpu=皖AZ948W code_np=皖AZ948W agree=1 ok_cpu=1 ok_np=1
CROPAB role=det file=皖AZ9D80.jpg gt=皖AZ9D80 code_cpu= code_np= agree=1 ok_cpu=0 ok_np=0
CROPAB role=det file=皖AZB220.jpg gt=皖AZB220 code_cpu= code_np= agree=1 ok_cpu=0 ok_np=0
CROPAB role=det file=皖AZC893.jpg gt=皖AZC893 code_cpu=皖AZC893 code_np=皖AZC893 agree=1 ok_cpu=1 ok_np=1
CROPAB role=det file=皖AZJ692.jpg gt=皖AZJ692 code_cpu=皖AZJ692 code_np=皖AZJ692 agree=1 ok_cpu=1 ok_np=1
CROPAB role=det file=皖AZN553.jpg gt=皖AZN553 code_cpu=皖AZN55 code_np=皖AZN55 agree=1 ok_cpu=0 ok_np=0
CROPAB role=det file=皖AZN833.jpg gt=皖AZN833 code_cpu=陕AZN833 code_np=苏AZN833 agree=0 ok_cpu=0 ok_np=0
CROPAB role=det file=皖AZP403.jpg gt=皖AZP403 code_cpu= code_np= agree=1 ok_cpu=0 ok_np=0
CROPAB role=det file=皖AZS066.jpg gt=皖AZS066 code_cpu=皖AZS066 code_np=皖AZS066 agree=1 ok_cpu=1 ok_np=1
CROPAB role=det file=皖AZX040.jpg gt=皖AZX040 code_cpu=ZX040 code_np=ZX040 agree=1 ok_cpu=0 ok_np=0
CROPAB role=det file=皖BL399L.jpg gt=皖BL399L code_cpu=皖BL399L code_np=皖BL399L agree=1 ok_cpu=1 ok_np=1
CROPAB role=det file=皖BU5521.jpg gt=皖BU5521 code_cpu=皖BU5521 code_np=皖BU5521 agree=1 ok_cpu=1 ok_np=1
CROPAB role=det file=皖BV5266.jpg gt=皖BV5266 code_cpu=皖BV5266 code_np=皖BV5266 agree=1 ok_cpu=1 ok_np=1
CROPAB role=det file=皖BV668X.jpg gt=皖BV668X code_cpu=皖BV668X code_np=皖BV668X agree=1 ok_cpu=1 ok_np=1
CROPAB role=det file=皖CDJ611.jpg gt=皖CDJ611 code_cpu=皖CDJ611 code_np=皖CDJ611 agree=1 ok_cpu=1 ok_np=1
CROPAB role=det file=皖CKP578.jpg gt=皖CKP578 code_cpu= code_np= agree=1 ok_cpu=0 ok_np=0
CROPAB role=det file=皖CQ8788.jpg gt=皖CQ8788 code_cpu=皖CQ8788 code_np=皖CQ8788 agree=1 ok_cpu=1 ok_np=1
CROPAB role=det file=皖D93138.jpg gt=皖D93138 code_cpu=皖D93138 code_np=皖D93138 agree=1 ok_cpu=1 ok_np=1
CROPAB role=det file=皖DFX886.jpg gt=皖DFX886 code_cpu=皖DFX886 code_np=粤FX886 agree=0 ok_cpu=1 ok_np=0
CROPAB role=det file=皖DG8266.jpg gt=皖DG8266 code_cpu=皖DG8266 code_np=皖DG8266 agree=1 ok_cpu=1 ok_np=1
CROPAB role=det file=皖DH5003.jpg gt=皖DH5003 code_cpu=皖DH500 code_np=皖DH500 agree=1 ok_cpu=0 ok_np=0
CROPAB role=det file=皖DJ9650.jpg gt=皖DJ9650 code_cpu=皖DJ9650 code_np=皖DJ9650 agree=1 ok_cpu=1 ok_np=1
CROPAB role=det file=皖DXJ916.jpg gt=皖DXJ916 code_cpu=皖DXJ916 code_np=皖DXJ916 agree=1 ok_cpu=1 ok_np=1
CROPAB role=det file=皖DZZ214.jpg gt=皖DZZ214 code_cpu= code_np= agree=1 ok_cpu=0 ok_np=0
CROPAB role=det file=皖EDJ399.jpg gt=皖EDJ399 code_cpu=皖EDJ399 code_np=皖EDJ399 agree=1 ok_cpu=1 ok_np=1
CROPAB role=det file=皖EF0971.jpg gt=皖EF0971 code_cpu=皖EF0971 code_np=皖EF0971 agree=1 ok_cpu=1 ok_np=1
CROPAB role=det file=皖EJ120Z.jpg gt=皖EJ120Z code_cpu=皖EJ120Z code_np=皖EJ120Z agree=1 ok_cpu=1 ok_np=1
CROPAB role=det file=皖EWJ922.jpg gt=皖EWJ922 code_cpu=WJ922 code_np=WJ922 agree=1 ok_cpu=0 ok_np=0
CROPAB role=det file=皖FFL257.jpg gt=皖FFL257 code_cpu=皖FFL code_np=皖FFL agree=1 ok_cpu=0 ok_np=0
CROPAB role=det file=皖GC2689.jpg gt=皖GC2689 code_cpu=皖GC2689 code_np=皖GC2689 agree=1 ok_cpu=1 ok_np=1
CROPAB role=det file=皖H18147.jpg gt=皖H18147 code_cpu=皖H18147 code_np=皖H18147 agree=1 ok_cpu=1 ok_np=1
CROPAB role=det file=皖HGB111.jpg gt=皖HGB111 code_cpu=皖HGB111 code_np=皖HGB111 agree=1 ok_cpu=1 ok_np=1
CROPAB role=det file=皖HJ5C55.jpg gt=皖HJ5C55 code_cpu=皖HJ5C55 code_np=皖HJ5C55 agree=1 ok_cpu=1 ok_np=1
CROPAB role=det file=皖HLE188.jpg gt=皖HLE188 code_cpu=皖HLE188 code_np=皖HLE188 agree=1 ok_cpu=1 ok_np=1
CROPAB role=det file=皖HRE869.jpg gt=皖HRE869 code_cpu=皖HRE869 code_np=皖HRE869 agree=1 ok_cpu=1 ok_np=1
CROPAB role=det file=皖HS9110.jpg gt=皖HS9110 code_cpu=皖HS9110 code_np=皖HS9110 agree=1 ok_cpu=1 ok_np=1
CROPAB role=det file=皖HX333P.jpg gt=皖HX333P code_cpu=皖HX333P code_np=皖HX333P agree=1 ok_cpu=1 ok_np=1
CROPAB role=det file=皖K1C868.jpg gt=皖K1C868 code_cpu=K1C868 code_np=K1C868 agree=1 ok_cpu=0 ok_np=0
CROPAB role=det file=皖K33K92.jpg gt=皖K33K92 code_cpu=皖K33K92 code_np=皖K33K92 agree=1 ok_cpu=1 ok_np=1
CROPAB role=det file=皖K39J62.jpg gt=皖K39J62 code_cpu=皖K39J62 code_np=皖K39J62 agree=1 ok_cpu=1 ok_np=1
CROPAB role=det file=皖KNS886.jpg gt=皖KNS886 code_cpu=皖KNS886 code_np=皖KNS886 agree=1 ok_cpu=1 ok_np=1
CROPAB role=det file=皖KR0356.jpg gt=皖KR0356 code_cpu=苏KR0356 code_np=苏KR0356 agree=1 ok_cpu=0 ok_np=0
CROPAB role=det file=皖KW1P29.jpg gt=皖KW1P29 code_cpu=KW1P29 code_np=KW1P29 agree=1 ok_cpu=0 ok_np=0
CROPAB role=det file=皖KZ2283.jpg gt=皖KZ2283 code_cpu=皖KZ2283 code_np=皖KZ2283 agree=1 ok_cpu=1 ok_np=1
CROPAB role=det file=皖KZ9660.jpg gt=皖KZ9660 code_cpu=KZ9660 code_np=KZ9660 agree=1 ok_cpu=0 ok_np=0
CROPAB role=det file=皖L57785.jpg gt=皖L57785 code_cpu=皖L57785 code_np=皖L57785 agree=1 ok_cpu=1 ok_np=1
CROPAB role=det file=皖L9R839.jpg gt=皖L9R839 code_cpu= code_np= agree=1 ok_cpu=0 ok_np=0
CROPAB role=det file=皖LV022V.jpg gt=皖LV022V code_cpu=皖LV022V code_np=皖LV022V agree=1 ok_cpu=1 ok_np=1
CROPAB role=det file=皖LYS310.jpg gt=皖LYS310 code_cpu=皖LYS310 code_np=皖LYS310 agree=1 ok_cpu=1 ok_np=1
CROPAB role=det file=皖M04698.jpg gt=皖M04698 code_cpu=皖M04698 code_np=皖M04698 agree=1 ok_cpu=1 ok_np=1
CROPAB role=det file=皖M5G687.jpg gt=皖M5G687 code_cpu=皖M5G687 code_np=皖M5G687 agree=1 ok_cpu=1 ok_np=1
CROPAB role=det file=皖M99060.jpg gt=皖M99060 code_cpu=皖M9906 code_np=皖M9906 agree=1 ok_cpu=0 ok_np=0
CROPAB role=det file=皖M99CC6.jpg gt=皖M99CC6 code_cpu=皖M99CC6 code_np=皖M99CC6 agree=1 ok_cpu=1 ok_np=1
CROPAB role=det file=皖MCN117.jpg gt=皖MCN117 code_cpu=皖MCN117 code_np=皖MCN117 agree=1 ok_cpu=1 ok_np=1
CROPAB role=det file=皖MF821F.jpg gt=皖MF821F code_cpu=皖MF821F code_np=皖MF821F agree=1 ok_cpu=1 ok_np=1
CROPAB role=det file=皖MNY138.jpg gt=皖MNY138 code_cpu=皖MNY138 code_np=皖MNY138 agree=1 ok_cpu=1 ok_np=1
CROPAB role=det file=皖MX105Z.jpg gt=皖MX105Z code_cpu=MX105Z code_np=MX105Z agree=1 ok_cpu=0 ok_np=0
CROPAB role=det file=皖N1B096.jpg gt=皖N1B096 code_cpu= code_np= agree=1 ok_cpu=0 ok_np=0
CROPAB role=det file=皖N76999.jpg gt=皖N76999 code_cpu=皖N76999 code_np=皖N76999 agree=1 ok_cpu=1 ok_np=1
CROPAB role=det file=皖N8E309.jpg gt=皖N8E309 code_cpu=皖N8E309 code_np= agree=0 ok_cpu=1 ok_np=0
CROPAB role=det file=皖N98066.jpg gt=皖N98066 code_cpu=苏N98066 code_np=N98066 agree=0 ok_cpu=0 ok_np=0
CROPAB role=det file=皖NE1199.jpg gt=皖NE1199 code_cpu=皖NE1199 code_np=皖NE1199 agree=1 ok_cpu=1 ok_np=1
CROPAB role=det file=皖NG3660.jpg gt=皖NG3660 code_cpu=皖NG3660 code_np=皖NG3660 agree=1 ok_cpu=1 ok_np=1
CROPAB role=det file=皖NGT329.jpg gt=皖NGT329 code_cpu=皖NGT329 code_np=皖NGT329 agree=1 ok_cpu=1 ok_np=1
CROPAB role=det file=皖NLA900.jpg gt=皖NLA900 code_cpu=皖NLA900 code_np=皖NLA900 agree=1 ok_cpu=1 ok_np=1
CROPAB role=det file=皖NM9235.jpg gt=皖NM9235 code_cpu=皖NM9235 code_np=皖NM9235 agree=1 ok_cpu=1 ok_np=1
CROPAB role=det file=皖NQ0395.jpg gt=皖NQ0395 code_cpu=皖NQ0395 code_np=皖NQ0395 agree=1 ok_cpu=1 ok_np=1
CROPAB role=det file=皖NVV229.jpg gt=皖NVV229 code_cpu=皖NVV229 code_np=皖NVV229 agree=1 ok_cpu=1 ok_np=1
CROPAB role=det file=皖NX589X.jpg gt=皖NX589X code_cpu=皖NX589Y code_np=皖NX589Y agree=1 ok_cpu=0 ok_np=0
CROPAB role=det file=皖NXT689.jpg gt=皖NXT689 code_cpu=皖NXT689 code_np=皖NXT689 agree=1 ok_cpu=1 ok_np=1
CROPAB role=det file=皖NZ109J.jpg gt=皖NZ109J code_cpu=皖NZ109J code_np=皖NZ109J agree=1 ok_cpu=1 ok_np=1
CROPAB role=det file=皖PB2153.jpg gt=皖PB2153 code_cpu=皖PB215 code_np=皖PB215 agree=1 ok_cpu=0 ok_np=0
CROPAB role=det file=皖PQ5086.jpg gt=皖PQ5086 code_cpu=Q5086 code_np=Q5086 agree=1 ok_cpu=0 ok_np=0
CROPAB role=det file=皖QA999D.jpg gt=皖QA999D code_cpu=皖QA999D code_np=皖QA999D agree=1 ok_cpu=1 ok_np=1
CROPAB role=det file=皖QG4136.jpg gt=皖QG4136 code_cpu=皖QG4136 code_np=皖QG4136 agree=1 ok_cpu=1 ok_np=1
CROPAB role=det file=皖QG9633.jpg gt=皖QG9633 code_cpu=皖QG9633 code_np=皖QG9633 agree=1 ok_cpu=1 ok_np=1
CROPAB role=det file=皖S08407.jpg gt=皖S08407 code_cpu=皖S08407 code_np=皖S08407 agree=1 ok_cpu=1 ok_np=1
CROPAB role=det file=皖SYZ927.jpg gt=皖SYZ927 code_cpu=皖SYZ927 code_np=皖SY7Z927 agree=0 ok_cpu=1 ok_np=0
CROPAB role=det file=皖SZ788K.jpg gt=皖SZ788K code_cpu=皖SZ788V code_np=皖SZ788 agree=0 ok_cpu=0 ok_np=0
CROPAB role=det file=皖SZH382.jpg gt=皖SZH382 code_cpu=苏ZH382 code_np= agree=0 ok_cpu=0 ok_np=0
CROPAB role=det file=粤A3ZB32.jpg gt=粤A3ZB32 code_cpu=粤A3ZB32 code_np=粤A3ZB32 agree=1 ok_cpu=1 ok_np=1
CROPAB role=det file=粤B0GJ76.jpg gt=粤B0GJ76 code_cpu=粤B0GJ76 code_np=粤B0GJ76 agree=1 ok_cpu=1 ok_np=1
CROPAB role=det file=苏A0X3B2.jpg gt=苏A0X3B2 code_cpu=苏A0X3B2 code_np=苏A0X3B2 agree=1 ok_cpu=1 ok_np=1
CROPAB role=det file=苏A53D97.jpg gt=苏A53D97 code_cpu=苏A53D97 code_np=苏A53D97 agree=1 ok_cpu=1 ok_np=1
CROPAB role=det file=苏A57NT9.jpg gt=苏A57NT9 code_cpu=苏A57NT9 code_np=苏A57NT9 agree=1 ok_cpu=1 ok_np=1
CROPAB role=det file=苏A8DC31.jpg gt=苏A8DC31 code_cpu=A8DC31 code_np=A8DC31 agree=1 ok_cpu=0 ok_np=0
CROPAB role=det file=苏AP48A8.jpg gt=苏AP48A8 code_cpu=苏AP48A8 code_np=苏AP48A8 agree=1 ok_cpu=1 ok_np=1
CROPAB role=det file=苏B810FT.jpg gt=苏B810FT code_cpu=3810FT code_np=3B810FT agree=0 ok_cpu=0 ok_np=0
CROPAB role=det file=苏BH828L.jpg gt=苏BH828L code_cpu=苏BH8281 code_np=苏BH8281 agree=1 ok_cpu=0 ok_np=0
CROPAB role=det file=苏E5YR23.jpg gt=苏E5YR23 code_cpu=E5YR23 code_np=E5YR23 agree=1 ok_cpu=0 ok_np=0
CROPAB role=det file=苏E7R5Y0.jpg gt=苏E7R5Y0 code_cpu=苏E7R5Y0 code_np=苏E7R5Y0 agree=1 ok_cpu=1 ok_np=1
CROPAB role=det file=苏E9CD08.jpg gt=苏E9CD08 code_cpu=苏E9CD08 code_np=苏E9CD08 agree=1 ok_cpu=1 ok_np=1
CROPAB role=det file=苏EW0806.jpg gt=苏EW0806 code_cpu=W0806 code_np=W0806 agree=1 ok_cpu=0 ok_np=0
CROPAB role=det file=苏EYV501.jpg gt=苏EYV501 code_cpu=苏EYV501 code_np=苏EYV501 agree=1 ok_cpu=1 ok_np=1
CROPAB role=det file=苏G2F335.jpg gt=苏G2F335 code_cpu= code_np= agree=1 ok_cpu=0 ok_np=0
CROPAB role=det file=苏HXN335.jpg gt=苏HXN335 code_cpu=苏HXN335 code_np=苏HXN335 agree=1 ok_cpu=1 ok_np=1
CROPAB role=det file=豫BLU198.jpg gt=豫BLU198 code_cpu=豫BLU198 code_np=豫BLU198 agree=1 ok_cpu=1 ok_np=1
CROPAB role=det file=豫DYA080.jpg gt=豫DYA080 code_cpu=豫DYA080 code_np=豫DYA080 agree=1 ok_cpu=1 ok_np=1
CROPAB role=det file=豫EZP772.jpg gt=豫EZP772 code_cpu=豫EZP77 code_np=豫EZP77 agree=1 ok_cpu=0 ok_np=0
CROPAB role=det file=豫KMZ810.jpg gt=豫KMZ810 code_cpu=豫KMZ816 code_np=豫KMZ816 agree=1 ok_cpu=0 ok_np=0
CROPAB role=det file=豫PU4520.jpg gt=豫PU4520 code_cpu=U4520 code_np=U4520 agree=1 ok_cpu=0 ok_np=0
CROPAB role=det file=豫RM6396.jpg gt=豫RM6396 code_cpu=豫RM6396 code_np=豫RM6396 agree=1 ok_cpu=1 ok_np=1
CROPAB role=det file=闽D33U29.jpg gt=闽D33U29 code_cpu=闽D33U29 code_np=闽D33U29 agree=1 ok_cpu=1 ok_np=1
CROPAB role=det file=鲁AW9V20.jpg gt=鲁AW9V20 code_cpu=鲁AW9V20 code_np=鲁AW9V20 agree=1 ok_cpu=1 ok_np=1
CROPAB role=det file=鲁BE31L9.jpg gt=鲁BE31L9 code_cpu=鲁BE31L code_np=鲁BE31L agree=1 ok_cpu=0 ok_np=0
CROPAB role=det file=鲁Q08F99.jpg gt=鲁Q08F99 code_cpu=鲁Q08F99 code_np=鲁Q08F99 agree=1 ok_cpu=1 ok_np=1
CROPAB role=det file=鲁R8D57Z.jpg gt=鲁R8D57Z code_cpu=鲁R8D57Z code_np=鲁R8D57Z agree=1 ok_cpu=1 ok_np=1
