BARE LOAD cpu ok=1;id=8;cached=1;name=models/rpv3_mdict_160_r3.ms;backend=CPU;requested=cpu;fallbackFrom=;attemptLog=CPU(ok);inputName=data;outputName=output;inputShape=[1,48,160,3];outputShape=[1,20,78];inputFormat=NHWC;outputFormat=NHWC;inputElems=23040;outputElems=1560;error=
BARE LOAD nnrt ok=1;id=1;cached=1;name=models/rpv3_mdict_160_r3.ms;backend=NNRT:NPU_ohos.boot.hardware.kirin8020_v2_0;requested=nnrt;fallbackFrom=;attemptLog=NNRT:NPU_ohos.boot.hardware.kirin8020_v2_0(ok);inputName=data;outputName=output;inputShape=[1,48,160,3];outputShape=[1,20,78];inputFormat=NHWC;outputFormat=NHWC;inputElems=23040;outputElems=1560;error=
BARE file=京PL3N67.jpg gt=京PL3N67 code_cpu=京PL3N67 code_np=京PL3N67 agree=1 ok_cpu=1 ok_np=1 ms_cpu=17.168125 ms_np=5.374687
BARE file=川JK0707.jpg gt=川JK0707 code_cpu=川JK0707 code_np=川JK0707 agree=1 ok_cpu=1 ok_np=1 ms_cpu=15.120469 ms_np=3.402500
BARE file=川X90621.jpg gt=川X90621 code_cpu=川X90621 code_np=川X90621 agree=1 ok_cpu=1 ok_np=1 ms_cpu=16.881250 ms_np=3.521250
BARE file=沪AMS087.jpg gt=沪AMS087 code_cpu=沪AMS087 code_np=沪AMS087 agree=1 ok_cpu=1 ok_np=1 ms_cpu=16.116875 ms_np=3.236406
BARE file=沪C21F13.jpg gt=沪C21F13 code_cpu=沪C21F13 code_np=沪C21F13 agree=1 ok_cpu=1 ok_np=1 ms_cpu=16.729218 ms_np=3.264375
BARE file=沪C8GK31.jpg gt=沪C8GK31 code_cpu=沪C8GK31 code_np=沪C8GK31 agree=1 ok_cpu=1 ok_np=1 ms_cpu=13.661094 ms_np=3.441563
BARE file=浙A6MX97.jpg gt=浙A6MX97 code_cpu=浙A6MX97 code_np=浙A6MX97 agree=1 ok_cpu=1 ok_np=1 ms_cpu=13.548125 ms_np=3.386562
BARE file=浙BR7S63.jpg gt=浙BR7S63 code_cpu=浙BR7S63 code_np=浙BR7S63 agree=1 ok_cpu=1 ok_np=1 ms_cpu=16.705469 ms_np=4.453437
BARE file=浙C510W8.jpg gt=浙C510W8 code_cpu=浙C510W8 code_np=浙C510W8 agree=1 ok_cpu=1 ok_np=1 ms_cpu=16.374063 ms_np=3.237188
BARE file=浙D137ET.jpg gt=浙D137ET code_cpu=浙D137ET code_np=浙D137ET agree=1 ok_cpu=1 ok_np=1 ms_cpu=13.733750 ms_np=3.595468
BARE file=浙D335DZ.jpg gt=浙D335DZ code_cpu=浙D335DZ code_np=浙D335DZ agree=1 ok_cpu=1 ok_np=1 ms_cpu=12.247500 ms_np=3.536094
BARE file=浙D911SY.jpg gt=浙D911SY code_cpu=浙D911SY code_np=浙D911SY agree=1 ok_cpu=1 ok_np=1 ms_cpu=16.584375 ms_np=3.412500
BARE file=浙D9594H.jpg gt=浙D9594H code_cpu=浙D9594H code_np=浙D9594H agree=1 ok_cpu=1 ok_np=1 ms_cpu=18.955625 ms_np=3.442344
BARE file=浙G0699P.jpg gt=浙G0699P code_cpu=浙G0699P code_np=浙G0699P agree=1 ok_cpu=1 ok_np=1 ms_cpu=14.524687 ms_np=3.261250
BARE file=浙J2K181.jpg gt=浙J2K181 code_cpu=浙J2K181 code_np=浙J2K181 agree=1 ok_cpu=1 ok_np=1 ms_cpu=12.133906 ms_np=3.241875
BARE file=浙JP1W22.jpg gt=浙JP1W22 code_cpu=浙JP1W22 code_np=浙JP1W22 agree=1 ok_cpu=1 ok_np=1 ms_cpu=15.743438 ms_np=3.312500
BARE file=湘E269JY.jpg gt=湘E269JY code_cpu=湘E269JY code_np=湘E269JY agree=1 ok_cpu=1 ok_np=1 ms_cpu=16.890625 ms_np=3.383906
BARE file=皖A00E66.jpg gt=皖A00E66 code_cpu=皖A00E66 code_np=皖A00E66 agree=1 ok_cpu=1 ok_np=1 ms_cpu=16.110938 ms_np=3.358125
BARE file=皖A016E2.jpg gt=皖A016E2 code_cpu=皖A016E2 code_np=皖A016E2 agree=1 ok_cpu=1 ok_np=1 ms_cpu=15.333438 ms_np=3.256094
BARE file=皖A051N0.jpg gt=皖A051N0 code_cpu=皖A051N0 code_np=皖A051N0 agree=1 ok_cpu=1 ok_np=1 ms_cpu=15.650000 ms_np=3.513437
BARE file=皖A05279.jpg gt=皖A05279 code_cpu=豫A05279 code_np=豫A05279 agree=1 ok_cpu=0 ok_np=0 ms_cpu=13.056563 ms_np=3.316719
BARE file=皖A059C5.jpg gt=皖A059C5 code_cpu=皖A059C5 code_np=皖A059C5 agree=1 ok_cpu=1 ok_np=1 ms_cpu=16.219219 ms_np=3.406094
BARE file=皖A06S56.jpg gt=皖A06S56 code_cpu=皖A06S56 code_np=皖A06S56 agree=1 ok_cpu=1 ok_np=1 ms_cpu=18.554219 ms_np=4.201093
BARE file=皖A07F55.jpg gt=皖A07F55 code_cpu=皖A07F55 code_np=皖A07F55 agree=1 ok_cpu=1 ok_np=1 ms_cpu=15.911094 ms_np=3.509688
BARE file=皖A08V01.jpg gt=皖A08V01 code_cpu=皖A08V01 code_np=皖A08V01 agree=1 ok_cpu=1 ok_np=1 ms_cpu=11.473593 ms_np=3.375938
BARE file=皖A095Q1.jpg gt=皖A095Q1 code_cpu=皖A095Q1 code_np=皖A095Q1 agree=1 ok_cpu=1 ok_np=1 ms_cpu=15.555938 ms_np=3.545625
BARE file=皖A09N61.jpg gt=皖A09N61 code_cpu=苏A09N31 code_np=苏A09N31 agree=1 ok_cpu=0 ok_np=0 ms_cpu=17.393906 ms_np=4.059375
BARE file=皖A0C333.jpg gt=皖A0C333 code_cpu=皖A0C333 code_np=皖A0C333 agree=1 ok_cpu=1 ok_np=1 ms_cpu=15.550625 ms_np=3.528437
BARE file=皖A0C911.jpg gt=皖A0C911 code_cpu=皖A0C911 code_np=皖A0C911 agree=1 ok_cpu=1 ok_np=1 ms_cpu=14.507500 ms_np=3.470313
BARE file=皖A0G826.jpg gt=皖A0G826 code_cpu=皖A0G826 code_np=皖A0G826 agree=1 ok_cpu=1 ok_np=1 ms_cpu=15.197500 ms_np=3.452031
BARE file=皖A0H627.jpg gt=皖A0H627 code_cpu=京A0H627 code_np=京A0H627 agree=1 ok_cpu=0 ok_np=0 ms_cpu=15.243750 ms_np=3.405938
BARE file=皖A0K782.jpg gt=皖A0K782 code_cpu=皖A0K782 code_np=皖A0K782 agree=1 ok_cpu=1 ok_np=1 ms_cpu=15.985781 ms_np=3.419844
BARE file=皖A0T999.jpg gt=皖A0T999 code_cpu=皖A0T999 code_np=皖A0T999 agree=1 ok_cpu=1 ok_np=1 ms_cpu=15.266406 ms_np=3.561875
BARE file=皖A0V262.jpg gt=皖A0V262 code_cpu=皖A0V262 code_np=皖A0V262 agree=1 ok_cpu=1 ok_np=1 ms_cpu=17.351093 ms_np=3.353125
BARE file=皖A0V788.jpg gt=皖A0V788 code_cpu=皖A0V788 code_np=皖A0V788 agree=1 ok_cpu=1 ok_np=1 ms_cpu=11.616718 ms_np=3.574219
BARE file=皖A0V790.jpg gt=皖A0V790 code_cpu=皖A0N790 code_np=皖A0N790 agree=1 ok_cpu=0 ok_np=0 ms_cpu=16.488750 ms_np=3.376094
BARE file=皖A0W669.jpg gt=皖A0W669 code_cpu=皖A0W669 code_np=皖A0W669 agree=1 ok_cpu=1 ok_np=1 ms_cpu=13.963593 ms_np=3.541250
BARE file=皖A0Y000.jpg gt=皖A0Y000 code_cpu=粤A0Y000 code_np=粤A0Y000 agree=1 ok_cpu=0 ok_np=0 ms_cpu=16.242344 ms_np=3.390000
BARE file=皖A10784.jpg gt=皖A10784 code_cpu=皖A10784 code_np=皖A10784 agree=1 ok_cpu=1 ok_np=1 ms_cpu=15.561250 ms_np=3.581094
BARE file=皖A10D09.jpg gt=皖A10D09 code_cpu=皖A10D09 code_np=皖A10D09 agree=1 ok_cpu=1 ok_np=1 ms_cpu=17.384375 ms_np=3.545625
BARE file=皖A11885.jpg gt=皖A11885 code_cpu=皖A11885 code_np=皖A11885 agree=1 ok_cpu=1 ok_np=1 ms_cpu=16.870625 ms_np=3.225312
BARE file=皖A139X8.jpg gt=皖A139X8 code_cpu=皖A139X8 code_np=皖A139X8 agree=1 ok_cpu=1 ok_np=1 ms_cpu=16.766407 ms_np=3.352656
BARE file=皖A13W08.jpg gt=皖A13W08 code_cpu=皖A13W08 code_np=皖A13W08 agree=1 ok_cpu=1 ok_np=1 ms_cpu=18.155781 ms_np=3.362344
BARE file=皖A15104.jpg gt=皖A15104 code_cpu=皖A15104 code_np=皖A15104 agree=1 ok_cpu=1 ok_np=1 ms_cpu=14.830625 ms_np=3.455781
BARE file=皖A151P8.jpg gt=皖A151P8 code_cpu=皖A151P8 code_np=皖A151P8 agree=1 ok_cpu=1 ok_np=1 ms_cpu=17.346563 ms_np=3.336093
BARE file=皖A155X1.jpg gt=皖A155X1 code_cpu=皖A155X1 code_np=皖A155X1 agree=1 ok_cpu=1 ok_np=1 ms_cpu=15.809687 ms_np=3.589375
BARE file=皖A15904.jpg gt=皖A15904 code_cpu=皖A15904 code_np=皖A15904 agree=1 ok_cpu=1 ok_np=1 ms_cpu=15.670625 ms_np=3.323282
BARE file=皖A15C18.jpg gt=皖A15C18 code_cpu=京A15C18 code_np=京A15C18 agree=1 ok_cpu=0 ok_np=0 ms_cpu=17.474843 ms_np=3.538281
BARE file=皖A15D05.jpg gt=皖A15D05 code_cpu=皖A15D05 code_np=皖A15D05 agree=1 ok_cpu=1 ok_np=1 ms_cpu=14.524688 ms_np=3.367657
BARE file=皖A15X05.jpg gt=皖A15X05 code_cpu=皖A15X05 code_np=皖A15X05 agree=1 ok_cpu=1 ok_np=1 ms_cpu=16.320468 ms_np=3.260469
BARE file=皖A160R9.jpg gt=皖A160R9 code_cpu=皖A160R9 code_np=皖A160R9 agree=1 ok_cpu=1 ok_np=1 ms_cpu=17.010625 ms_np=3.495625
BARE file=皖A16552.jpg gt=皖A16552 code_cpu=皖A16552 code_np=皖A16552 agree=1 ok_cpu=1 ok_np=1 ms_cpu=16.621875 ms_np=4.091094
BARE file=皖A18145.jpg gt=皖A18145 code_cpu=沪AJ8145 code_np=沪AJ8145 agree=1 ok_cpu=0 ok_np=0 ms_cpu=16.043282 ms_np=3.504531
BARE file=皖A19A29.jpg gt=皖A19A29 code_cpu=皖A19A29 code_np=皖A19A29 agree=1 ok_cpu=1 ok_np=1 ms_cpu=16.034219 ms_np=3.381562
BARE file=皖A19CC9.jpg gt=皖A19CC9 code_cpu=皖A19CC9 code_np=皖A19CC9 agree=1 ok_cpu=1 ok_np=1 ms_cpu=15.849375 ms_np=3.585782
BARE file=皖A1M876.jpg gt=皖A1M876 code_cpu=皖A1M876 code_np=皖A1M876 agree=1 ok_cpu=1 ok_np=1 ms_cpu=15.118281 ms_np=3.336407
BARE file=皖A1R029.jpg gt=皖A1R029 code_cpu=皖A1R029 code_np=皖A1R029 agree=1 ok_cpu=1 ok_np=1 ms_cpu=16.276875 ms_np=3.865781
BARE file=皖A1X751.jpg gt=皖A1X751 code_cpu=皖A1X751 code_np=皖A1X751 agree=1 ok_cpu=1 ok_np=1 ms_cpu=15.917813 ms_np=3.678593
BARE file=皖A210N2.jpg gt=皖A210N2 code_cpu=皖A210N2 code_np=皖A210N2 agree=1 ok_cpu=1 ok_np=1 ms_cpu=15.187500 ms_np=3.444219
BARE file=皖A21158.jpg gt=皖A21158 code_cpu=皖A21158 code_np=皖A21158 agree=1 ok_cpu=1 ok_np=1 ms_cpu=12.747813 ms_np=3.238594
BARE file=皖A225J1.jpg gt=皖A225J1 code_cpu=皖A225J1 code_np=皖A225J1 agree=1 ok_cpu=1 ok_np=1 ms_cpu=9.893437 ms_np=3.619062
BARE file=皖A225L0.jpg gt=皖A225L0 code_cpu=皖A225L0 code_np=皖A225L0 agree=1 ok_cpu=1 ok_np=1 ms_cpu=13.457657 ms_np=3.380000
BARE file=皖A226K3.jpg gt=皖A226K3 code_cpu=皖A226K3 code_np=皖A226K3 agree=1 ok_cpu=1 ok_np=1 ms_cpu=16.012500 ms_np=3.513594
BARE file=皖A22B20.jpg gt=皖A22B20 code_cpu=皖A22B20 code_np=皖A22B20 agree=1 ok_cpu=1 ok_np=1 ms_cpu=13.281719 ms_np=3.691719
BARE file=皖A22J62.jpg gt=皖A22J62 code_cpu=皖A22J62 code_np=皖A22J62 agree=1 ok_cpu=1 ok_np=1 ms_cpu=15.726250 ms_np=3.540625
BARE file=皖A22U82.jpg gt=皖A22U82 code_cpu=皖A22U82 code_np=皖A22U82 agree=1 ok_cpu=1 ok_np=1 ms_cpu=14.978750 ms_np=3.424688
BARE file=皖A22Y13.jpg gt=皖A22Y13 code_cpu=皖A22Y13 code_np=皖A22Y13 agree=1 ok_cpu=1 ok_np=1 ms_cpu=13.491407 ms_np=3.407656
BARE file=皖A23V61.jpg gt=皖A23V61 code_cpu=皖A23V61 code_np=皖A23V61 agree=1 ok_cpu=1 ok_np=1 ms_cpu=15.563750 ms_np=4.256562
BARE file=皖A25575.jpg gt=皖A25575 code_cpu=皖A25575 code_np=皖A25575 agree=1 ok_cpu=1 ok_np=1 ms_cpu=15.502969 ms_np=3.430937
BARE file=皖A25654.jpg gt=皖A25654 code_cpu=陕A25654 code_np=陕A25654 agree=1 ok_cpu=0 ok_np=0 ms_cpu=18.316406 ms_np=3.601250
BARE file=皖A256R2.jpg gt=皖A256R2 code_cpu=皖A256R2 code_np=皖A256R2 agree=1 ok_cpu=1 ok_np=1 ms_cpu=17.253438 ms_np=3.707344
BARE file=皖A267A8.jpg gt=皖A267A8 code_cpu=桂A267A8 code_np=桂A267A8 agree=1 ok_cpu=0 ok_np=0 ms_cpu=15.222968 ms_np=3.267188
BARE file=皖A27E73.jpg gt=皖A27E73 code_cpu=皖A27E73 code_np=皖A27E73 agree=1 ok_cpu=1 ok_np=1 ms_cpu=12.400313 ms_np=3.434219
BARE file=皖A27J48.jpg gt=皖A27J48 code_cpu=皖A27J48 code_np=皖A27J48 agree=1 ok_cpu=1 ok_np=1 ms_cpu=13.704063 ms_np=3.228125
BARE file=皖A27Z25.jpg gt=皖A27Z25 code_cpu=皖A27Z25 code_np=皖A27Z25 agree=1 ok_cpu=1 ok_np=1 ms_cpu=9.645937 ms_np=3.525625
BARE file=皖A288J3.jpg gt=皖A288J3 code_cpu=皖A288J3 code_np=皖A288J3 agree=1 ok_cpu=1 ok_np=1 ms_cpu=15.338594 ms_np=3.352969
BARE file=皖A28S79.jpg gt=皖A28S79 code_cpu=皖A28S79 code_np=皖A28S79 agree=1 ok_cpu=1 ok_np=1 ms_cpu=15.567188 ms_np=3.505938
BARE file=皖A295E1.jpg gt=皖A295E1 code_cpu=皖A295E1 code_np=皖A295E1 agree=1 ok_cpu=1 ok_np=1 ms_cpu=10.977500 ms_np=3.629375
BARE file=皖A295G6.jpg gt=皖A295G6 code_cpu=皖A295G6 code_np=皖A295G6 agree=1 ok_cpu=1 ok_np=1 ms_cpu=16.170625 ms_np=4.184063
BARE file=皖A296L3.jpg gt=皖A296L3 code_cpu=皖A296L3 code_np=皖A296L3 agree=1 ok_cpu=1 ok_np=1 ms_cpu=12.084844 ms_np=3.337031
BARE file=皖A29C52.jpg gt=皖A29C52 code_cpu=浙A29C52 code_np=浙A29C52 agree=1 ok_cpu=0 ok_np=0 ms_cpu=25.086250 ms_np=3.476094
BARE file=皖A29R72.jpg gt=皖A29R72 code_cpu=皖A29R72 code_np=皖A29R72 agree=1 ok_cpu=1 ok_np=1 ms_cpu=22.173125 ms_np=7.590625
BARE file=皖A2G119.jpg gt=皖A2G119 code_cpu=皖A2G119 code_np=皖A2G119 agree=1 ok_cpu=1 ok_np=1 ms_cpu=21.674219 ms_np=8.165469
BARE file=皖A2M610.jpg gt=皖A2M610 code_cpu=皖A2M610 code_np=皖A2M610 agree=1 ok_cpu=1 ok_np=1 ms_cpu=23.110156 ms_np=8.337969
BARE file=皖A2P898.jpg gt=皖A2P898 code_cpu=皖A2P898 code_np=皖A2P898 agree=1 ok_cpu=1 ok_np=1 ms_cpu=20.225312 ms_np=7.770938
BARE file=皖A2T582.jpg gt=皖A2T582 code_cpu=皖A2T582 code_np=皖A2T582 agree=1 ok_cpu=1 ok_np=1 ms_cpu=20.723594 ms_np=7.691406
BARE file=皖A2U448.jpg gt=皖A2U448 code_cpu=粤A2J448 code_np=粤A2J448 agree=1 ok_cpu=0 ok_np=0 ms_cpu=25.059688 ms_np=7.903125
BARE file=皖A2V257.jpg gt=皖A2V257 code_cpu=皖A2V257 code_np=皖A2V257 agree=1 ok_cpu=1 ok_np=1 ms_cpu=26.783907 ms_np=10.982812
BARE file=皖A2W109.jpg gt=皖A2W109 code_cpu=皖A2W109 code_np=皖A2W109 agree=1 ok_cpu=1 ok_np=1 ms_cpu=28.515937 ms_np=9.597344
BARE file=皖A2Y900.jpg gt=皖A2Y900 code_cpu=皖A2Y900 code_np=皖A2Y900 agree=1 ok_cpu=1 ok_np=1 ms_cpu=35.760469 ms_np=4.682343
BARE file=皖A30B03.jpg gt=皖A30B03 code_cpu=皖A30B03 code_np=皖A30B03 agree=1 ok_cpu=1 ok_np=1 ms_cpu=37.684218 ms_np=5.158125
BARE file=皖A30F03.jpg gt=皖A30F03 code_cpu=皖A30F03 code_np=皖A30F03 agree=1 ok_cpu=1 ok_np=1 ms_cpu=16.427500 ms_np=3.519375
BARE file=皖A30J56.jpg gt=皖A30J56 code_cpu=皖A30J56 code_np=皖A30J56 agree=1 ok_cpu=1 ok_np=1 ms_cpu=16.524062 ms_np=4.032969
BARE file=皖A32C32.jpg gt=皖A32C32 code_cpu=皖A32C32 code_np=皖A32C32 agree=1 ok_cpu=1 ok_np=1 ms_cpu=15.519063 ms_np=3.587187
BARE file=皖A32Q72.jpg gt=皖A32Q72 code_cpu=皖A32Q72 code_np=皖A32Q72 agree=1 ok_cpu=1 ok_np=1 ms_cpu=13.434844 ms_np=4.303907
BARE file=皖A33673.jpg gt=皖A33673 code_cpu=皖A33673 code_np=皖A33673 agree=1 ok_cpu=1 ok_np=1 ms_cpu=17.010937 ms_np=4.883906
BARE file=皖A339Q9.jpg gt=皖A339Q9 code_cpu=皖A339Q9 code_np=皖A339Q9 agree=1 ok_cpu=1 ok_np=1 ms_cpu=16.480625 ms_np=4.188437
BARE file=皖A33Q56.jpg gt=皖A33Q56 code_cpu=皖A33Q56 code_np=皖A33Q56 agree=1 ok_cpu=1 ok_np=1 ms_cpu=16.782343 ms_np=4.595938
BARE file=皖A33Y37.jpg gt=皖A33Y37 code_cpu=皖A33Y37 code_np=皖A33Y37 agree=1 ok_cpu=1 ok_np=1 ms_cpu=16.146250 ms_np=4.478750
BARE file=皖A34V88.jpg gt=皖A34V88 code_cpu=粤A34V88 code_np=粤A34V88 agree=1 ok_cpu=0 ok_np=0 ms_cpu=16.431250 ms_np=4.081875
BARE file=皖A373H7.jpg gt=皖A373H7 code_cpu=皖A373H7 code_np=皖A373H7 agree=1 ok_cpu=1 ok_np=1 ms_cpu=16.833281 ms_np=4.119219
BARE file=皖A383N7.jpg gt=皖A383N7 code_cpu=皖A383N7 code_np=皖A383N7 agree=1 ok_cpu=1 ok_np=1 ms_cpu=16.575468 ms_np=4.395313
BARE file=皖A390X1.jpg gt=皖A390X1 code_cpu=皖A390X1 code_np=皖A390X1 agree=1 ok_cpu=1 ok_np=1 ms_cpu=16.467344 ms_np=5.003906
BARE file=皖A393H5.jpg gt=皖A393H5 code_cpu=皖A393H5 code_np=皖A393H5 agree=1 ok_cpu=1 ok_np=1 ms_cpu=16.113125 ms_np=4.020156
BARE file=皖A39993.jpg gt=皖A39993 code_cpu=皖A39993 code_np=皖A39993 agree=1 ok_cpu=1 ok_np=1 ms_cpu=16.334219 ms_np=4.502187
BARE file=皖A3B926.jpg gt=皖A3B926 code_cpu=皖A3B926 code_np=皖A3B926 agree=1 ok_cpu=1 ok_np=1 ms_cpu=15.892187 ms_np=3.954375
BARE file=皖A3E773.jpg gt=皖A3E773 code_cpu=皖A3E773 code_np=皖A3E773 agree=1 ok_cpu=1 ok_np=1 ms_cpu=16.161718 ms_np=4.010313
BARE file=皖A3F639.jpg gt=皖A3F639 code_cpu=皖A3F639 code_np=皖A3F639 agree=1 ok_cpu=1 ok_np=1 ms_cpu=16.745469 ms_np=4.029531
BARE file=皖A3L060.jpg gt=皖A3L060 code_cpu=皖A3L060 code_np=皖A3L060 agree=1 ok_cpu=1 ok_np=1 ms_cpu=16.540625 ms_np=4.134063
BARE file=皖A3L526.jpg gt=皖A3L526 code_cpu=皖A3L526 code_np=皖A3L526 agree=1 ok_cpu=1 ok_np=1 ms_cpu=17.089063 ms_np=4.515156
BARE file=皖A3U861.jpg gt=皖A3U861 code_cpu=皖A3U861 code_np=皖A3U861 agree=1 ok_cpu=1 ok_np=1 ms_cpu=14.375469 ms_np=4.073125
BARE file=皖A3V411.jpg gt=皖A3V411 code_cpu=皖A3V411 code_np=皖A3V411 agree=1 ok_cpu=1 ok_np=1 ms_cpu=15.858594 ms_np=3.912500
BARE file=皖A3W265.jpg gt=皖A3W265 code_cpu=皖A3W265 code_np=皖A3W265 agree=1 ok_cpu=1 ok_np=1 ms_cpu=17.468281 ms_np=4.223125
BARE file=皖A3X096.jpg gt=皖A3X096 code_cpu=皖A3X096 code_np=皖A3X096 agree=1 ok_cpu=1 ok_np=1 ms_cpu=16.209219 ms_np=3.968125
BARE file=皖A3Y127.jpg gt=皖A3Y127 code_cpu=皖A3Y127 code_np=皖A3Y127 agree=1 ok_cpu=1 ok_np=1 ms_cpu=16.264688 ms_np=5.305156
BARE file=皖A40035.jpg gt=皖A40035 code_cpu=皖A40035 code_np=皖A40035 agree=1 ok_cpu=1 ok_np=1 ms_cpu=14.252812 ms_np=3.942656
BARE file=皖A40765.jpg gt=皖A40765 code_cpu=皖A40765 code_np=皖A40765 agree=1 ok_cpu=1 ok_np=1 ms_cpu=15.773438 ms_np=4.025312
BARE file=皖A41E23.jpg gt=皖A41E23 code_cpu=皖A41E23 code_np=皖A41E23 agree=1 ok_cpu=1 ok_np=1 ms_cpu=16.632813 ms_np=4.717813
BARE file=皖A42154.jpg gt=皖A42154 code_cpu=皖A42154 code_np=皖A42154 agree=1 ok_cpu=1 ok_np=1 ms_cpu=16.481563 ms_np=4.275000
BARE file=皖A43877.jpg gt=皖A43877 code_cpu=皖A43877 code_np=皖A43877 agree=1 ok_cpu=1 ok_np=1 ms_cpu=15.854219 ms_np=3.813125
BARE file=皖A43L76.jpg gt=皖A43L76 code_cpu=皖A43L76 code_np=皖A43L76 agree=1 ok_cpu=1 ok_np=1 ms_cpu=16.582187 ms_np=4.788282
BARE file=皖A44241.jpg gt=皖A44241 code_cpu=皖A44241 code_np=皖A44241 agree=1 ok_cpu=1 ok_np=1 ms_cpu=17.639219 ms_np=4.728906
BARE file=皖A45G33.jpg gt=皖A45G33 code_cpu=皖A45G33 code_np=皖A45G33 agree=1 ok_cpu=1 ok_np=1 ms_cpu=16.216250 ms_np=3.923594
BARE file=皖A46E18.jpg gt=皖A46E18 code_cpu=皖A46E18 code_np=皖A46E18 agree=1 ok_cpu=1 ok_np=1 ms_cpu=16.193750 ms_np=3.810000
BARE file=皖A46X66.jpg gt=皖A46X66 code_cpu=皖A46X66 code_np=皖A46X66 agree=1 ok_cpu=1 ok_np=1 ms_cpu=16.768906 ms_np=4.059844
BARE file=皖A479T8.jpg gt=皖A479T8 code_cpu=皖A479T8 code_np=皖A479T8 agree=1 ok_cpu=1 ok_np=1 ms_cpu=15.995625 ms_np=4.211250
BARE file=皖A49P06.jpg gt=皖A49P06 code_cpu=京5A9P06 code_np=京5A9P06 agree=1 ok_cpu=0 ok_np=0 ms_cpu=16.268281 ms_np=4.085625
BARE file=皖A4K651.jpg gt=皖A4K651 code_cpu=皖A4K651 code_np=皖A4K651 agree=1 ok_cpu=1 ok_np=1 ms_cpu=15.287812 ms_np=4.902656
BARE file=皖A4L664.jpg gt=皖A4L664 code_cpu=皖A4L664 code_np=皖A4L664 agree=1 ok_cpu=1 ok_np=1 ms_cpu=16.436406 ms_np=4.802031
BARE file=皖A4M405.jpg gt=皖A4M405 code_cpu=京A4M405 code_np=京A4M405 agree=1 ok_cpu=0 ok_np=0 ms_cpu=17.359375 ms_np=4.004219
BARE file=皖A4P668.jpg gt=皖A4P668 code_cpu=皖A4P668 code_np=皖A4P668 agree=1 ok_cpu=1 ok_np=1 ms_cpu=17.009063 ms_np=4.232969
BARE file=皖A4T733.jpg gt=皖A4T733 code_cpu=皖A4T733 code_np=皖A4T733 agree=1 ok_cpu=1 ok_np=1 ms_cpu=16.041094 ms_np=4.161719
BARE file=皖A4X969.jpg gt=皖A4X969 code_cpu=皖A4X969 code_np=皖A4X969 agree=1 ok_cpu=1 ok_np=1 ms_cpu=16.524843 ms_np=4.232968
BARE file=皖A4Y389.jpg gt=皖A4Y389 code_cpu=皖A4Y389 code_np=皖A4Y389 agree=1 ok_cpu=1 ok_np=1 ms_cpu=15.957656 ms_np=4.709531
BARE file=皖A500R6.jpg gt=皖A500R6 code_cpu=皖A500R6 code_np=皖A500R6 agree=1 ok_cpu=1 ok_np=1 ms_cpu=16.496250 ms_np=3.787500
BARE file=皖A506T7.jpg gt=皖A506T7 code_cpu=皖A506T7 code_np=皖A506T7 agree=1 ok_cpu=1 ok_np=1 ms_cpu=16.532500 ms_np=4.044375
BARE file=皖A508X8.jpg gt=皖A508X8 code_cpu=皖A508X8 code_np=皖A508X8 agree=1 ok_cpu=1 ok_np=1 ms_cpu=16.558125 ms_np=5.021250
BARE file=皖A512T3.jpg gt=皖A512T3 code_cpu=皖A512T3 code_np=皖A512T3 agree=1 ok_cpu=1 ok_np=1 ms_cpu=15.048125 ms_np=3.717657
BARE file=皖A522T5.jpg gt=皖A522T5 code_cpu=皖A522T5 code_np=皖A522T5 agree=1 ok_cpu=1 ok_np=1 ms_cpu=17.829844 ms_np=4.805469
BARE file=皖A522W6.jpg gt=皖A522W6 code_cpu=皖A522W6 code_np=皖A522W6 agree=1 ok_cpu=1 ok_np=1 ms_cpu=16.852968 ms_np=5.735625
BARE file=皖A526G9.jpg gt=皖A526G9 code_cpu=皖A526G9 code_np=皖A526G9 agree=1 ok_cpu=1 ok_np=1 ms_cpu=16.760468 ms_np=4.007500
BARE file=皖A52K60.jpg gt=皖A52K60 code_cpu=皖A52K60 code_np=皖A52K60 agree=1 ok_cpu=1 ok_np=1 ms_cpu=16.870156 ms_np=4.153750
BARE file=皖A531J3.jpg gt=皖A531J3 code_cpu=皖A531J3 code_np=皖A531J3 agree=1 ok_cpu=1 ok_np=1 ms_cpu=16.017343 ms_np=4.185781
BARE file=皖A536K3.jpg gt=皖A536K3 code_cpu=皖A536K3 code_np=皖A536K3 agree=1 ok_cpu=1 ok_np=1 ms_cpu=16.091094 ms_np=3.709531
BARE file=皖A53D57.jpg gt=皖A53D57 code_cpu=皖A53D57 code_np=皖A53D57 agree=1 ok_cpu=1 ok_np=1 ms_cpu=17.182344 ms_np=4.222344
BARE file=皖A53N00.jpg gt=皖A53N00 code_cpu=皖A53N00 code_np=皖A53N00 agree=1 ok_cpu=1 ok_np=1 ms_cpu=16.248125 ms_np=5.347812
BARE file=皖A551B0.jpg gt=皖A551B0 code_cpu=皖A551B0 code_np=皖A551B0 agree=1 ok_cpu=1 ok_np=1 ms_cpu=16.174687 ms_np=4.142187
BARE file=皖A55756.jpg gt=皖A55756 code_cpu=皖A55756 code_np=皖A55756 agree=1 ok_cpu=1 ok_np=1 ms_cpu=18.589062 ms_np=4.445625
BARE file=皖A55A25.jpg gt=皖A55A25 code_cpu=皖A55A25 code_np=皖A55A25 agree=1 ok_cpu=1 ok_np=1 ms_cpu=16.210312 ms_np=4.272656
BARE file=皖A55Q00.jpg gt=皖A55Q00 code_cpu=皖A55Q00 code_np=皖A55Q00 agree=1 ok_cpu=1 ok_np=1 ms_cpu=16.586875 ms_np=3.986875
BARE file=皖A56384.jpg gt=皖A56384 code_cpu=皖A56384 code_np=皖A56384 agree=1 ok_cpu=1 ok_np=1 ms_cpu=15.628282 ms_np=4.392969
BARE file=皖A56Z37.jpg gt=皖A56Z37 code_cpu=皖A56Z37 code_np=皖A56Z37 agree=1 ok_cpu=1 ok_np=1 ms_cpu=16.498282 ms_np=4.613594
BARE file=皖A57Q80.jpg gt=皖A57Q80 code_cpu=皖A57Q80 code_np=皖A57Q80 agree=1 ok_cpu=1 ok_np=1 ms_cpu=16.340937 ms_np=3.876250
BARE file=皖A584P4.jpg gt=皖A584P4 code_cpu=皖A584P4 code_np=皖A584P4 agree=1 ok_cpu=1 ok_np=1 ms_cpu=16.057812 ms_np=3.949062
BARE file=皖A586H7.jpg gt=皖A586H7 code_cpu=桂A586H7 code_np=粤A586H7 agree=0 ok_cpu=0 ok_np=0 ms_cpu=16.238750 ms_np=3.975938
BARE file=皖A587S9.jpg gt=皖A587S9 code_cpu=皖A587S9 code_np=皖A587S9 agree=1 ok_cpu=1 ok_np=1 ms_cpu=17.100781 ms_np=4.132812
BARE file=皖A590W8.jpg gt=皖A590W8 code_cpu=皖A590W8 code_np=皖A590W8 agree=1 ok_cpu=1 ok_np=1 ms_cpu=16.401407 ms_np=4.100313
BARE file=皖A596C7.jpg gt=皖A596C7 code_cpu=云A596C7 code_np=云A596C7 agree=1 ok_cpu=0 ok_np=0 ms_cpu=16.368281 ms_np=4.021562
BARE file=皖A59D31.jpg gt=皖A59D31 code_cpu=皖A59D31 code_np=皖A59D31 agree=1 ok_cpu=1 ok_np=1 ms_cpu=15.615782 ms_np=3.987187
BARE file=皖A5B393.jpg gt=皖A5B393 code_cpu=皖A5B393 code_np=皖A5B393 agree=1 ok_cpu=1 ok_np=1 ms_cpu=16.329844 ms_np=4.388594
BARE file=皖A5F236.jpg gt=皖A5F236 code_cpu=皖A5F236 code_np=皖A5F236 agree=1 ok_cpu=1 ok_np=1 ms_cpu=14.622500 ms_np=4.129219
BARE file=皖A5G895.jpg gt=皖A5G895 code_cpu=粤A5G422 code_np=粤A5G422 agree=1 ok_cpu=0 ok_np=0 ms_cpu=16.818907 ms_np=3.971094
BARE file=皖A5J155.jpg gt=皖A5J155 code_cpu=皖A5J155 code_np=皖A5J155 agree=1 ok_cpu=1 ok_np=1 ms_cpu=23.009063 ms_np=4.035938
BARE file=皖A5M527.jpg gt=皖A5M527 code_cpu=皖A5M527 code_np= agree=0 ok_cpu=1 ok_np=0 ms_cpu=35.725937 ms_np=
BARE file=皖A5N387.jpg gt=皖A5N387 code_cpu=皖A5N387 code_np= agree=0 ok_cpu=1 ok_np=0 ms_cpu=20.095469 ms_np=
BARE file=皖A5S081.jpg gt=皖A5S081 code_cpu=皖A5S081 code_np= agree=0 ok_cpu=1 ok_np=0 ms_cpu=20.389844 ms_np=
BARE file=皖A5S422.jpg gt=皖A5S422 code_cpu=皖A5S422 code_np= agree=0 ok_cpu=1 ok_np=0 ms_cpu=17.409531 ms_np=
BARE file=皖A5S939.jpg gt=皖A5S939 code_cpu=皖A5S939 code_np= agree=0 ok_cpu=1 ok_np=0 ms_cpu=19.265000 ms_np=
BARE file=皖A5T949.jpg gt=皖A5T949 code_cpu=粤BA5T949 code_np= agree=0 ok_cpu=0 ok_np=0 ms_cpu=21.649219 ms_np=
BARE file=皖A5Y646.jpg gt=皖A5Y646 code_cpu=皖A5Y646 code_np= agree=0 ok_cpu=1 ok_np=0 ms_cpu=24.692031 ms_np=
BARE file=皖A625X0.jpg gt=皖A625X0 code_cpu=粤A625X0 code_np=粤A625X0 agree=1 ok_cpu=0 ok_np=0 ms_cpu=19.697813 ms_np=3.614531
BARE file=皖A62R17.jpg gt=皖A62R17 code_cpu=皖A62R17 code_np=皖A62R17 agree=1 ok_cpu=1 ok_np=1 ms_cpu=17.928437 ms_np=4.156719
BARE file=皖A63244.jpg gt=皖A63244 code_cpu=皖A63244 code_np=皖A63244 agree=1 ok_cpu=1 ok_np=1 ms_cpu=16.758907 ms_np=3.634531
BARE file=皖A65154.jpg gt=皖A65154 code_cpu=皖A65154 code_np=皖A65154 agree=1 ok_cpu=1 ok_np=1 ms_cpu=16.987344 ms_np=5.309218
BARE file=皖A67L10.jpg gt=皖A67L10 code_cpu=皖A67L10 code_np=皖A67L10 agree=1 ok_cpu=1 ok_np=1 ms_cpu=16.900625 ms_np=3.908125
BARE file=皖A686L3.jpg gt=皖A686L3 code_cpu=皖A686L3 code_np=皖A686L3 agree=1 ok_cpu=1 ok_np=1 ms_cpu=15.956719 ms_np=4.067656
BARE file=皖A69858.jpg gt=皖A69858 code_cpu=皖A69858 code_np=皖A69858 agree=1 ok_cpu=1 ok_np=1 ms_cpu=16.744843 ms_np=4.019219
BARE file=皖A6B667.jpg gt=皖A6B667 code_cpu=皖A6B667 code_np=皖A6B667 agree=1 ok_cpu=1 ok_np=1 ms_cpu=16.488906 ms_np=4.425781
BARE file=皖A6F288.jpg gt=皖A6F288 code_cpu=皖A6F288 code_np=皖A6F288 agree=1 ok_cpu=1 ok_np=1 ms_cpu=17.074219 ms_np=4.130625
BARE file=皖A6N958.jpg gt=皖A6N958 code_cpu=皖A6N958 code_np=皖A6N958 agree=1 ok_cpu=1 ok_np=1 ms_cpu=14.690625 ms_np=3.758125
BARE file=皖A6S088.jpg gt=皖A6S088 code_cpu=皖A6S088 code_np=皖A6S088 agree=1 ok_cpu=1 ok_np=1 ms_cpu=17.079531 ms_np=5.139688
BARE file=皖A6T999.jpg gt=皖A6T999 code_cpu=皖A6T999 code_np=皖A6T999 agree=1 ok_cpu=1 ok_np=1 ms_cpu=16.810469 ms_np=3.821719
BARE file=皖A6U231.jpg gt=皖A6U231 code_cpu=皖A6U231 code_np=皖A6U231 agree=1 ok_cpu=1 ok_np=1 ms_cpu=17.401250 ms_np=3.799219
BARE file=皖A6V359.jpg gt=皖A6V359 code_cpu=桂A6V359 code_np=桂A6V359 agree=1 ok_cpu=0 ok_np=0 ms_cpu=16.052187 ms_np=3.839219
BARE file=皖A71920.jpg gt=皖A71920 code_cpu=皖A71920 code_np=皖A71920 agree=1 ok_cpu=1 ok_np=1 ms_cpu=16.635938 ms_np=3.850000
BARE file=皖A71H99.jpg gt=皖A71H99 code_cpu=皖A71H99 code_np=皖A71H99 agree=1 ok_cpu=1 ok_np=1 ms_cpu=16.857031 ms_np=4.052969
BARE file=皖A72G21.jpg gt=皖A72G21 code_cpu=皖A72G21 code_np=皖A72G21 agree=1 ok_cpu=1 ok_np=1 ms_cpu=16.344844 ms_np=4.016407
BARE file=皖A72P33.jpg gt=皖A72P33 code_cpu=皖A72P33 code_np=皖A72P33 agree=1 ok_cpu=1 ok_np=1 ms_cpu=17.301562 ms_np=3.889218
BARE file=皖A753V2.jpg gt=皖A753V2 code_cpu=皖A753V2 code_np=皖A753V2 agree=1 ok_cpu=1 ok_np=1 ms_cpu=15.398125 ms_np=4.029375
BARE file=皖A75524.jpg gt=皖A75524 code_cpu=皖A75524 code_np=皖A75524 agree=1 ok_cpu=1 ok_np=1 ms_cpu=16.655938 ms_np=4.076563
BARE file=皖A75556.jpg gt=皖A75556 code_cpu=粤A75556 code_np=粤A75556 agree=1 ok_cpu=0 ok_np=0 ms_cpu=16.778437 ms_np=4.140781
BARE file=皖A76737.jpg gt=皖A76737 code_cpu=皖A76737 code_np=皖A76737 agree=1 ok_cpu=1 ok_np=1 ms_cpu=16.405312 ms_np=3.907343
BARE file=皖A76Q38.jpg gt=皖A76Q38 code_cpu=皖A76Q38 code_np=皖A76Q38 agree=1 ok_cpu=1 ok_np=1 ms_cpu=17.574844 ms_np=4.195937
BARE file=皖A76Q62.jpg gt=皖A76Q62 code_cpu=皖A76Q62 code_np=皖A76Q62 agree=1 ok_cpu=1 ok_np=1 ms_cpu=16.541719 ms_np=3.777188
BARE file=皖A772A1.jpg gt=皖A772A1 code_cpu=皖A772A1 code_np=皖A772A1 agree=1 ok_cpu=1 ok_np=1 ms_cpu=17.488281 ms_np=3.853438
BARE file=皖A777Y1.jpg gt=皖A777Y1 code_cpu=皖A777Y1 code_np=皖A777Y1 agree=1 ok_cpu=1 ok_np=1 ms_cpu=15.971250 ms_np=4.312969
BARE file=皖A779H7.jpg gt=皖A779H7 code_cpu=皖A779H7 code_np=皖A779H7 agree=1 ok_cpu=1 ok_np=1 ms_cpu=16.819063 ms_np=4.033438
BARE file=皖A77Q40.jpg gt=皖A77Q40 code_cpu=粤A77Q40 code_np=粤A77Q40 agree=1 ok_cpu=0 ok_np=0 ms_cpu=17.166250 ms_np=3.832031
BARE file=皖A77S66.jpg gt=皖A77S66 code_cpu=皖A77S66 code_np=皖A77S66 agree=1 ok_cpu=1 ok_np=1 ms_cpu=19.476406 ms_np=4.373438
BARE file=皖A77Z41.jpg gt=皖A77Z41 code_cpu=皖A77Z41 code_np=皖A77Z41 agree=1 ok_cpu=1 ok_np=1 ms_cpu=16.882500 ms_np=3.712344
BARE file=皖A782U2.jpg gt=皖A782U2 code_cpu=皖A782U2 code_np=皖A782U2 agree=1 ok_cpu=1 ok_np=1 ms_cpu=15.730469 ms_np=3.428438
BARE file=皖A786J2.jpg gt=皖A786J2 code_cpu=皖A786J2 code_np=皖A786J2 agree=1 ok_cpu=1 ok_np=1 ms_cpu=15.945469 ms_np=3.447188
BARE file=皖A78J81.jpg gt=皖A78J81 code_cpu=皖A78J81 code_np=皖A78J81 agree=1 ok_cpu=1 ok_np=1 ms_cpu=18.040312 ms_np=4.101563
BARE file=皖A78X13.jpg gt=皖A78X13 code_cpu=皖A78X13 code_np=皖A78X13 agree=1 ok_cpu=1 ok_np=1 ms_cpu=16.625156 ms_np=3.796250
BARE file=皖A796G8.jpg gt=皖A796G8 code_cpu=皖A796G8 code_np=皖A796G8 agree=1 ok_cpu=1 ok_np=1 ms_cpu=15.824062 ms_np=3.883282
BARE file=皖A79Y11.jpg gt=皖A79Y11 code_cpu=皖A79Y11 code_np=皖A79Y11 agree=1 ok_cpu=1 ok_np=1 ms_cpu=16.092969 ms_np=3.579063
BARE file=皖A7B878.jpg gt=皖A7B878 code_cpu=皖A7B878 code_np=皖A7B878 agree=1 ok_cpu=1 ok_np=1 ms_cpu=17.085937 ms_np=4.220781
BARE file=皖A7E070.jpg gt=皖A7E070 code_cpu=皖A7E070 code_np=皖A7E070 agree=1 ok_cpu=1 ok_np=1 ms_cpu=16.380000 ms_np=3.929219
BARE file=皖A7M538.jpg gt=皖A7M538 code_cpu=皖A7M538 code_np=皖A7M538 agree=1 ok_cpu=1 ok_np=1 ms_cpu=16.056719 ms_np=3.596563
BARE file=皖A7R016.jpg gt=皖A7R016 code_cpu=皖A7R016 code_np=皖A7R016 agree=1 ok_cpu=1 ok_np=1 ms_cpu=16.641094 ms_np=3.805937
BARE file=皖A7Y001.jpg gt=皖A7Y001 code_cpu=皖A7Y001 code_np=皖A7Y001 agree=1 ok_cpu=1 ok_np=1 ms_cpu=16.767500 ms_np=3.702656
BARE file=皖A7Y091.jpg gt=皖A7Y091 code_cpu=皖A7Y091 code_np=皖A7Y091 agree=1 ok_cpu=1 ok_np=1 ms_cpu=14.810781 ms_np=3.697188
BARE file=皖A7Y669.jpg gt=皖A7Y669 code_cpu=皖A7Y669 code_np=皖A7Y669 agree=1 ok_cpu=1 ok_np=1 ms_cpu=17.077813 ms_np=4.105937
BARE file=皖A808L2.jpg gt=皖A808L2 code_cpu=皖A808L2 code_np=皖A808L2 agree=1 ok_cpu=1 ok_np=1 ms_cpu=20.896562 ms_np=4.138438
BARE file=皖A818D8.jpg gt=皖A818D8 code_cpu=皖A818D8 code_np=皖A818D8 agree=1 ok_cpu=1 ok_np=1 ms_cpu=21.469219 ms_np=4.107656
BARE file=皖A81G01.jpg gt=皖A81G01 code_cpu=皖A81G01 code_np=皖A81G01 agree=1 ok_cpu=1 ok_np=1 ms_cpu=17.777812 ms_np=3.888281
BARE file=皖A82023.jpg gt=皖A82023 code_cpu=皖A82023 code_np=皖A82023 agree=1 ok_cpu=1 ok_np=1 ms_cpu=23.755000 ms_np=3.971562
BARE file=皖A82Z60.jpg gt=皖A82Z60 code_cpu=皖A82Z60 code_np=皖A82Z60 agree=1 ok_cpu=1 ok_np=1 ms_cpu=32.922657 ms_np=4.345156
BARE file=皖A84A12.jpg gt=皖A84A12 code_cpu=皖A84A12 code_np=皖A84A12 agree=1 ok_cpu=1 ok_np=1 ms_cpu=20.449375 ms_np=3.559219
BARE file=皖A84H99.jpg gt=皖A84H99 code_cpu=皖A84H99 code_np=皖A84H99 agree=1 ok_cpu=1 ok_np=1 ms_cpu=26.442500 ms_np=4.000313
BARE file=皖A84V80.jpg gt=皖A84V80 code_cpu=粤A84V80 code_np=粤A84V80 agree=1 ok_cpu=0 ok_np=0 ms_cpu=25.111406 ms_np=4.097344
BARE file=皖A85370.jpg gt=皖A85370 code_cpu=皖A85370 code_np=皖A85370 agree=1 ok_cpu=1 ok_np=1 ms_cpu=34.882343 ms_np=4.213594
BARE file=皖A85H73.jpg gt=皖A85H73 code_cpu=皖A85H73 code_np=皖A85H73 agree=1 ok_cpu=1 ok_np=1 ms_cpu=32.779687 ms_np=3.743437
BARE file=皖A85Y58.jpg gt=皖A85Y58 code_cpu=皖A85Y58 code_np=皖A85Y58 agree=1 ok_cpu=1 ok_np=1 ms_cpu=24.754375 ms_np=4.853438
BARE file=皖A860E6.jpg gt=皖A860E6 code_cpu=皖A860E6 code_np=皖A860E6 agree=1 ok_cpu=1 ok_np=1 ms_cpu=19.274062 ms_np=3.836719
BARE file=皖A86C88.jpg gt=皖A86C88 code_cpu=皖A86C88 code_np=皖A86C88 agree=1 ok_cpu=1 ok_np=1 ms_cpu=19.038750 ms_np=3.549375
BARE file=皖A870S8.jpg gt=皖A870S8 code_cpu=皖A870S8 code_np=皖A870S8 agree=1 ok_cpu=1 ok_np=1 ms_cpu=19.555312 ms_np=3.623437
BARE file=皖A878R3.jpg gt=皖A878R3 code_cpu=皖A878R3 code_np=皖A878R3 agree=1 ok_cpu=1 ok_np=1 ms_cpu=24.596875 ms_np=3.918438
BARE file=皖A87BB7.jpg gt=皖A87BB7 code_cpu=皖A87BB7 code_np=皖A87BB7 agree=1 ok_cpu=1 ok_np=1 ms_cpu=16.535938 ms_np=4.146563
BARE file=皖A884B0.jpg gt=皖A884B0 code_cpu=冀A884B0 code_np=冀A884B0 agree=1 ok_cpu=0 ok_np=0 ms_cpu=25.383438 ms_np=3.534687
BARE file=皖A88G02.jpg gt=皖A88G02 code_cpu=AA86603 code_np=AA86603 agree=1 ok_cpu=0 ok_np=0 ms_cpu=15.912968 ms_np=3.365312
BARE file=皖A88G40.jpg gt=皖A88G40 code_cpu=皖A88G40 code_np=皖A88G40 agree=1 ok_cpu=1 ok_np=1 ms_cpu=15.047343 ms_np=3.675937
BARE file=皖A88J99.jpg gt=皖A88J99 code_cpu=皖A88J99 code_np=皖A88J99 agree=1 ok_cpu=1 ok_np=1 ms_cpu=16.224844 ms_np=3.385156
BARE file=皖A88T24.jpg gt=皖A88T24 code_cpu=皖A88T24 code_np=皖A88T24 agree=1 ok_cpu=1 ok_np=1 ms_cpu=12.385312 ms_np=3.463750
BARE file=皖A8C308.jpg gt=皖A8C308 code_cpu= code_np=皖A8C308 agree=0 ok_cpu=0 ok_np=1 ms_cpu= ms_np=3.820469
BARE file=皖A8F072.jpg gt=皖A8F072 code_cpu= code_np=皖A8F072 agree=0 ok_cpu=0 ok_np=1 ms_cpu= ms_np=3.827812
BARE file=皖A8F789.jpg gt=皖A8F789 code_cpu= code_np=皖A8F789 agree=0 ok_cpu=0 ok_np=1 ms_cpu= ms_np=3.546094
BARE file=皖A8H128.jpg gt=皖A8H128 code_cpu= code_np=皖A8H128 agree=0 ok_cpu=0 ok_np=1 ms_cpu= ms_np=3.731093
BARE file=皖A8J338.jpg gt=皖A8J338 code_cpu= code_np=皖A8J338 agree=0 ok_cpu=0 ok_np=1 ms_cpu= ms_np=3.644219
BARE file=皖A8K498.jpg gt=皖A8K498 code_cpu= code_np=皖A8K498 agree=0 ok_cpu=0 ok_np=1 ms_cpu= ms_np=3.611250
BARE file=皖A8M636.jpg gt=皖A8M636 code_cpu= code_np=皖A8M636 agree=0 ok_cpu=0 ok_np=1 ms_cpu= ms_np=3.842031
BARE file=皖A8P171.jpg gt=皖A8P171 code_cpu= code_np=皖A8P171 agree=0 ok_cpu=0 ok_np=1 ms_cpu= ms_np=3.665313
BARE file=皖A8R966.jpg gt=皖A8R966 code_cpu= code_np=皖A8R966 agree=0 ok_cpu=0 ok_np=1 ms_cpu= ms_np=3.450000
BARE file=皖A8Y796.jpg gt=皖A8Y796 code_cpu= code_np=皖A8Y796 agree=0 ok_cpu=0 ok_np=1 ms_cpu= ms_np=3.326406
BARE file=皖A8Z808.jpg gt=皖A8Z808 code_cpu= code_np=皖A8Z808 agree=0 ok_cpu=0 ok_np=1 ms_cpu= ms_np=3.466094
BARE file=皖A906G2.jpg gt=皖A906G2 code_cpu= code_np=桂A906G2 agree=0 ok_cpu=0 ok_np=0 ms_cpu= ms_np=3.299844
BARE file=皖A908W0.jpg gt=皖A908W0 code_cpu= code_np=皖A908W0 agree=0 ok_cpu=0 ok_np=1 ms_cpu= ms_np=3.953281
BARE file=皖A918P5.jpg gt=皖A918P5 code_cpu= code_np=皖A918P5 agree=0 ok_cpu=0 ok_np=1 ms_cpu= ms_np=4.029062
BARE file=皖A91Y91.jpg gt=皖A91Y91 code_cpu= code_np=皖A91Y91 agree=0 ok_cpu=0 ok_np=1 ms_cpu= ms_np=4.038125
BARE file=皖A92888.jpg gt=皖A92888 code_cpu= code_np=皖A92888 agree=0 ok_cpu=0 ok_np=1 ms_cpu= ms_np=3.613750
BARE file=皖A933V2.jpg gt=皖A933V2 code_cpu= code_np=皖A933V2 agree=0 ok_cpu=0 ok_np=1 ms_cpu= ms_np=4.204375
BARE file=皖A93AC6.jpg gt=皖A93AC6 code_cpu= code_np=皖A93AC6 agree=0 ok_cpu=0 ok_np=1 ms_cpu= ms_np=3.477813
BARE file=皖A95C01.jpg gt=皖A95C01 code_cpu= code_np=皖A95C01 agree=0 ok_cpu=0 ok_np=1 ms_cpu= ms_np=3.558750
BARE file=皖A95T71.jpg gt=皖A95T71 code_cpu= code_np=皖A95T71 agree=0 ok_cpu=0 ok_np=1 ms_cpu= ms_np=3.433593
BARE file=皖A96H66.jpg gt=皖A96H66 code_cpu= code_np=皖A96H66 agree=0 ok_cpu=0 ok_np=1 ms_cpu= ms_np=3.529531
BARE file=皖A96N71.jpg gt=皖A96N71 code_cpu= code_np=皖A96N71 agree=0 ok_cpu=0 ok_np=1 ms_cpu= ms_np=3.594219
BARE file=皖A976R2.jpg gt=皖A976R2 code_cpu= code_np=皖A976R2 agree=0 ok_cpu=0 ok_np=1 ms_cpu= ms_np=3.912500
BARE file=皖A996V0.jpg gt=皖A996V0 code_cpu= code_np=皖A996V0 agree=0 ok_cpu=0 ok_np=1 ms_cpu= ms_np=3.843125
BARE file=皖A99788.jpg gt=皖A99788 code_cpu= code_np=皖A99788 agree=0 ok_cpu=0 ok_np=1 ms_cpu= ms_np=3.675312
BARE file=皖A99804.jpg gt=皖A99804 code_cpu= code_np=皖A99804 agree=0 ok_cpu=0 ok_np=1 ms_cpu= ms_np=3.984375
BARE file=皖A9A693.jpg gt=皖A9A693 code_cpu= code_np=皖A9A693 agree=0 ok_cpu=0 ok_np=1 ms_cpu= ms_np=3.849688
BARE file=皖A9C139.jpg gt=皖A9C139 code_cpu= code_np=皖A9C139 agree=0 ok_cpu=0 ok_np=1 ms_cpu= ms_np=3.787812
BARE file=皖A9D113.jpg gt=皖A9D113 code_cpu= code_np=皖A9D113 agree=0 ok_cpu=0 ok_np=1 ms_cpu= ms_np=4.060469
BARE file=皖A9H379.jpg gt=皖A9H379 code_cpu= code_np=皖A9H379 agree=0 ok_cpu=0 ok_np=1 ms_cpu= ms_np=3.554219
BARE file=皖A9J079.jpg gt=皖A9J079 code_cpu= code_np=皖A9J079 agree=0 ok_cpu=0 ok_np=1 ms_cpu= ms_np=3.652656
BARE file=皖A9S911.jpg gt=皖A9S911 code_cpu= code_np=皖A9S911 agree=0 ok_cpu=0 ok_np=1 ms_cpu= ms_np=3.584532
BARE file=皖A9T528.jpg gt=皖A9T528 code_cpu= code_np=皖A9T528 agree=0 ok_cpu=0 ok_np=1 ms_cpu= ms_np=3.929375
BARE file=皖A9U522.jpg gt=皖A9U522 code_cpu= code_np=皖A9U522 agree=0 ok_cpu=0 ok_np=1 ms_cpu= ms_np=3.921563
BARE file=皖A9U577.jpg gt=皖A9U577 code_cpu= code_np=皖A9U577 agree=0 ok_cpu=0 ok_np=1 ms_cpu= ms_np=3.797969
BARE file=皖A9V660.jpg gt=皖A9V660 code_cpu= code_np=皖A9V660 agree=0 ok_cpu=0 ok_np=1 ms_cpu= ms_np=4.051719
BARE file=皖A9Y263.jpg gt=皖A9Y263 code_cpu= code_np=皖A9Y263 agree=0 ok_cpu=0 ok_np=1 ms_cpu= ms_np=3.547032
BARE file=皖AA017Y.jpg gt=皖AA017Y code_cpu= code_np=皖AA017Y agree=0 ok_cpu=0 ok_np=1 ms_cpu= ms_np=3.602188
BARE file=皖AA097V.jpg gt=皖AA097V code_cpu= code_np=皖AA097V agree=0 ok_cpu=0 ok_np=1 ms_cpu= ms_np=3.742187
BARE file=皖AA1R81.jpg gt=皖AA1R81 code_cpu=皖AA017Y code_np=苏AA1R81 agree=0 ok_cpu=0 ok_np=0 ms_cpu=9.936094 ms_np=3.216250
BARE file=皖AA296M.jpg gt=皖AA296M code_cpu=皖AA296M code_np=皖AA296M agree=1 ok_cpu=1 ok_np=1 ms_cpu=13.046563 ms_np=3.390000
BARE file=皖AA379A.jpg gt=皖AA379A code_cpu=皖AA379A code_np=皖AA379A agree=1 ok_cpu=1 ok_np=1 ms_cpu=12.932968 ms_np=3.620313
BARE file=皖AA3Z73.jpg gt=皖AA3Z73 code_cpu=皖AA3Z73 code_np=皖AA3Z73 agree=1 ok_cpu=1 ok_np=1 ms_cpu=15.861875 ms_np=3.467344
BARE file=皖AA4755.jpg gt=皖AA4755 code_cpu=皖AA4755 code_np=皖AA4755 agree=1 ok_cpu=1 ok_np=1 ms_cpu=13.720938 ms_np=3.528125
BARE file=皖AA4790.jpg gt=皖AA4790 code_cpu=皖AA4790 code_np=皖AA4790 agree=1 ok_cpu=1 ok_np=1 ms_cpu=17.117500 ms_np=3.991563
BARE file=皖AA5360.jpg gt=皖AA5360 code_cpu=皖AA5360 code_np=皖AA5360 agree=1 ok_cpu=1 ok_np=1 ms_cpu=15.529063 ms_np=3.900781
BARE file=皖AA603W.jpg gt=皖AA603W code_cpu=京AA603K code_np=京AA603K agree=1 ok_cpu=0 ok_np=0 ms_cpu=13.065000 ms_np=3.524531
BARE file=皖AA662G.jpg gt=皖AA662G code_cpu=皖AA662G code_np=皖AA662G agree=1 ok_cpu=1 ok_np=1 ms_cpu=16.809531 ms_np=3.516875
BARE file=皖AA7117.jpg gt=皖AA7117 code_cpu=皖AA7117 code_np=皖AA7117 agree=1 ok_cpu=1 ok_np=1 ms_cpu=15.596094 ms_np=3.333750
BARE file=皖AA7P77.jpg gt=皖AA7P77 code_cpu=皖AA7P77 code_np=皖AA7P77 agree=1 ok_cpu=1 ok_np=1 ms_cpu=17.835156 ms_np=3.282031
BARE file=皖AA838H.jpg gt=皖AA838H code_cpu=皖AA838H code_np=皖AA838H agree=1 ok_cpu=1 ok_np=1 ms_cpu=14.670625 ms_np=3.448125
BARE file=皖AA892A.jpg gt=皖AA892A code_cpu=皖AA892A code_np=皖AA892A agree=1 ok_cpu=1 ok_np=1 ms_cpu=15.475157 ms_np=3.611719
BARE file=皖AA8E88.jpg gt=皖AA8E88 code_cpu=皖AA8E88 code_np=皖AA8E88 agree=1 ok_cpu=1 ok_np=1 ms_cpu=15.815469 ms_np=3.592657
BARE file=皖AA8M90.jpg gt=皖AA8M90 code_cpu=皖AA8M90 code_np=皖AA8M90 agree=1 ok_cpu=1 ok_np=1 ms_cpu=16.774375 ms_np=3.462657
BARE file=皖AA949M.jpg gt=皖AA949M code_cpu=皖AA949M code_np=皖AA949M agree=1 ok_cpu=1 ok_np=1 ms_cpu=14.615625 ms_np=3.531406
BARE file=皖AA9Z96.jpg gt=皖AA9Z96 code_cpu=皖AA9Z96 code_np=皖AA9Z96 agree=1 ok_cpu=1 ok_np=1 ms_cpu=14.106406 ms_np=3.379531
BARE file=皖AAD090.jpg gt=皖AAD090 code_cpu=皖AAD090 code_np=皖AAD090 agree=1 ok_cpu=1 ok_np=1 ms_cpu=15.392968 ms_np=3.286719
BARE file=皖AAD898.jpg gt=皖AAD898 code_cpu=皖AAD898 code_np=皖AAD898 agree=1 ok_cpu=1 ok_np=1 ms_cpu=17.240625 ms_np=3.427656
BARE file=皖AAE500.jpg gt=皖AAE500 code_cpu=皖AAE500 code_np=皖AAE500 agree=1 ok_cpu=1 ok_np=1 ms_cpu=16.937188 ms_np=3.600313
BARE file=皖AAE630.jpg gt=皖AAE630 code_cpu=皖AAE630 code_np=皖AAE630 agree=1 ok_cpu=1 ok_np=1 ms_cpu=15.401250 ms_np=3.459687
BARE file=皖AAE739.jpg gt=皖AAE739 code_cpu=皖AAE739 code_np=皖AAE739 agree=1 ok_cpu=1 ok_np=1 ms_cpu=15.143906 ms_np=3.698907
BARE file=皖AAS656.jpg gt=皖AAS656 code_cpu=皖AAS656 code_np=皖AAS656 agree=1 ok_cpu=1 ok_np=1 ms_cpu=15.072812 ms_np=3.252969
BARE file=皖AAU587.jpg gt=皖AAU587 code_cpu=皖AAU587 code_np=皖AAU587 agree=1 ok_cpu=1 ok_np=1 ms_cpu=16.246563 ms_np=3.370938
BARE file=皖AAV358.jpg gt=皖AAV358 code_cpu=皖AAV358 code_np=皖AAV358 agree=1 ok_cpu=1 ok_np=1 ms_cpu=15.950625 ms_np=3.287344
BARE file=皖AAY020.jpg gt=皖AAY020 code_cpu=皖AAY020 code_np=皖AAY020 agree=1 ok_cpu=1 ok_np=1 ms_cpu=10.969375 ms_np=3.633438
BARE file=皖AAZ906.jpg gt=皖AAZ906 code_cpu=皖AAZ906 code_np=皖AAZ906 agree=1 ok_cpu=1 ok_np=1 ms_cpu=16.205156 ms_np=3.452031
BARE file=皖AB003S.jpg gt=皖AB003S code_cpu=皖AB003S code_np=皖AB003S agree=1 ok_cpu=1 ok_np=1 ms_cpu=12.230625 ms_np=3.852656
BARE file=皖AB0589.jpg gt=皖AB0589 code_cpu=皖AB0589 code_np=皖AB0589 agree=1 ok_cpu=1 ok_np=1 ms_cpu=15.120000 ms_np=3.459844
BARE file=皖AB113D.jpg gt=皖AB113D code_cpu=皖AB113D code_np=皖AB113D agree=1 ok_cpu=1 ok_np=1 ms_cpu=12.855000 ms_np=3.709062
BARE file=皖AB146Y.jpg gt=皖AB146Y code_cpu=皖AB146Y code_np=皖AB146Y agree=1 ok_cpu=1 ok_np=1 ms_cpu=15.698906 ms_np=3.533906
BARE file=皖AB166M.jpg gt=皖AB166M code_cpu=沪A3A6561 code_np=沪A3A6561 agree=1 ok_cpu=0 ok_np=0 ms_cpu=10.229375 ms_np=3.521718
BARE file=皖AB1C35.jpg gt=皖AB1C35 code_cpu=皖AB1C35 code_np=皖AB1C35 agree=1 ok_cpu=1 ok_np=1 ms_cpu=16.215937 ms_np=3.802969
BARE file=皖AB287L.jpg gt=皖AB287L code_cpu=皖AB287L code_np=皖AB287L agree=1 ok_cpu=1 ok_np=1 ms_cpu=17.556562 ms_np=3.834687
BARE file=皖AB2A88.jpg gt=皖AB2A88 code_cpu=皖AB2A88 code_np=皖AB2A88 agree=1 ok_cpu=1 ok_np=1 ms_cpu=11.292344 ms_np=3.514844
BARE file=皖AB361J.jpg gt=皖AB361J code_cpu=皖AB361J code_np=皖AB361J agree=1 ok_cpu=1 ok_np=1 ms_cpu=17.966875 ms_np=4.084375
BARE file=皖AB3U58.jpg gt=皖AB3U58 code_cpu=皖AB3U58 code_np=皖AB3U58 agree=1 ok_cpu=1 ok_np=1 ms_cpu=15.087344 ms_np=3.509063
BARE file=皖AB4155.jpg gt=皖AB4155 code_cpu=皖AB4155 code_np=皖AB4155 agree=1 ok_cpu=1 ok_np=1 ms_cpu=15.148907 ms_np=3.644219
BARE file=皖AB6M85.jpg gt=皖AB6M85 code_cpu=皖AB6M85 code_np=皖AB6M85 agree=1 ok_cpu=1 ok_np=1 ms_cpu=10.750469 ms_np=3.412813
BARE file=皖AB7182.jpg gt=皖AB7182 code_cpu=粤AB7182 code_np=粤AB7182 agree=1 ok_cpu=0 ok_np=0 ms_cpu=14.979844 ms_np=3.260625
BARE file=皖AB766W.jpg gt=皖AB766W code_cpu=皖AB766W code_np=皖AB766W agree=1 ok_cpu=1 ok_np=1 ms_cpu=16.451406 ms_np=3.473437
BARE file=皖AB7E78.jpg gt=皖AB7E78 code_cpu=皖AB7E78 code_np=皖AB7E78 agree=1 ok_cpu=1 ok_np=1 ms_cpu=12.364062 ms_np=3.512031
BARE file=皖AB8778.jpg gt=皖AB8778 code_cpu=皖AB8778 code_np=皖AB8778 agree=1 ok_cpu=1 ok_np=1 ms_cpu=15.573594 ms_np=3.545156
BARE file=皖AB88B8.jpg gt=皖AB88B8 code_cpu=皖AB88B8 code_np=皖AB88B8 agree=1 ok_cpu=1 ok_np=1 ms_cpu=14.284531 ms_np=5.239688
BARE file=皖AB921S.jpg gt=皖AB921S code_cpu=皖AB921S code_np=皖AB921S agree=1 ok_cpu=1 ok_np=1 ms_cpu=11.329219 ms_np=3.425625
BARE file=皖AB9B89.jpg gt=皖AB9B89 code_cpu=皖AB9B89 code_np=皖AB9B89 agree=1 ok_cpu=1 ok_np=1 ms_cpu=16.642500 ms_np=3.652188
BARE file=皖ABA053.jpg gt=皖ABA053 code_cpu=皖ABA053 code_np=皖ABA053 agree=1 ok_cpu=1 ok_np=1 ms_cpu=16.688750 ms_np=3.282188
BARE file=皖ABA749.jpg gt=皖ABA749 code_cpu=皖ABA749 code_np=皖ABA749 agree=1 ok_cpu=1 ok_np=1 ms_cpu=16.577813 ms_np=3.698594
BARE file=皖ABB313.jpg gt=皖ABB313 code_cpu=皖ABB313 code_np=皖ABB313 agree=1 ok_cpu=1 ok_np=1 ms_cpu=16.978125 ms_np=3.674531
BARE file=皖ABC824.jpg gt=皖ABC824 code_cpu=皖ABC824 code_np=皖ABC824 agree=1 ok_cpu=1 ok_np=1 ms_cpu=15.229532 ms_np=3.720000
BARE file=皖ABH733.jpg gt=皖ABH733 code_cpu=皖ABH733 code_np=皖ABH733 agree=1 ok_cpu=1 ok_np=1 ms_cpu=11.693750 ms_np=4.646250
BARE file=皖ABT787.jpg gt=皖ABT787 code_cpu=皖ABT787 code_np=皖ABT787 agree=1 ok_cpu=1 ok_np=1 ms_cpu=19.059219 ms_np=4.052187
BARE file=皖ABX168.jpg gt=皖ABX168 code_cpu=皖ABX168 code_np=皖ABX168 agree=1 ok_cpu=1 ok_np=1 ms_cpu=18.139687 ms_np=3.674375
BARE file=皖ABX663.jpg gt=皖ABX663 code_cpu=皖ABX663 code_np=皖ABX663 agree=1 ok_cpu=1 ok_np=1 ms_cpu=16.598750 ms_np=3.334375
BARE file=皖AC037T.jpg gt=皖AC037T code_cpu=皖AC037T code_np=皖AC037T agree=1 ok_cpu=1 ok_np=1 ms_cpu=10.463125 ms_np=3.484063
BARE file=皖AC1014.jpg gt=皖AC1014 code_cpu=皖AC1014 code_np=皖AC1014 agree=1 ok_cpu=1 ok_np=1 ms_cpu=16.702500 ms_np=3.739688
BARE file=皖AC129B.jpg gt=皖AC129B code_cpu=皖AC129B code_np=皖AC129B agree=1 ok_cpu=1 ok_np=1 ms_cpu=15.074375 ms_np=3.427968
BARE file=皖AC156M.jpg gt=皖AC156M code_cpu=皖AC156M code_np=皖AC156M agree=1 ok_cpu=1 ok_np=1 ms_cpu=17.107343 ms_np=3.335312
BARE file=皖AC161T.jpg gt=皖AC161T code_cpu=皖AC161T code_np=皖AC161T agree=1 ok_cpu=1 ok_np=1 ms_cpu=16.122656 ms_np=3.486250
BARE file=皖AC1758.jpg gt=皖AC1758 code_cpu=皖AC1758 code_np=皖AC1758 agree=1 ok_cpu=1 ok_np=1 ms_cpu=15.885312 ms_np=3.378282
BARE file=皖AC1934.jpg gt=皖AC1934 code_cpu=皖AC1934 code_np=皖AC1934 agree=1 ok_cpu=1 ok_np=1 ms_cpu=13.289688 ms_np=3.445938
BARE file=皖AC1H02.jpg gt=皖AC1H02 code_cpu=皖AC1H02 code_np=皖AC1H02 agree=1 ok_cpu=1 ok_np=1 ms_cpu=17.379688 ms_np=3.482813
BARE file=皖AC412Y.jpg gt=皖AC412Y code_cpu=皖AC412Y code_np=皖AC412Y agree=1 ok_cpu=1 ok_np=1 ms_cpu=17.298125 ms_np=3.662188
BARE file=皖AC4933.jpg gt=皖AC4933 code_cpu=皖AC4933 code_np=皖AC4933 agree=1 ok_cpu=1 ok_np=1 ms_cpu=15.937500 ms_np=3.620781
BARE file=皖AC554W.jpg gt=皖AC554W code_cpu=皖AC554W code_np=皖AC554W agree=1 ok_cpu=1 ok_np=1 ms_cpu=17.622812 ms_np=3.491250
BARE file=皖AC585P.jpg gt=皖AC585P code_cpu=皖AC585P code_np=皖AC585P agree=1 ok_cpu=1 ok_np=1 ms_cpu=15.292188 ms_np=3.602969
BARE file=皖AC593F.jpg gt=皖AC593F code_cpu=皖AC593F code_np=皖AC593F agree=1 ok_cpu=1 ok_np=1 ms_cpu=15.804375 ms_np=4.069375
BARE file=皖AC622U.jpg gt=皖AC622U code_cpu=皖AC622U code_np=皖AC622U agree=1 ok_cpu=1 ok_np=1 ms_cpu=14.992968 ms_np=3.316562
BARE file=皖AC696X.jpg gt=皖AC696X code_cpu=皖AC696X code_np=皖AC696X agree=1 ok_cpu=1 ok_np=1 ms_cpu=16.485312 ms_np=3.434531
BARE file=皖AC6R92.jpg gt=皖AC6R92 code_cpu=皖AC6R92 code_np=皖AC6R92 agree=1 ok_cpu=1 ok_np=1 ms_cpu=16.000469 ms_np=4.692500
BARE file=皖AC705T.jpg gt=皖AC705T code_cpu=皖AC705T code_np=皖AC705T agree=1 ok_cpu=1 ok_np=1 ms_cpu=17.284375 ms_np=3.550312
BARE file=皖AC828S.jpg gt=皖AC828S code_cpu=皖AC828S code_np=皖AC828S agree=1 ok_cpu=1 ok_np=1 ms_cpu=15.274219 ms_np=3.304688
BARE file=皖AC8720.jpg gt=皖AC8720 code_cpu=皖AC8720 code_np=皖AC8720 agree=1 ok_cpu=1 ok_np=1 ms_cpu=16.945000 ms_np=4.237031
BARE file=皖AC8H11.jpg gt=皖AC8H11 code_cpu=皖AC8H11 code_np=皖AC8H11 agree=1 ok_cpu=1 ok_np=1 ms_cpu=15.304844 ms_np=3.940468
BARE file=皖AC8J48.jpg gt=皖AC8J48 code_cpu=粤AD8J48 code_np=粤AD8J48 agree=1 ok_cpu=0 ok_np=0 ms_cpu=15.677968 ms_np=3.469844
BARE file=皖AC9165.jpg gt=皖AC9165 code_cpu=皖AC9165 code_np=皖AC9165 agree=1 ok_cpu=1 ok_np=1 ms_cpu=15.240000 ms_np=4.432343
BARE file=皖AC9J19.jpg gt=皖AC9J19 code_cpu=皖AC9J19 code_np=皖AC9J19 agree=1 ok_cpu=1 ok_np=1 ms_cpu=17.967968 ms_np=3.859063
BARE file=皖ACA352.jpg gt=皖ACA352 code_cpu=皖ACA352 code_np=皖ACA352 agree=1 ok_cpu=1 ok_np=1 ms_cpu=16.585937 ms_np=3.391093
BARE file=皖ACC220.jpg gt=皖ACC220 code_cpu=皖ACC220 code_np=皖ACC220 agree=1 ok_cpu=1 ok_np=1 ms_cpu=14.490000 ms_np=4.009844
BARE file=皖ACC998.jpg gt=皖ACC998 code_cpu=皖ACC998 code_np=皖ACC998 agree=1 ok_cpu=1 ok_np=1 ms_cpu=16.632969 ms_np=3.530312
BARE file=皖ACD429.jpg gt=皖ACD429 code_cpu=皖ACD429 code_np=皖ACD429 agree=1 ok_cpu=1 ok_np=1 ms_cpu=16.249375 ms_np=3.582188
BARE file=皖ACD775.jpg gt=皖ACD775 code_cpu=皖ACD775 code_np=皖ACD775 agree=1 ok_cpu=1 ok_np=1 ms_cpu=15.644531 ms_np=4.862656
BARE file=皖ACE543.jpg gt=皖ACE543 code_cpu=皖ACE543 code_np=皖ACE543 agree=1 ok_cpu=1 ok_np=1 ms_cpu=15.871094 ms_np=3.602032
BARE file=皖ACJ779.jpg gt=皖ACJ779 code_cpu=皖ACJ779 code_np=皖ACJ779 agree=1 ok_cpu=1 ok_np=1 ms_cpu=15.671719 ms_np=3.614844
BARE file=皖ACL514.jpg gt=皖ACL514 code_cpu=皖ACL514 code_np=皖ACL514 agree=1 ok_cpu=1 ok_np=1 ms_cpu=16.032812 ms_np=3.331562
BARE file=皖ACY726.jpg gt=皖ACY726 code_cpu=皖ACY726 code_np=皖ACY726 agree=1 ok_cpu=1 ok_np=1 ms_cpu=15.287187 ms_np=3.838281
BARE file=皖AD028K.jpg gt=皖AD028K code_cpu=皖AD028K code_np=皖AD028K agree=1 ok_cpu=1 ok_np=1 ms_cpu=15.629844 ms_np=3.482813
BARE file=皖AD0D89.jpg gt=皖AD0D89 code_cpu=皖AD0D89 code_np=皖AD0D89 agree=1 ok_cpu=1 ok_np=1 ms_cpu=12.405625 ms_np=3.573750
BARE file=皖AD102N.jpg gt=皖AD102N code_cpu=皖AD102N code_np=皖AD102N agree=1 ok_cpu=1 ok_np=1 ms_cpu=16.698750 ms_np=3.354687
BARE file=皖AD168D.jpg gt=皖AD168D code_cpu=粤ADU680 code_np=粤ADU680 agree=1 ok_cpu=0 ok_np=0 ms_cpu=15.314531 ms_np=3.199219
BARE file=皖AD1B19.jpg gt=皖AD1B19 code_cpu=皖AD1B19 code_np=皖AD1B19 agree=1 ok_cpu=1 ok_np=1 ms_cpu=14.686562 ms_np=3.212500
BARE file=皖AD1F70.jpg gt=皖AD1F70 code_cpu=皖AD1F70 code_np=皖AD1F70 agree=1 ok_cpu=1 ok_np=1 ms_cpu=10.518906 ms_np=3.638437
BARE file=皖AD1Y25.jpg gt=皖AD1Y25 code_cpu=皖AD1Y25 code_np=皖AD1Y25 agree=1 ok_cpu=1 ok_np=1 ms_cpu=18.607344 ms_np=3.420156
BARE file=皖AD2Y34.jpg gt=皖AD2Y34 code_cpu=皖AD2Y34 code_np=皖AD2Y34 agree=1 ok_cpu=1 ok_np=1 ms_cpu=13.869532 ms_np=3.612969
BARE file=皖AD563A.jpg gt=皖AD563A code_cpu=皖AD563A code_np=皖AD563A agree=1 ok_cpu=1 ok_np=1 ms_cpu=15.365469 ms_np=4.633125
BARE file=皖AD566M.jpg gt=皖AD566M code_cpu=皖AD566M code_np=皖AD566M agree=1 ok_cpu=1 ok_np=1 ms_cpu=15.994844 ms_np=3.670156
BARE file=皖AD5876.jpg gt=皖AD5876 code_cpu=皖AD5876 code_np=皖AD5876 agree=1 ok_cpu=1 ok_np=1 ms_cpu=15.518125 ms_np=3.531406
BARE file=皖AD5K77.jpg gt=皖AD5K77 code_cpu=皖AD5K77 code_np=皖AD5K77 agree=1 ok_cpu=1 ok_np=1 ms_cpu=15.554375 ms_np=3.530156
BARE file=皖AD673W.jpg gt=皖AD673W code_cpu=皖AD673W code_np=皖AD673W agree=1 ok_cpu=1 ok_np=1 ms_cpu=15.754844 ms_np=3.717031
BARE file=皖AD702S.jpg gt=皖AD702S code_cpu=皖AD702S code_np=皖AD702S agree=1 ok_cpu=1 ok_np=1 ms_cpu=15.521875 ms_np=3.735313
BARE file=皖AD713H.jpg gt=皖AD713H code_cpu=皖AD713H code_np=皖AD713H agree=1 ok_cpu=1 ok_np=1 ms_cpu=15.975625 ms_np=3.593125
BARE file=皖AD782B.jpg gt=皖AD782B code_cpu=皖AD782B code_np=皖AD782B agree=1 ok_cpu=1 ok_np=1 ms_cpu=15.891094 ms_np=3.437969
BARE file=皖AD9G33.jpg gt=皖AD9G33 code_cpu=皖AD9G33 code_np=皖AD9G33 agree=1 ok_cpu=1 ok_np=1 ms_cpu=15.805625 ms_np=3.378906
BARE file=皖AD9L71.jpg gt=皖AD9L71 code_cpu=皖AD9L71 code_np=皖AD9L71 agree=1 ok_cpu=1 ok_np=1 ms_cpu=15.555781 ms_np=3.594531
BARE file=皖ADA772.jpg gt=皖ADA772 code_cpu=皖ADA772 code_np=皖ADA772 agree=1 ok_cpu=1 ok_np=1 ms_cpu=15.586875 ms_np=3.453125
BARE file=皖ADB207.jpg gt=皖ADB207 code_cpu=皖ADB207 code_np=皖ADB207 agree=1 ok_cpu=1 ok_np=1 ms_cpu=15.120625 ms_np=3.699375
BARE file=皖ADE178.jpg gt=皖ADE178 code_cpu=皖ADE178 code_np=皖ADE178 agree=1 ok_cpu=1 ok_np=1 ms_cpu=15.887813 ms_np=3.542031
BARE file=皖ADE783.jpg gt=皖ADE783 code_cpu=皖A0E783 code_np=皖A0E783 agree=1 ok_cpu=0 ok_np=0 ms_cpu=16.048594 ms_np=3.482968
BARE file=皖ADF654.jpg gt=皖ADF654 code_cpu=皖ADF654 code_np=皖ADF654 agree=1 ok_cpu=1 ok_np=1 ms_cpu=15.434532 ms_np=3.645625
BARE file=皖ADF829.jpg gt=皖ADF829 code_cpu=皖ADF829 code_np=皖ADF829 agree=1 ok_cpu=1 ok_np=1 ms_cpu=15.755313 ms_np=3.625312
BARE file=皖ADH644.jpg gt=皖ADH644 code_cpu=皖ADH644 code_np=皖ADH644 agree=1 ok_cpu=1 ok_np=1 ms_cpu=15.633750 ms_np=3.976562
BARE file=皖ADT338.jpg gt=皖ADT338 code_cpu=皖ADT338 code_np=皖ADT338 agree=1 ok_cpu=1 ok_np=1 ms_cpu=15.567188 ms_np=3.365468
BARE file=皖ADU223.jpg gt=皖ADU223 code_cpu=皖ADU223 code_np=皖ADU223 agree=1 ok_cpu=1 ok_np=1 ms_cpu=15.609375 ms_np=3.514219
BARE file=皖ADU427.jpg gt=皖ADU427 code_cpu=皖ADU427 code_np=皖ADU427 agree=1 ok_cpu=1 ok_np=1 ms_cpu=15.950625 ms_np=4.105313
BARE file=皖ADX089.jpg gt=皖ADX089 code_cpu=皖ADX089 code_np=皖ADX089 agree=1 ok_cpu=1 ok_np=1 ms_cpu=15.681250 ms_np=3.955156
BARE file=皖AE035E.jpg gt=皖AE035E code_cpu=皖AE035E code_np=皖AE035E agree=1 ok_cpu=1 ok_np=1 ms_cpu=16.269531 ms_np=3.694531
BARE file=皖AE1Z11.jpg gt=皖AE1Z11 code_cpu=皖AE1Z11 code_np=皖AE1Z11 agree=1 ok_cpu=1 ok_np=1 ms_cpu=15.383593 ms_np=3.481250
BARE file=皖AE2027.jpg gt=皖AE2027 code_cpu=皖AE2027 code_np=皖AE2027 agree=1 ok_cpu=1 ok_np=1 ms_cpu=18.634531 ms_np=3.482500
BARE file=皖AE2471.jpg gt=皖AE2471 code_cpu=皖AE2471 code_np=皖AE2471 agree=1 ok_cpu=1 ok_np=1 ms_cpu=14.185938 ms_np=3.613438
BARE file=皖AE877C.jpg gt=皖AE877C code_cpu=皖AE877C code_np=皖AE877C agree=1 ok_cpu=1 ok_np=1 ms_cpu=16.037031 ms_np=3.597969
BARE file=皖AE920X.jpg gt=皖AE920X code_cpu=藏AE920X code_np=藏AE920X agree=1 ok_cpu=0 ok_np=0 ms_cpu=16.561563 ms_np=3.560937
BARE file=皖AE955B.jpg gt=皖AE955B code_cpu=粤AE955B code_np=粤AE955B agree=1 ok_cpu=0 ok_np=0 ms_cpu=16.016718 ms_np=3.521406
BARE file=皖AE9639.jpg gt=皖AE9639 code_cpu=皖AE9639 code_np=皖AE9639 agree=1 ok_cpu=1 ok_np=1 ms_cpu=15.901407 ms_np=3.601719
BARE file=皖AED178.jpg gt=皖AED178 code_cpu=皖AED178 code_np=皖AED178 agree=1 ok_cpu=1 ok_np=1 ms_cpu=16.118594 ms_np=3.744062
BARE file=皖AEE227.jpg gt=皖AEE227 code_cpu=皖AEE227 code_np=皖AEE227 agree=1 ok_cpu=1 ok_np=1 ms_cpu=16.759531 ms_np=3.542500
BARE file=皖AEL010.jpg gt=皖AEL010 code_cpu=京AEL010 code_np=京AEL010 agree=1 ok_cpu=0 ok_np=0 ms_cpu=16.415000 ms_np=3.557813
BARE file=皖AEM251.jpg gt=皖AEM251 code_cpu=皖AEM251 code_np=皖AEM251 agree=1 ok_cpu=1 ok_np=1 ms_cpu=15.235625 ms_np=3.495937
BARE file=皖AER805.jpg gt=皖AER805 code_cpu=皖AER805 code_np=皖AER805 agree=1 ok_cpu=1 ok_np=1 ms_cpu=16.105938 ms_np=3.756875
BARE file=皖AEU096.jpg gt=皖AEU096 code_cpu=皖AEU096 code_np=皖AEU096 agree=1 ok_cpu=1 ok_np=1 ms_cpu=15.757188 ms_np=3.744218
BARE file=皖AEZ833.jpg gt=皖AEZ833 code_cpu=皖AEZ833 code_np=皖AEZ833 agree=1 ok_cpu=1 ok_np=1 ms_cpu=15.848438 ms_np=3.887813
BARE file=皖AF0B19.jpg gt=皖AF0B19 code_cpu=皖AF0B19 code_np=皖AF0B19 agree=1 ok_cpu=1 ok_np=1 ms_cpu=15.928281 ms_np=3.904688
BARE file=皖AF0R83.jpg gt=皖AF0R83 code_cpu=皖AF0R83 code_np=皖AF0R83 agree=1 ok_cpu=1 ok_np=1 ms_cpu=15.521250 ms_np=3.710312
BARE file=皖AF156X.jpg gt=皖AF156X code_cpu=皖AF156X code_np=皖AF156X agree=1 ok_cpu=1 ok_np=1 ms_cpu=16.420469 ms_np=3.633125
BARE file=皖AF2444.jpg gt=皖AF2444 code_cpu=皖AF2444 code_np=皖AF2444 agree=1 ok_cpu=1 ok_np=1 ms_cpu=15.593125 ms_np=3.697969
BARE file=皖AF3L16.jpg gt=皖AF3L16 code_cpu=皖AF3L16 code_np=皖AF3L16 agree=1 ok_cpu=1 ok_np=1 ms_cpu=16.124688 ms_np=3.694218
BARE file=皖AF4549.jpg gt=皖AF4549 code_cpu=皖AF4549 code_np=皖AF4549 agree=1 ok_cpu=1 ok_np=1 ms_cpu=16.001875 ms_np=3.631094
BARE file=皖AF5126.jpg gt=皖AF5126 code_cpu=皖AF5126 code_np=皖AF5126 agree=1 ok_cpu=1 ok_np=1 ms_cpu=16.013906 ms_np=3.638125
BARE file=皖AF513U.jpg gt=皖AF513U code_cpu=皖AF513U code_np=皖AF513U agree=1 ok_cpu=1 ok_np=1 ms_cpu=15.670625 ms_np=3.784532
BARE file=皖AF5G96.jpg gt=皖AF5G96 code_cpu=皖AF5G96 code_np=皖AF5G96 agree=1 ok_cpu=1 ok_np=1 ms_cpu=16.534375 ms_np=3.584687
BARE file=皖AF638X.jpg gt=皖AF638X code_cpu=皖AF638X code_np=皖AF638X agree=1 ok_cpu=1 ok_np=1 ms_cpu=15.729844 ms_np=3.601718
BARE file=皖AF6X22.jpg gt=皖AF6X22 code_cpu=皖AF6X22 code_np=皖AF6X22 agree=1 ok_cpu=1 ok_np=1 ms_cpu=16.092188 ms_np=3.701875
BARE file=皖AF776P.jpg gt=皖AF776P code_cpu=皖AF776P code_np=皖AF776P agree=1 ok_cpu=1 ok_np=1 ms_cpu=15.828438 ms_np=3.677500
BARE file=皖AF7777.jpg gt=皖AF7777 code_cpu=皖AF7777 code_np=皖AF7777 agree=1 ok_cpu=1 ok_np=1 ms_cpu=15.575156 ms_np=3.517656
BARE file=皖AF7J56.jpg gt=皖AF7J56 code_cpu=皖AF7J56 code_np=皖AF7J56 agree=1 ok_cpu=1 ok_np=1 ms_cpu=15.460000 ms_np=3.721406
BARE file=皖AF823X.jpg gt=皖AF823X code_cpu=赣AF823X code_np=赣AF823X agree=1 ok_cpu=0 ok_np=0 ms_cpu=15.870000 ms_np=3.827031
BARE file=皖AF829K.jpg gt=皖AF829K code_cpu=皖AF829K code_np=皖AF829K agree=1 ok_cpu=1 ok_np=1 ms_cpu=16.262500 ms_np=3.758438
BARE file=皖AF8381.jpg gt=皖AF8381 code_cpu=皖AF8381 code_np=皖AF8381 agree=1 ok_cpu=1 ok_np=1 ms_cpu=15.742344 ms_np=3.718281
BARE file=皖AF8E56.jpg gt=皖AF8E56 code_cpu=皖AF8E56 code_np=皖AF8E56 agree=1 ok_cpu=1 ok_np=1 ms_cpu=16.002812 ms_np=3.643750
BARE file=皖AF9F65.jpg gt=皖AF9F65 code_cpu=皖AF9F65 code_np=皖AF9F65 agree=1 ok_cpu=1 ok_np=1 ms_cpu=16.553594 ms_np=3.620156
BARE file=皖AFC554.jpg gt=皖AFC554 code_cpu=皖AFC554 code_np=皖AFC554 agree=1 ok_cpu=1 ok_np=1 ms_cpu=15.960937 ms_np=3.785625
BARE file=皖AFC859.jpg gt=皖AFC859 code_cpu=皖AFC859 code_np=皖AFC859 agree=1 ok_cpu=1 ok_np=1 ms_cpu=15.598282 ms_np=3.815625
BARE file=皖AFJ151.jpg gt=皖AFJ151 code_cpu=皖AFJ151 code_np=皖AFJ151 agree=1 ok_cpu=1 ok_np=1 ms_cpu=14.437813 ms_np=3.292656
BARE file=皖AFL637.jpg gt=皖AFL637 code_cpu=皖AFL637 code_np=皖AFL637 agree=1 ok_cpu=1 ok_np=1 ms_cpu=10.618750 ms_np=3.371093
BARE file=皖AFM517.jpg gt=皖AFM517 code_cpu=皖AFM517 code_np=皖AFM517 agree=1 ok_cpu=1 ok_np=1 ms_cpu=14.898125 ms_np=3.348593
BARE file=皖AFM554.jpg gt=皖AFM554 code_cpu=皖AFM554 code_np=皖AFM554 agree=1 ok_cpu=1 ok_np=1 ms_cpu=16.317187 ms_np=3.313906
BARE file=皖AFQ601.jpg gt=皖AFQ601 code_cpu=皖AFQ601 code_np=皖AFQ601 agree=1 ok_cpu=1 ok_np=1 ms_cpu=15.792500 ms_np=3.870625
BARE file=皖AFX871.jpg gt=皖AFX871 code_cpu=皖AFX871 code_np=皖AFX871 agree=1 ok_cpu=1 ok_np=1 ms_cpu=16.083437 ms_np=3.911875
BARE file=皖AFZ315.jpg gt=皖AFZ315 code_cpu=皖AFZ315 code_np=皖AFZ315 agree=1 ok_cpu=1 ok_np=1 ms_cpu=16.170625 ms_np=3.429219
BARE file=皖AG0055.jpg gt=皖AG0055 code_cpu=皖AG0055 code_np=皖AG0055 agree=1 ok_cpu=1 ok_np=1 ms_cpu=16.156406 ms_np=3.473594
BARE file=皖AG017H.jpg gt=皖AG017H code_cpu=皖AG017H code_np=皖AG017H agree=1 ok_cpu=1 ok_np=1 ms_cpu=16.607968 ms_np=3.607657
BARE file=皖AG089K.jpg gt=皖AG089K code_cpu=皖AG089K code_np=皖AG089K agree=1 ok_cpu=1 ok_np=1 ms_cpu=15.594531 ms_np=3.977187
BARE file=皖AG0D55.jpg gt=皖AG0D55 code_cpu=皖AG0D55 code_np=皖AG0D55 agree=1 ok_cpu=1 ok_np=1 ms_cpu=15.746562 ms_np=3.508281
BARE file=皖AG2Y57.jpg gt=皖AG2Y57 code_cpu=皖AG2Y57 code_np=皖AG2Y57 agree=1 ok_cpu=1 ok_np=1 ms_cpu=16.808125 ms_np=3.630313
BARE file=皖AG3513.jpg gt=皖AG3513 code_cpu=皖AG3513 code_np=皖AG3513 agree=1 ok_cpu=1 ok_np=1 ms_cpu=15.903907 ms_np=3.554688
BARE file=皖AG382X.jpg gt=皖AG382X code_cpu=皖AG382X code_np=皖AG382X agree=1 ok_cpu=1 ok_np=1 ms_cpu=15.935156 ms_np=4.029375
BARE file=皖AG420L.jpg gt=皖AG420L code_cpu=皖AG420L code_np=皖AG420L agree=1 ok_cpu=1 ok_np=1 ms_cpu=15.875781 ms_np=3.763906
BARE file=皖AG4449.jpg gt=皖AG4449 code_cpu=皖AG4449 code_np=皖AG4449 agree=1 ok_cpu=1 ok_np=1 ms_cpu=16.502657 ms_np=3.575000
BARE file=皖AG550Z.jpg gt=皖AG550Z code_cpu=皖AG550Z code_np=皖AG550Z agree=1 ok_cpu=1 ok_np=1 ms_cpu=16.112187 ms_np=3.908125
BARE file=皖AG609W.jpg gt=皖AG609W code_cpu=皖AG609W code_np=皖AG609W agree=1 ok_cpu=1 ok_np=1 ms_cpu=16.087187 ms_np=3.555312
BARE file=皖AG620H.jpg gt=皖AG620H code_cpu=皖AG620H code_np=皖AG620H agree=1 ok_cpu=1 ok_np=1 ms_cpu=16.108906 ms_np=3.527500
BARE file=皖AG6525.jpg gt=皖AG6525 code_cpu=皖AG6525 code_np=皖AG6525 agree=1 ok_cpu=1 ok_np=1 ms_cpu=16.055000 ms_np=3.767187
BARE file=皖AG6L37.jpg gt=皖AG6L37 code_cpu=皖AG6L37 code_np=皖AG6L37 agree=1 ok_cpu=1 ok_np=1 ms_cpu=16.062187 ms_np=3.747187
BARE file=皖AG7D17.jpg gt=皖AG7D17 code_cpu=皖AG7D17 code_np=皖AG7D17 agree=1 ok_cpu=1 ok_np=1 ms_cpu=16.619062 ms_np=3.671875
BARE file=皖AG8T60.jpg gt=皖AG8T60 code_cpu=皖AG8T60 code_np=皖AG8T60 agree=1 ok_cpu=1 ok_np=1 ms_cpu=16.004531 ms_np=3.881093
BARE file=皖AG9C26.jpg gt=皖AG9C26 code_cpu=皖AG9C26 code_np=皖AG9C26 agree=1 ok_cpu=1 ok_np=1 ms_cpu=16.426719 ms_np=3.746719
BARE file=皖AGA100.jpg gt=皖AGA100 code_cpu=皖AGA100 code_np=皖AGA100 agree=1 ok_cpu=1 ok_np=1 ms_cpu=15.607031 ms_np=3.537500
BARE file=皖AGG131.jpg gt=皖AGG131 code_cpu=皖AGG131 code_np=皖AGG131 agree=1 ok_cpu=1 ok_np=1 ms_cpu=16.445625 ms_np=3.509375
BARE file=皖AGG417.jpg gt=皖AGG417 code_cpu=皖AGG417 code_np=皖AGG417 agree=1 ok_cpu=1 ok_np=1 ms_cpu=16.306406 ms_np=3.636406
BARE file=皖AGG512.jpg gt=皖AGG512 code_cpu=陕AGG512 code_np=陕AGG512 agree=1 ok_cpu=0 ok_np=0 ms_cpu=15.931875 ms_np=3.786093
BARE file=皖AGH510.jpg gt=皖AGH510 code_cpu=皖AGH510 code_np=皖AGH510 agree=1 ok_cpu=1 ok_np=1 ms_cpu=16.082813 ms_np=3.558125
BARE file=皖AGK272.jpg gt=皖AGK272 code_cpu=皖AGK272 code_np=皖AGK272 agree=1 ok_cpu=1 ok_np=1 ms_cpu=16.513906 ms_np=3.621563
BARE file=皖AGS006.jpg gt=皖AGS006 code_cpu=皖AGS006 code_np=皖AGS006 agree=1 ok_cpu=1 ok_np=1 ms_cpu=16.210313 ms_np=3.665000
BARE file=皖AGS527.jpg gt=皖AGS527 code_cpu=皖AGS527 code_np=皖AGS527 agree=1 ok_cpu=1 ok_np=1 ms_cpu=16.459687 ms_np=3.772343
BARE file=皖AGX988.jpg gt=皖AGX988 code_cpu=皖AGX988 code_np=皖AGX988 agree=1 ok_cpu=1 ok_np=1 ms_cpu=15.643593 ms_np=3.506562
BARE file=皖AH030P.jpg gt=皖AH030P code_cpu=皖AH030P code_np=皖AH030P agree=1 ok_cpu=1 ok_np=1 ms_cpu=15.721406 ms_np=3.622812
BARE file=皖AH0M53.jpg gt=皖AH0M53 code_cpu=皖AH0M53 code_np=皖AH0M53 agree=1 ok_cpu=1 ok_np=1 ms_cpu=15.572031 ms_np=4.035156
BARE file=皖AH0V77.jpg gt=皖AH0V77 code_cpu=粤AH0V77 code_np=粤AH0V77 agree=1 ok_cpu=0 ok_np=0 ms_cpu=16.587500 ms_np=3.700312
BARE file=皖AH0V90.jpg gt=皖AH0V90 code_cpu=皖AH0V90 code_np=皖AH0V90 agree=1 ok_cpu=1 ok_np=1 ms_cpu=17.392969 ms_np=3.489843
BARE file=皖AH128K.jpg gt=皖AH128K code_cpu=皖AH128K code_np=皖AH128K agree=1 ok_cpu=1 ok_np=1 ms_cpu=15.962344 ms_np=10.310625
BARE file=皖AH171E.jpg gt=皖AH171E code_cpu=皖AH171E code_np=皖AH171E agree=1 ok_cpu=1 ok_np=1 ms_cpu=15.493907 ms_np=3.830000
BARE file=皖AH351K.jpg gt=皖AH351K code_cpu=皖AH351K code_np=皖AH351K agree=1 ok_cpu=1 ok_np=1 ms_cpu=16.244063 ms_np=3.815469
BARE file=皖AH3T20.jpg gt=皖AH3T20 code_cpu=皖AH3T20 code_np=皖AH3T20 agree=1 ok_cpu=1 ok_np=1 ms_cpu=16.164844 ms_np=4.337031
BARE file=皖AH3W69.jpg gt=皖AH3W69 code_cpu=皖AH3W69 code_np=皖AH3W69 agree=1 ok_cpu=1 ok_np=1 ms_cpu=16.079063 ms_np=3.523437
BARE file=皖AH5X09.jpg gt=皖AH5X09 code_cpu=皖AH5X09 code_np=皖AH5X09 agree=1 ok_cpu=1 ok_np=1 ms_cpu=16.342656 ms_np=3.477188
BARE file=皖AH625K.jpg gt=皖AH625K code_cpu=皖AH625K code_np=皖AH625K agree=1 ok_cpu=1 ok_np=1 ms_cpu=16.170000 ms_np=3.672343
BARE file=皖AH6362.jpg gt=皖AH6362 code_cpu=皖AH6362 code_np=皖AH6362 agree=1 ok_cpu=1 ok_np=1 ms_cpu=15.878281 ms_np=3.703594
BARE file=皖AH6X77.jpg gt=皖AH6X77 code_cpu=皖AH6X77 code_np=皖AH6X77 agree=1 ok_cpu=1 ok_np=1 ms_cpu=16.168907 ms_np=3.575781
BARE file=皖AH712N.jpg gt=皖AH712N code_cpu=皖AH712N code_np=皖AH712N agree=1 ok_cpu=1 ok_np=1 ms_cpu=16.808906 ms_np=4.874688
BARE file=皖AH7869.jpg gt=皖AH7869 code_cpu=皖AH7869 code_np=皖AH7869 agree=1 ok_cpu=1 ok_np=1 ms_cpu=16.244531 ms_np=3.989063
BARE file=皖AH7F99.jpg gt=皖AH7F99 code_cpu=皖AH7F99 code_np=皖AH7F99 agree=1 ok_cpu=1 ok_np=1 ms_cpu=16.154687 ms_np=3.888281
BARE file=皖AH858R.jpg gt=皖AH858R code_cpu=皖AH858R code_np=皖AH858R agree=1 ok_cpu=1 ok_np=1 ms_cpu=16.156094 ms_np=3.672656
BARE file=皖AH8642.jpg gt=皖AH8642 code_cpu=苏AH8642 code_np=苏AH8642 agree=1 ok_cpu=0 ok_np=0 ms_cpu=16.965312 ms_np=3.451718
BARE file=皖AH886C.jpg gt=皖AH886C code_cpu=豫AH886C code_np=豫AH886C agree=1 ok_cpu=0 ok_np=0 ms_cpu=15.777344 ms_np=3.542187
BARE file=皖AH8C18.jpg gt=皖AH8C18 code_cpu=皖AH8C18 code_np=皖AH8C18 agree=1 ok_cpu=1 ok_np=1 ms_cpu=16.977656 ms_np=4.683125
BARE file=皖AH921A.jpg gt=皖AH921A code_cpu=皖AH921A code_np=皖AH921A agree=1 ok_cpu=1 ok_np=1 ms_cpu=16.581719 ms_np=3.696094
BARE file=皖AH926B.jpg gt=皖AH926B code_cpu=桂AH926B code_np=桂AH926B agree=1 ok_cpu=0 ok_np=0 ms_cpu=15.765468 ms_np=3.283906
BARE file=皖AHB011.jpg gt=皖AHB011 code_cpu=粤AHB011 code_np=粤AHB011 agree=1 ok_cpu=0 ok_np=0 ms_cpu=14.814062 ms_np=3.393594
BARE file=皖AHB399.jpg gt=皖AHB399 code_cpu=皖AHB399 code_np=皖AHB399 agree=1 ok_cpu=1 ok_np=1 ms_cpu=16.725000 ms_np=3.504375
BARE file=皖AHF524.jpg gt=皖AHF524 code_cpu=皖AHF524 code_np=皖AHF524 agree=1 ok_cpu=1 ok_np=1 ms_cpu=16.165625 ms_np=3.321562
BARE file=皖AHG124.jpg gt=皖AHG124 code_cpu=皖AHG124 code_np=皖AHG124 agree=1 ok_cpu=1 ok_np=1 ms_cpu=15.592500 ms_np=3.375000
BARE file=皖AHG892.jpg gt=皖AHG892 code_cpu=皖AHG892 code_np=皖AHG892 agree=1 ok_cpu=1 ok_np=1 ms_cpu=15.215156 ms_np=3.610937
BARE file=皖AHM553.jpg gt=皖AHM553 code_cpu=皖AHM553 code_np=皖AHM553 agree=1 ok_cpu=1 ok_np=1 ms_cpu=15.227657 ms_np=3.526875
BARE file=皖AHN713.jpg gt=皖AHN713 code_cpu=皖AHP713 code_np=皖AHP713 agree=1 ok_cpu=0 ok_np=0 ms_cpu=15.401718 ms_np=3.375782
BARE file=皖AHP279.jpg gt=皖AHP279 code_cpu=皖AHP279 code_np=皖AHP279 agree=1 ok_cpu=1 ok_np=1 ms_cpu=15.114062 ms_np=3.255782
BARE file=皖AHQ831.jpg gt=皖AHQ831 code_cpu=粤AHQ831 code_np=粤AHQ831 agree=1 ok_cpu=0 ok_np=0 ms_cpu=12.478437 ms_np=3.694532
BARE file=皖AHS813.jpg gt=皖AHS813 code_cpu=皖AHS813 code_np=皖AHS813 agree=1 ok_cpu=1 ok_np=1 ms_cpu=15.046250 ms_np=3.362188
BARE file=皖AHT229.jpg gt=皖AHT229 code_cpu=皖AHT229 code_np=皖AHT229 agree=1 ok_cpu=1 ok_np=1 ms_cpu=11.128750 ms_np=3.587969
BARE file=皖AHW956.jpg gt=皖AHW956 code_cpu=皖AHW956 code_np=皖AHW956 agree=1 ok_cpu=1 ok_np=1 ms_cpu=15.067344 ms_np=3.791406
BARE file=皖AHX502.jpg gt=皖AHX502 code_cpu=皖AHX502 code_np=皖AHX502 agree=1 ok_cpu=1 ok_np=1 ms_cpu=10.548125 ms_np=3.312343
BARE file=皖AHX511.jpg gt=皖AHX511 code_cpu=皖AHX5714 code_np=皖AHX5714 agree=1 ok_cpu=0 ok_np=0 ms_cpu=16.138438 ms_np=3.436250
BARE file=皖AHX974.jpg gt=皖AHX974 code_cpu=京AHX974 code_np=京AHX974 agree=1 ok_cpu=0 ok_np=0 ms_cpu=15.882500 ms_np=3.605938
BARE file=皖AJ055A.jpg gt=皖AJ055A code_cpu=皖AJ055A code_np=皖AJ055A agree=1 ok_cpu=1 ok_np=1 ms_cpu=15.438281 ms_np=3.697187
BARE file=皖AJ0J22.jpg gt=皖AJ0J22 code_cpu=E3B7 code_np=3B7 agree=0 ok_cpu=0 ok_np=0 ms_cpu=15.300469 ms_np=3.759219
BARE file=皖AJ0K77.jpg gt=皖AJ0K77 code_cpu=皖AJ0K77 code_np=皖AJ0K77 agree=1 ok_cpu=1 ok_np=1 ms_cpu=15.128281 ms_np=3.855937
BARE file=皖AJ1M10.jpg gt=皖AJ1M10 code_cpu=皖AJ1M10 code_np=皖AJ1M10 agree=1 ok_cpu=1 ok_np=1 ms_cpu=15.322969 ms_np=3.332188
BARE file=皖AJ201U.jpg gt=皖AJ201U code_cpu=桂AJZ011 code_np=桂AJZ011 agree=1 ok_cpu=0 ok_np=0 ms_cpu=15.576250 ms_np=3.257187
BARE file=皖AJ285U.jpg gt=皖AJ285U code_cpu=皖AJ285U code_np=皖AJ285U agree=1 ok_cpu=1 ok_np=1 ms_cpu=15.964063 ms_np=3.552812
BARE file=皖AJ2Z23.jpg gt=皖AJ2Z23 code_cpu=皖AJ2Z23 code_np=皖AJ2Z23 agree=1 ok_cpu=1 ok_np=1 ms_cpu=17.416250 ms_np=3.802032
BARE file=皖AJ328G.jpg gt=皖AJ328G code_cpu=皖AJ328G code_np=皖AJ328G agree=1 ok_cpu=1 ok_np=1 ms_cpu=16.057031 ms_np=3.430937
BARE file=皖AJ596Y.jpg gt=皖AJ596Y code_cpu=皖AJ596Y code_np=皖AJ596Y agree=1 ok_cpu=1 ok_np=1 ms_cpu=18.404062 ms_np=3.650313
BARE file=皖AJ604M.jpg gt=皖AJ604M code_cpu=皖AJ604M code_np=皖AJ604M agree=1 ok_cpu=1 ok_np=1 ms_cpu=15.337344 ms_np=3.921875
BARE file=皖AJ646D.jpg gt=皖AJ646D code_cpu=皖AJ646D code_np=皖AJ646D agree=1 ok_cpu=1 ok_np=1 ms_cpu=15.762500 ms_np=3.672968
BARE file=皖AJ660Z.jpg gt=皖AJ660Z code_cpu=京AJ660Z code_np=京AJ660Z agree=1 ok_cpu=0 ok_np=0 ms_cpu=15.381875 ms_np=3.474844
BARE file=皖AJ661S.jpg gt=皖AJ661S code_cpu=皖AJ661S code_np=皖AJ661S agree=1 ok_cpu=1 ok_np=1 ms_cpu=14.965313 ms_np=3.788282
BARE file=皖AJ6D89.jpg gt=皖AJ6D89 code_cpu=皖AJ6D89 code_np=皖AJ6D89 agree=1 ok_cpu=1 ok_np=1 ms_cpu=15.179687 ms_np=3.617500
BARE file=皖AJ6L58.jpg gt=皖AJ6L58 code_cpu=皖AJ6L58 code_np=皖AJ6L58 agree=1 ok_cpu=1 ok_np=1 ms_cpu=14.889218 ms_np=3.706094
BARE file=皖AJ7642.jpg gt=皖AJ7642 code_cpu=皖AJ7642 code_np=皖AJ7642 agree=1 ok_cpu=1 ok_np=1 ms_cpu=11.018437 ms_np=3.580469
BARE file=皖AJ831R.jpg gt=皖AJ831R code_cpu=皖AJ831R code_np=皖AJ831R agree=1 ok_cpu=1 ok_np=1 ms_cpu=15.209844 ms_np=3.607813
BARE file=皖AJ832X.jpg gt=皖AJ832X code_cpu=皖AJ832X code_np=皖AJ832X agree=1 ok_cpu=1 ok_np=1 ms_cpu=15.100468 ms_np=3.666407
BARE file=皖AJ8F18.jpg gt=皖AJ8F18 code_cpu=皖AJ8F18 code_np=皖AJ8F18 agree=1 ok_cpu=1 ok_np=1 ms_cpu=13.234063 ms_np=3.620938
BARE file=皖AJ932K.jpg gt=皖AJ932K code_cpu=鄂N9932K code_np=鄂N9932K agree=1 ok_cpu=0 ok_np=0 ms_cpu=15.787188 ms_np=3.565937
BARE file=皖AJ9565.jpg gt=皖AJ9565 code_cpu=皖AJ9565 code_np=皖AJ9565 agree=1 ok_cpu=1 ok_np=1 ms_cpu=16.713437 ms_np=3.865000
BARE file=皖AJ998V.jpg gt=皖AJ998V code_cpu=粤AJ998V code_np=粤AJ998V agree=1 ok_cpu=0 ok_np=0 ms_cpu=15.601563 ms_np=3.765157
BARE file=皖AJK896.jpg gt=皖AJK896 code_cpu=皖AJK896 code_np=皖AJK896 agree=1 ok_cpu=1 ok_np=1 ms_cpu=15.716718 ms_np=3.496406
BARE file=皖AJL844.jpg gt=皖AJL844 code_cpu=皖AJL844 code_np=皖AJL844 agree=1 ok_cpu=1 ok_np=1 ms_cpu=11.855313 ms_np=4.175156
BARE file=皖AJM571.jpg gt=皖AJM571 code_cpu=皖AJM571 code_np=皖AJM571 agree=1 ok_cpu=1 ok_np=1 ms_cpu=16.449844 ms_np=3.682031
BARE file=皖AJQ716.jpg gt=皖AJQ716 code_cpu=皖AJQ716 code_np=皖AJQ716 agree=1 ok_cpu=1 ok_np=1 ms_cpu=15.682812 ms_np=3.783593
BARE file=皖AJU215.jpg gt=皖AJU215 code_cpu=粤AJU215 code_np=粤AJU215 agree=1 ok_cpu=0 ok_np=0 ms_cpu=15.742187 ms_np=4.093906
BARE file=皖AJU922.jpg gt=皖AJU922 code_cpu=陕AJU922 code_np=陕AJU922 agree=1 ok_cpu=0 ok_np=0 ms_cpu=16.114843 ms_np=3.940157
BARE file=皖AJV196.jpg gt=皖AJV196 code_cpu=皖AJV196 code_np=皖AJV196 agree=1 ok_cpu=1 ok_np=1 ms_cpu=15.725469 ms_np=3.351250
BARE file=皖AJV866.jpg gt=皖AJV866 code_cpu=皖AJV866 code_np=皖AJV866 agree=1 ok_cpu=1 ok_np=1 ms_cpu=15.695312 ms_np=3.598437
BARE file=皖AJW700.jpg gt=皖AJW700 code_cpu=皖AJW700 code_np=皖AJW700 agree=1 ok_cpu=1 ok_np=1 ms_cpu=16.297968 ms_np=3.480313
BARE file=皖AJW781.jpg gt=皖AJW781 code_cpu=皖AJW781 code_np=皖AJW781 agree=1 ok_cpu=1 ok_np=1 ms_cpu=15.869062 ms_np=3.582032
BARE file=皖AJX809.jpg gt=皖AJX809 code_cpu=皖AJX809 code_np=皖AJX809 agree=1 ok_cpu=1 ok_np=1 ms_cpu=14.931094 ms_np=3.602656
BARE file=皖AJY444.jpg gt=皖AJY444 code_cpu=皖AJY444 code_np=皖AJY444 agree=1 ok_cpu=1 ok_np=1 ms_cpu=15.581562 ms_np=3.669375
BARE file=皖AJY782.jpg gt=皖AJY782 code_cpu=皖AJY782 code_np=皖AJY782 agree=1 ok_cpu=1 ok_np=1 ms_cpu=16.017656 ms_np=3.594844
BARE file=皖AK2A68.jpg gt=皖AK2A68 code_cpu=皖AK2A68 code_np=皖AK2A68 agree=1 ok_cpu=1 ok_np=1 ms_cpu=12.978750 ms_np=3.474688
BARE file=皖AK383K.jpg gt=皖AK383K code_cpu=皖AK383K code_np=皖AK383K agree=1 ok_cpu=1 ok_np=1 ms_cpu=14.195781 ms_np=3.609219
BARE file=皖AK5D11.jpg gt=皖AK5D11 code_cpu=皖AK5D11 code_np=皖AK5D11 agree=1 ok_cpu=1 ok_np=1 ms_cpu=16.474219 ms_np=3.758281
BARE file=皖AK663T.jpg gt=皖AK663T code_cpu=皖AK663T code_np=皖AK663T agree=1 ok_cpu=1 ok_np=1 ms_cpu=16.207344 ms_np=3.676250
BARE file=皖AK700C.jpg gt=皖AK700C code_cpu=皖AK700C code_np=皖AK700C agree=1 ok_cpu=1 ok_np=1 ms_cpu=14.930157 ms_np=3.736094
BARE file=皖AK9559.jpg gt=皖AK9559 code_cpu=皖AK9559 code_np=皖AK9559 agree=1 ok_cpu=1 ok_np=1 ms_cpu=15.792500 ms_np=3.632500
BARE file=皖AK977F.jpg gt=皖AK977F code_cpu=皖AK977F code_np=皖AK977F agree=1 ok_cpu=1 ok_np=1 ms_cpu=15.826719 ms_np=4.558125
BARE file=皖AK9Y10.jpg gt=皖AK9Y10 code_cpu=皖AK9Y10 code_np=皖AK9Y10 agree=1 ok_cpu=1 ok_np=1 ms_cpu=15.726094 ms_np=3.535937
BARE file=皖AKA355.jpg gt=皖AKA355 code_cpu=皖AKA355 code_np=皖AKA355 agree=1 ok_cpu=1 ok_np=1 ms_cpu=14.872969 ms_np=3.657813
BARE file=皖AKB071.jpg gt=皖AKB071 code_cpu=皖AKB071 code_np=皖AKB071 agree=1 ok_cpu=1 ok_np=1 ms_cpu=16.075938 ms_np=3.766719
BARE file=皖AKG821.jpg gt=皖AKG821 code_cpu=皖AKG821 code_np=皖AKG821 agree=1 ok_cpu=1 ok_np=1 ms_cpu=16.025781 ms_np=3.946718
BARE file=皖AKK123.jpg gt=皖AKK123 code_cpu=粤AKK123 code_np=粤AKK123 agree=1 ok_cpu=0 ok_np=0 ms_cpu=14.967031 ms_np=3.870469
BARE file=皖AKL773.jpg gt=皖AKL773 code_cpu=皖AKL773 code_np=皖AKL773 agree=1 ok_cpu=1 ok_np=1 ms_cpu=15.784687 ms_np=3.485312
BARE file=皖AKM185.jpg gt=皖AKM185 code_cpu=皖AKM185 code_np=皖AKM185 agree=1 ok_cpu=1 ok_np=1 ms_cpu=16.191094 ms_np=3.840469
BARE file=皖AKS111.jpg gt=皖AKS111 code_cpu=皖AKS111 code_np=皖AKS111 agree=1 ok_cpu=1 ok_np=1 ms_cpu=15.474531 ms_np=3.909532
BARE file=皖AKS189.jpg gt=皖AKS189 code_cpu=皖AKS189 code_np=皖AKS189 agree=1 ok_cpu=1 ok_np=1 ms_cpu=15.550781 ms_np=3.625000
BARE file=皖AKV216.jpg gt=皖AKV216 code_cpu=皖AKV216 code_np=皖AKV216 agree=1 ok_cpu=1 ok_np=1 ms_cpu=16.645782 ms_np=3.591562
BARE file=皖AKW105.jpg gt=皖AKW105 code_cpu=赣AKW165 code_np=赣AKW165 agree=1 ok_cpu=0 ok_np=0 ms_cpu=15.417188 ms_np=4.048594
BARE file=皖AKX258.jpg gt=皖AKX258 code_cpu=皖AKX258 code_np=皖AKX258 agree=1 ok_cpu=1 ok_np=1 ms_cpu=15.311406 ms_np=3.686719
BARE file=皖AL114J.jpg gt=皖AL114J code_cpu=皖AL114J code_np=皖AL114J agree=1 ok_cpu=1 ok_np=1 ms_cpu=15.588125 ms_np=3.911250
BARE file=皖AL136E.jpg gt=皖AL136E code_cpu=皖AL136E code_np=皖AL136E agree=1 ok_cpu=1 ok_np=1 ms_cpu=16.226562 ms_np=4.066562
BARE file=皖AL193R.jpg gt=皖AL193R code_cpu=A173 code_np=A173 agree=1 ok_cpu=0 ok_np=0 ms_cpu=15.310938 ms_np=3.739218
BARE file=皖AL197N.jpg gt=皖AL197N code_cpu=皖AL197N code_np=皖AL197N agree=1 ok_cpu=1 ok_np=1 ms_cpu=22.260313 ms_np=4.514218
BARE file=皖AL1R08.jpg gt=皖AL1R08 code_cpu=皖AL1R08 code_np=皖AL1R08 agree=1 ok_cpu=1 ok_np=1 ms_cpu=14.869844 ms_np=3.489688
BARE file=皖AL1T85.jpg gt=皖AL1T85 code_cpu=皖AL1T85 code_np=皖AL1T85 agree=1 ok_cpu=1 ok_np=1 ms_cpu=15.865156 ms_np=3.590157
BARE file=皖AL1U05.jpg gt=皖AL1U05 code_cpu=皖AL1U05 code_np=皖AL1U05 agree=1 ok_cpu=1 ok_np=1 ms_cpu=16.518750 ms_np=3.728438
BARE file=皖AL376F.jpg gt=皖AL376F code_cpu=皖AL376F code_np=皖AL376F agree=1 ok_cpu=1 ok_np=1 ms_cpu=15.953125 ms_np=3.926407
BARE file=皖AL392W.jpg gt=皖AL392W code_cpu=皖AL392W code_np=皖AL392W agree=1 ok_cpu=1 ok_np=1 ms_cpu=16.482344 ms_np=3.755469
BARE file=皖AL509L.jpg gt=皖AL509L code_cpu=皖AL509L1 code_np=皖AL509L1 agree=1 ok_cpu=0 ok_np=0 ms_cpu=17.541250 ms_np=3.712344
BARE file=皖AL515L.jpg gt=皖AL515L code_cpu=皖AL515L code_np=皖AL515L agree=1 ok_cpu=1 ok_np=1 ms_cpu=17.004844 ms_np=3.873437
BARE file=皖AL5W29.jpg gt=皖AL5W29 code_cpu=皖4229 code_np=皖4229 agree=1 ok_cpu=0 ok_np=0 ms_cpu=15.802657 ms_np=3.606875
BARE file=皖AL6011.jpg gt=皖AL6011 code_cpu=皖AL6011 code_np=皖AL6011 agree=1 ok_cpu=1 ok_np=1 ms_cpu=15.486094 ms_np=3.920469
BARE file=皖AL606G.jpg gt=皖AL606G code_cpu=皖AL606G code_np=皖AL606G agree=1 ok_cpu=1 ok_np=1 ms_cpu=15.826250 ms_np=3.603282
BARE file=皖AL6J20.jpg gt=皖AL6J20 code_cpu=皖AL6J20 code_np=皖AL6J20 agree=1 ok_cpu=1 ok_np=1 ms_cpu=15.401719 ms_np=3.678750
BARE file=皖AL6J36.jpg gt=皖AL6J36 code_cpu=皖AL6J36 code_np=皖AL6J36 agree=1 ok_cpu=1 ok_np=1 ms_cpu=16.102656 ms_np=3.924219
BARE file=皖AL6K66.jpg gt=皖AL6K66 code_cpu=皖AL6K66 code_np=皖AL6K66 agree=1 ok_cpu=1 ok_np=1 ms_cpu=16.977813 ms_np=3.786093
BARE file=皖AL6W26.jpg gt=皖AL6W26 code_cpu=京AL6W26 code_np=京AL6W26 agree=1 ok_cpu=0 ok_np=0 ms_cpu=16.695938 ms_np=3.777969
BARE file=皖AL7F88.jpg gt=皖AL7F88 code_cpu=皖AL7F88 code_np=皖AL7F88 agree=1 ok_cpu=1 ok_np=1 ms_cpu=16.243437 ms_np=3.811875
BARE file=皖AL8068.jpg gt=皖AL8068 code_cpu=皖AL8068 code_np=皖AL8068 agree=1 ok_cpu=1 ok_np=1 ms_cpu=16.571875 ms_np=4.600937
BARE file=皖AL820L.jpg gt=皖AL820L code_cpu=皖AL820L code_np=皖AL820L agree=1 ok_cpu=1 ok_np=1 ms_cpu=16.209375 ms_np=3.833750
BARE file=皖AL8Y77.jpg gt=皖AL8Y77 code_cpu=皖AL8Y77 code_np=皖AL8Y77 agree=1 ok_cpu=1 ok_np=1 ms_cpu=15.815469 ms_np=3.792500
BARE file=皖AL9335.jpg gt=皖AL9335 code_cpu=皖AL9335 code_np=皖AL9335 agree=1 ok_cpu=1 ok_np=1 ms_cpu=16.755782 ms_np=3.613281
BARE file=皖AL9L09.jpg gt=皖AL9L09 code_cpu=皖AL9L09 code_np=皖AL9L09 agree=1 ok_cpu=1 ok_np=1 ms_cpu=16.542813 ms_np=3.690781
BARE file=皖AL9N01.jpg gt=皖AL9N01 code_cpu=皖AL9N01 code_np=皖AL9N01 agree=1 ok_cpu=1 ok_np=1 ms_cpu=15.237500 ms_np=3.708125
BARE file=皖ALB152.jpg gt=皖ALB152 code_cpu=皖ALB152 code_np=皖ALB152 agree=1 ok_cpu=1 ok_np=1 ms_cpu=17.222500 ms_np=3.901875
BARE file=皖ALB155.jpg gt=皖ALB155 code_cpu=皖ALB155 code_np=皖ALB155 agree=1 ok_cpu=1 ok_np=1 ms_cpu=16.163906 ms_np=3.794063
BARE file=皖ALD252.jpg gt=皖ALD252 code_cpu=皖ALD252 code_np=皖ALD252 agree=1 ok_cpu=1 ok_np=1 ms_cpu=16.411563 ms_np=3.664531
BARE file=皖ALD962.jpg gt=皖ALD962 code_cpu=皖ALD962 code_np=皖ALD962 agree=1 ok_cpu=1 ok_np=1 ms_cpu=17.547344 ms_np=3.492500
BARE file=皖ALG516.jpg gt=皖ALG516 code_cpu=皖ALG516 code_np=皖ALG516 agree=1 ok_cpu=1 ok_np=1 ms_cpu=15.869843 ms_np=3.593594
BARE file=皖ALJ620.jpg gt=皖ALJ620 code_cpu=京ALJ620 code_np=京ALJ620 agree=1 ok_cpu=0 ok_np=0 ms_cpu=16.210781 ms_np=3.623438
BARE file=皖ALK110.jpg gt=皖ALK110 code_cpu=皖ALK110 code_np=皖ALK110 agree=1 ok_cpu=1 ok_np=1 ms_cpu=15.712187 ms_np=3.895938
BARE file=皖ALL597.jpg gt=皖ALL597 code_cpu=皖ALL597 code_np=皖ALL597 agree=1 ok_cpu=1 ok_np=1 ms_cpu=16.590000 ms_np=3.850781
BARE file=皖ALN856.jpg gt=皖ALN856 code_cpu=皖ALN856 code_np=皖ALN856 agree=1 ok_cpu=1 ok_np=1 ms_cpu=15.403750 ms_np=3.551250
BARE file=皖ALP957.jpg gt=皖ALP957 code_cpu=皖ALP957 code_np=皖ALP957 agree=1 ok_cpu=1 ok_np=1 ms_cpu=16.613437 ms_np=3.611562
BARE file=皖ALR022.jpg gt=皖ALR022 code_cpu=皖ALR022 code_np=皖ALR022 agree=1 ok_cpu=1 ok_np=1 ms_cpu=15.340625 ms_np=4.426875
BARE file=皖ALV548.jpg gt=皖ALV548 code_cpu=皖ALV548 code_np=皖ALV548 agree=1 ok_cpu=1 ok_np=1 ms_cpu=16.838438 ms_np=3.658907
BARE file=皖ALW489.jpg gt=皖ALW489 code_cpu=皖ALW489 code_np=皖ALW489 agree=1 ok_cpu=1 ok_np=1 ms_cpu=15.916406 ms_np=3.759218
BARE file=皖ALW592.jpg gt=皖ALW592 code_cpu=皖ALW592 code_np=皖ALW592 agree=1 ok_cpu=1 ok_np=1 ms_cpu=12.400157 ms_np=3.715937
BARE file=皖ALX985.jpg gt=皖ALX985 code_cpu=皖ALX985 code_np=皖ALX985 agree=1 ok_cpu=1 ok_np=1 ms_cpu=16.727188 ms_np=3.814531
BARE file=皖ALZ682.jpg gt=皖ALZ682 code_cpu=皖ALZ682 code_np=皖ALZ682 agree=1 ok_cpu=1 ok_np=1 ms_cpu=17.191094 ms_np=3.983281
BARE file=皖AM150X.jpg gt=皖AM150X code_cpu=皖AM150X code_np=皖AM150X agree=1 ok_cpu=1 ok_np=1 ms_cpu=16.237500 ms_np=3.743906
BARE file=皖AM190J.jpg gt=皖AM190J code_cpu=皖AM190J code_np=皖AM190J agree=1 ok_cpu=1 ok_np=1 ms_cpu=12.099219 ms_np=3.827500
BARE file=皖AM2214.jpg gt=皖AM2214 code_cpu=皖AM2214 code_np=皖AM2214 agree=1 ok_cpu=1 ok_np=1 ms_cpu=16.027343 ms_np=3.928906
BARE file=皖AM336V.jpg gt=皖AM336V code_cpu=京AM336V code_np=京AM336V agree=1 ok_cpu=0 ok_np=0 ms_cpu=15.967032 ms_np=3.602812
BARE file=皖AM516P.jpg gt=皖AM516P code_cpu=皖AM516P code_np=皖AM516P agree=1 ok_cpu=1 ok_np=1 ms_cpu=16.459688 ms_np=4.140469
BARE file=皖AM526Y.jpg gt=皖AM526Y code_cpu=皖AM526Y code_np=皖AM526Y agree=1 ok_cpu=1 ok_np=1 ms_cpu=15.692969 ms_np=4.556562
BARE file=皖AM5913.jpg gt=皖AM5913 code_cpu=皖AM5913 code_np=皖AM5913 agree=1 ok_cpu=1 ok_np=1 ms_cpu=15.918125 ms_np=3.727188
BARE file=皖AM5A17.jpg gt=皖AM5A17 code_cpu=皖AM5A17 code_np=皖AM5A17 agree=1 ok_cpu=1 ok_np=1 ms_cpu=16.424375 ms_np=3.679688
BARE file=皖AM6H76.jpg gt=皖AM6H76 code_cpu=皖AM6H76 code_np=皖AM6H76 agree=1 ok_cpu=1 ok_np=1 ms_cpu=16.142656 ms_np=3.765468
BARE file=皖AM7000.jpg gt=皖AM7000 code_cpu=皖AM7000 code_np=皖AM7000 agree=1 ok_cpu=1 ok_np=1 ms_cpu=16.743125 ms_np=3.980312
BARE file=皖AM700E.jpg gt=皖AM700E code_cpu=云AM700E code_np=云AM700E agree=1 ok_cpu=0 ok_np=0 ms_cpu=16.042031 ms_np=3.923438
BARE file=皖AM7704.jpg gt=皖AM7704 code_cpu=皖AM7704 code_np=皖AM7704 agree=1 ok_cpu=1 ok_np=1 ms_cpu=16.542343 ms_np=3.837969
BARE file=皖AM7977.jpg gt=皖AM7977 code_cpu=皖AM7977 code_np=皖AM7977 agree=1 ok_cpu=1 ok_np=1 ms_cpu=16.230625 ms_np=3.900000
BARE file=皖AM7H30.jpg gt=皖AM7H30 code_cpu=皖AM7H30 code_np=皖AM7H30 agree=1 ok_cpu=1 ok_np=1 ms_cpu=16.889063 ms_np=3.670000
BARE file=皖AM925Y.jpg gt=皖AM925Y code_cpu=皖AM925Y code_np=皖AM925Y agree=1 ok_cpu=1 ok_np=1 ms_cpu=17.117657 ms_np=3.750781
BARE file=皖AM987F.jpg gt=皖AM987F code_cpu=皖AM987F code_np=皖AM987F agree=1 ok_cpu=1 ok_np=1 ms_cpu=16.445781 ms_np=4.057500
BARE file=皖AMC406.jpg gt=皖AMC406 code_cpu=皖AMC406 code_np=皖AMC406 agree=1 ok_cpu=1 ok_np=1 ms_cpu=16.063125 ms_np=3.670156
BARE file=皖AMC588.jpg gt=皖AMC588 code_cpu=皖AMC588 code_np=皖AMC588 agree=1 ok_cpu=1 ok_np=1 ms_cpu=16.039687 ms_np=3.972656
BARE file=皖AME066.jpg gt=皖AME066 code_cpu=皖AME066 code_np=皖AME066 agree=1 ok_cpu=1 ok_np=1 ms_cpu=16.611563 ms_np=3.759375
BARE file=皖AMW385.jpg gt=皖AMW385 code_cpu=皖AMW385 code_np=皖AMW385 agree=1 ok_cpu=1 ok_np=1 ms_cpu=15.903438 ms_np=3.953594
BARE file=皖AMX412.jpg gt=皖AMX412 code_cpu=皖AMX412 code_np=皖AMX412 agree=1 ok_cpu=1 ok_np=1 ms_cpu=15.066563 ms_np=3.981718
BARE file=皖AMY556.jpg gt=皖AMY556 code_cpu=皖AMY556 code_np=皖AMY556 agree=1 ok_cpu=1 ok_np=1 ms_cpu=15.866406 ms_np=4.093750
BARE file=皖AMZ210.jpg gt=皖AMZ210 code_cpu=皖AMZ210 code_np=皖AMZ210 agree=1 ok_cpu=1 ok_np=1 ms_cpu=14.699375 ms_np=3.907188
BARE file=皖AN1336.jpg gt=皖AN1336 code_cpu=粤AU1336 code_np=粤AU1336 agree=1 ok_cpu=0 ok_np=0 ms_cpu=15.829218 ms_np=3.656093
BARE file=皖AN225F.jpg gt=皖AN225F code_cpu=皖AN225F code_np=皖AN225F agree=1 ok_cpu=1 ok_np=1 ms_cpu=16.057031 ms_np=3.909531
BARE file=皖AN3593.jpg gt=皖AN3593 code_cpu=皖AN3593 code_np=皖AN3593 agree=1 ok_cpu=1 ok_np=1 ms_cpu=15.708594 ms_np=3.889375
BARE file=皖AN5735.jpg gt=皖AN5735 code_cpu=皖AN5735 code_np=皖AN5735 agree=1 ok_cpu=1 ok_np=1 ms_cpu=15.007656 ms_np=4.044687
BARE file=皖AN679S.jpg gt=皖AN679S code_cpu=皖AN679S code_np=皖AN679S agree=1 ok_cpu=1 ok_np=1 ms_cpu=15.994687 ms_np=3.755781
BARE file=皖AN887C.jpg gt=皖AN887C code_cpu=皖AN887C code_np=皖AN887C agree=1 ok_cpu=1 ok_np=1 ms_cpu=15.903125 ms_np=3.899844
BARE file=皖AN8V79.jpg gt=皖AN8V79 code_cpu=皖AN8V79 code_np=皖AN8V79 agree=1 ok_cpu=1 ok_np=1 ms_cpu=16.742188 ms_np=3.752969
BARE file=皖AND915.jpg gt=皖AND915 code_cpu=皖AND915 code_np=皖AND915 agree=1 ok_cpu=1 ok_np=1 ms_cpu=15.758125 ms_np=3.786250
BARE file=皖ANF408.jpg gt=皖ANF408 code_cpu=皖ANF408 code_np=皖ANF408 agree=1 ok_cpu=1 ok_np=1 ms_cpu=14.374844 ms_np=3.525468
BARE file=皖ANF978.jpg gt=皖ANF978 code_cpu=皖ANF978 code_np=皖ANF978 agree=1 ok_cpu=1 ok_np=1 ms_cpu=14.364687 ms_np=4.293281
BARE file=皖ANL781.jpg gt=皖ANL781 code_cpu=皖ANL781 code_np=皖ANL781 agree=1 ok_cpu=1 ok_np=1 ms_cpu=15.169219 ms_np=3.510625
BARE file=皖ANL839.jpg gt=皖ANL839 code_cpu=皖ANL839 code_np=皖ANL839 agree=1 ok_cpu=1 ok_np=1 ms_cpu=16.431875 ms_np=3.751719
BARE file=皖ANM719.jpg gt=皖ANM719 code_cpu=皖ANM719 code_np=皖ANM719 agree=1 ok_cpu=1 ok_np=1 ms_cpu=16.570000 ms_np=3.879219
BARE file=皖ANP523.jpg gt=皖ANP523 code_cpu=皖ANP523 code_np=皖ANP523 agree=1 ok_cpu=1 ok_np=1 ms_cpu=16.867969 ms_np=3.830000
BARE file=皖ANP552.jpg gt=皖ANP552 code_cpu=皖ANP552 code_np=皖ANP552 agree=1 ok_cpu=1 ok_np=1 ms_cpu=17.962344 ms_np=3.891563
BARE file=皖ANT201.jpg gt=皖ANT201 code_cpu=皖ANT201 code_np=皖ANT201 agree=1 ok_cpu=1 ok_np=1 ms_cpu=17.334688 ms_np=3.804218
BARE file=皖ANU719.jpg gt=皖ANU719 code_cpu=皖ANU719 code_np=皖ANU719 agree=1 ok_cpu=1 ok_np=1 ms_cpu=16.591094 ms_np=3.859531
BARE file=皖ANW105.jpg gt=皖ANW105 code_cpu=皖ANW105 code_np=皖ANW105 agree=1 ok_cpu=1 ok_np=1 ms_cpu=16.349219 ms_np=4.160469
BARE file=皖AP008T.jpg gt=皖AP008T code_cpu=皖AP008T code_np=皖AP008T agree=1 ok_cpu=1 ok_np=1 ms_cpu=16.612968 ms_np=3.964688
BARE file=皖AP099X.jpg gt=皖AP099X code_cpu=皖AP099X code_np=皖AP099X agree=1 ok_cpu=1 ok_np=1 ms_cpu=16.483437 ms_np=4.014063
BARE file=皖AP198F.jpg gt=皖AP198F code_cpu=京AP198F code_np=京AP198F agree=1 ok_cpu=0 ok_np=0 ms_cpu=16.162187 ms_np=3.755000
BARE file=皖AP201A.jpg gt=皖AP201A code_cpu=皖AP201A code_np=皖AP201A agree=1 ok_cpu=1 ok_np=1 ms_cpu=16.483750 ms_np=3.851250
BARE file=皖AP2307.jpg gt=皖AP2307 code_cpu=皖AP2307 code_np=皖AP2307 agree=1 ok_cpu=1 ok_np=1 ms_cpu=16.452812 ms_np=3.699063
BARE file=皖AP2W77.jpg gt=皖AP2W77 code_cpu=皖AP2W77 code_np=皖AP2W77 agree=1 ok_cpu=1 ok_np=1 ms_cpu=16.685000 ms_np=4.441094
BARE file=皖AP3037.jpg gt=皖AP3037 code_cpu=皖AP3037 code_np=皖AP3037 agree=1 ok_cpu=1 ok_np=1 ms_cpu=14.556875 ms_np=3.989062
BARE file=皖AP3063.jpg gt=皖AP3063 code_cpu=皖AP3063 code_np=皖AP3063 agree=1 ok_cpu=1 ok_np=1 ms_cpu=16.661875 ms_np=3.709844
BARE file=皖AP486Y.jpg gt=皖AP486Y code_cpu=皖AP486Y code_np=皖AP486Y agree=1 ok_cpu=1 ok_np=1 ms_cpu=15.568906 ms_np=3.817656
BARE file=皖AP5459.jpg gt=皖AP5459 code_cpu=皖AP5459 code_np=皖AP5459 agree=1 ok_cpu=1 ok_np=1 ms_cpu=16.081719 ms_np=3.848438
BARE file=皖AP6496.jpg gt=皖AP6496 code_cpu=皖AP6496 code_np=皖AP6496 agree=1 ok_cpu=1 ok_np=1 ms_cpu=16.494687 ms_np=4.187813
BARE file=皖AP666P.jpg gt=皖AP666P code_cpu=R6560 code_np=R6560 agree=1 ok_cpu=0 ok_np=0 ms_cpu=16.464062 ms_np=3.939844
BARE file=皖AP700J.jpg gt=皖AP700J code_cpu=皖AP700J code_np=皖AP700J agree=1 ok_cpu=1 ok_np=1 ms_cpu=12.780157 ms_np=3.909375
BARE file=皖AP723P.jpg gt=皖AP723P code_cpu=皖AP723P code_np=皖AP723P agree=1 ok_cpu=1 ok_np=1 ms_cpu=16.895156 ms_np=3.702500
BARE file=皖AP777B.jpg gt=皖AP777B code_cpu=皖AP777B code_np=皖AP777B agree=1 ok_cpu=1 ok_np=1 ms_cpu=16.794219 ms_np=4.007031
BARE file=皖AP8950.jpg gt=皖AP8950 code_cpu=粤AP8950 code_np=粤AP8950 agree=1 ok_cpu=0 ok_np=0 ms_cpu=16.505938 ms_np=3.814375
BARE file=皖AP901Y.jpg gt=皖AP901Y code_cpu=皖AP901Y code_np=皖AP901Y agree=1 ok_cpu=1 ok_np=1 ms_cpu=16.024688 ms_np=3.837812
BARE file=皖AP9802.jpg gt=皖AP9802 code_cpu=皖AP9802 code_np=皖AP9802 agree=1 ok_cpu=1 ok_np=1 ms_cpu=16.242656 ms_np=4.096563
BARE file=皖AP9824.jpg gt=皖AP9824 code_cpu=皖AP9824 code_np=皖AP9824 agree=1 ok_cpu=1 ok_np=1 ms_cpu=16.470781 ms_np=3.709219
BARE file=皖AP9L66.jpg gt=皖AP9L66 code_cpu=皖AP9L66 code_np=皖AP9L66 agree=1 ok_cpu=1 ok_np=1 ms_cpu=16.013750 ms_np=3.917343
BARE file=皖APA883.jpg gt=皖APA883 code_cpu=皖APA883 code_np=皖APA883 agree=1 ok_cpu=1 ok_np=1 ms_cpu=17.670937 ms_np=3.968750
BARE file=皖APD865.jpg gt=皖APD865 code_cpu=皖APD865 code_np=皖APD865 agree=1 ok_cpu=1 ok_np=1 ms_cpu=17.004375 ms_np=4.156406
BARE file=皖APM618.jpg gt=皖APM618 code_cpu=皖APM618 code_np=皖APM618 agree=1 ok_cpu=1 ok_np=1 ms_cpu=16.015000 ms_np=3.863281
BARE file=皖APN959.jpg gt=皖APN959 code_cpu=皖APN959 code_np=皖APN959 agree=1 ok_cpu=1 ok_np=1 ms_cpu=16.490625 ms_np=4.202187
BARE file=皖APR948.jpg gt=皖APR948 code_cpu=皖APR948 code_np=皖APR948 agree=1 ok_cpu=1 ok_np=1 ms_cpu=15.860000 ms_np=3.877344
BARE file=皖APV591.jpg gt=皖APV591 code_cpu=皖APV591 code_np=皖APV591 agree=1 ok_cpu=1 ok_np=1 ms_cpu=16.568594 ms_np=4.148750
BARE file=皖APZ686.jpg gt=皖APZ686 code_cpu=皖APZ686 code_np=皖APZ686 agree=1 ok_cpu=1 ok_np=1 ms_cpu=16.386094 ms_np=4.184219
BARE file=皖AQ2378.jpg gt=皖AQ2378 code_cpu=皖AQ2378 code_np=皖AQ2378 agree=1 ok_cpu=1 ok_np=1 ms_cpu=16.256875 ms_np=4.214531
BARE file=皖AQ5355.jpg gt=皖AQ5355 code_cpu=皖AQ5355 code_np=皖AQ5355 agree=1 ok_cpu=1 ok_np=1 ms_cpu=14.901719 ms_np=3.937031
BARE file=皖AQ8512.jpg gt=皖AQ8512 code_cpu=皖AQ8512 code_np=皖AQ8512 agree=1 ok_cpu=1 ok_np=1 ms_cpu=17.315781 ms_np=4.212031
BARE file=皖AQF320.jpg gt=皖AQF320 code_cpu=皖AQF320 code_np=皖AQF320 agree=1 ok_cpu=1 ok_np=1 ms_cpu=16.379844 ms_np=3.880156
BARE file=皖AQF776.jpg gt=皖AQF776 code_cpu=皖AQF776 code_np=皖AQF776 agree=1 ok_cpu=1 ok_np=1 ms_cpu=16.710000 ms_np=3.827344
BARE file=皖AQG909.jpg gt=皖AQG909 code_cpu=皖AQG909 code_np=皖AQG909 agree=1 ok_cpu=1 ok_np=1 ms_cpu=15.933594 ms_np=4.108437
BARE file=皖AQK728.jpg gt=皖AQK728 code_cpu=皖AQK728 code_np=皖AQK728 agree=1 ok_cpu=1 ok_np=1 ms_cpu=16.367657 ms_np=3.734687
BARE file=皖AQP112.jpg gt=皖AQP112 code_cpu=皖AQP112 code_np=皖AQP112 agree=1 ok_cpu=1 ok_np=1 ms_cpu=16.339531 ms_np=3.680000
BARE file=皖AQQ677.jpg gt=皖AQQ677 code_cpu=皖AQQ677 code_np=皖AQQ677 agree=1 ok_cpu=1 ok_np=1 ms_cpu=17.287656 ms_np=3.868437
BARE file=皖AR4764.jpg gt=皖AR4764 code_cpu=皖AR4764 code_np=皖AR4764 agree=1 ok_cpu=1 ok_np=1 ms_cpu=16.110937 ms_np=3.691094
BARE file=皖AR5065.jpg gt=皖AR5065 code_cpu=新AR5065 code_np=新AR5065 agree=1 ok_cpu=0 ok_np=0 ms_cpu=14.780781 ms_np=3.613907
BARE file=皖AR556D.jpg gt=皖AR556D code_cpu=皖AR556D code_np=皖AR556D agree=1 ok_cpu=1 ok_np=1 ms_cpu=12.751407 ms_np=3.539063
BARE file=皖AR562Y.jpg gt=皖AR562Y code_cpu=皖AR562Y code_np=皖AR562Y agree=1 ok_cpu=1 ok_np=1 ms_cpu=12.935312 ms_np=4.245781
BARE file=皖AR5752.jpg gt=皖AR5752 code_cpu=皖AR5752 code_np=皖AR5752 agree=1 ok_cpu=1 ok_np=1 ms_cpu=13.543594 ms_np=4.097812
BARE file=皖AR578L.jpg gt=皖AR578L code_cpu=皖AR578L code_np=皖AR578L agree=1 ok_cpu=1 ok_np=1 ms_cpu=16.428281 ms_np=3.479062
BARE file=皖AR5J25.jpg gt=皖AR5J25 code_cpu=皖AR5J25 code_np=皖AR5J25 agree=1 ok_cpu=1 ok_np=1 ms_cpu=19.400937 ms_np=3.776406
BARE file=皖AR5L78.jpg gt=皖AR5L78 code_cpu=皖AR5L78 code_np=皖AR5L78 agree=1 ok_cpu=1 ok_np=1 ms_cpu=17.514687 ms_np=3.960468
BARE file=皖AR6236.jpg gt=皖AR6236 code_cpu=皖AR6236 code_np=皖AR6236 agree=1 ok_cpu=1 ok_np=1 ms_cpu=15.718125 ms_np=3.610000
BARE file=皖AR6898.jpg gt=皖AR6898 code_cpu=皖AR6898 code_np=皖AR6898 agree=1 ok_cpu=1 ok_np=1 ms_cpu=25.694375 ms_np=3.764375
BARE file=皖AR690K.jpg gt=皖AR690K code_cpu=京AR690K code_np=京AR690K agree=1 ok_cpu=0 ok_np=0 ms_cpu=18.090313 ms_np=3.705781
BARE file=皖AR6J13.jpg gt=皖AR6J13 code_cpu=皖AR6J13 code_np=皖AR6J13 agree=1 ok_cpu=1 ok_np=1 ms_cpu=15.325938 ms_np=3.677969
BARE file=皖AR8X99.jpg gt=皖AR8X99 code_cpu=粤AR8X99 code_np=粤AR8X99 agree=1 ok_cpu=0 ok_np=0 ms_cpu=17.544375 ms_np=4.093593
BARE file=皖ARC155.jpg gt=皖ARC155 code_cpu=皖ARC155 code_np=皖ARC155 agree=1 ok_cpu=1 ok_np=1 ms_cpu=19.516875 ms_np=3.728750
BARE file=皖ARD739.jpg gt=皖ARD739 code_cpu=皖ARD739 code_np=皖ARD739 agree=1 ok_cpu=1 ok_np=1 ms_cpu=17.375000 ms_np=3.706407
BARE file=皖ARK558.jpg gt=皖ARK558 code_cpu=皖ARK558 code_np=皖ARK558 agree=1 ok_cpu=1 ok_np=1 ms_cpu=16.692188 ms_np=3.637031
BARE file=皖ARN868.jpg gt=皖ARN868 code_cpu=皖ARN868 code_np=皖ARN868 agree=1 ok_cpu=1 ok_np=1 ms_cpu=17.990938 ms_np=3.616407
BARE file=皖ARR067.jpg gt=皖ARR067 code_cpu=皖ARR067 code_np=皖ARR067 agree=1 ok_cpu=1 ok_np=1 ms_cpu=16.111718 ms_np=3.730625
BARE file=皖ARV192.jpg gt=皖ARV192 code_cpu=皖ARV192 code_np=皖ARV192 agree=1 ok_cpu=1 ok_np=1 ms_cpu=15.854375 ms_np=3.890469
BARE file=皖ARW936.jpg gt=皖ARW936 code_cpu=皖ARW936 code_np=皖ARW936 agree=1 ok_cpu=1 ok_np=1 ms_cpu=15.288594 ms_np=3.556093
BARE file=皖AS0303.jpg gt=皖AS0303 code_cpu=皖AS0303 code_np=皖AS0303 agree=1 ok_cpu=1 ok_np=1 ms_cpu=20.142032 ms_np=3.699843
BARE file=皖AS058A.jpg gt=皖AS058A code_cpu=皖AS058A code_np=皖AS058A agree=1 ok_cpu=1 ok_np=1 ms_cpu=15.971718 ms_np=3.646407
BARE file=皖AS065M.jpg gt=皖AS065M code_cpu=粤AS065M code_np=粤AS065M agree=1 ok_cpu=0 ok_np=0 ms_cpu=14.804531 ms_np=3.820313
BARE file=皖AS0825.jpg gt=皖AS0825 code_cpu=云AS0825 code_np=云AS0825 agree=1 ok_cpu=0 ok_np=0 ms_cpu=10.771406 ms_np=3.582969
BARE file=皖AS133R.jpg gt=皖AS133R code_cpu=皖AS133R code_np=皖AS133R agree=1 ok_cpu=1 ok_np=1 ms_cpu=19.118437 ms_np=3.652969
BARE file=皖AS1985.jpg gt=皖AS1985 code_cpu=皖AS1985 code_np=皖AS1985 agree=1 ok_cpu=1 ok_np=1 ms_cpu=14.428906 ms_np=3.425000
BARE file=皖AS1Y03.jpg gt=皖AS1Y03 code_cpu=皖AS1Y03 code_np=皖AS1Y03 agree=1 ok_cpu=1 ok_np=1 ms_cpu=23.955000 ms_np=4.012812
BARE file=皖AS2145.jpg gt=皖AS2145 code_cpu=皖AS2145 code_np=皖AS2145 agree=1 ok_cpu=1 ok_np=1 ms_cpu=15.245782 ms_np=3.485469
BARE file=皖AS2256.jpg gt=皖AS2256 code_cpu=皖AS2256 code_np=皖AS2256 agree=1 ok_cpu=1 ok_np=1 ms_cpu=15.078594 ms_np=3.563281
BARE file=皖AS371Z.jpg gt=皖AS371Z code_cpu=粤A3712 code_np=粤A3712 agree=1 ok_cpu=0 ok_np=0 ms_cpu=23.474062 ms_np=4.440313
BARE file=皖AS3K69.jpg gt=皖AS3K69 code_cpu=皖AS3K69 code_np=皖AS3K69 agree=1 ok_cpu=1 ok_np=1 ms_cpu=14.733594 ms_np=3.304844
BARE file=皖AS4502.jpg gt=皖AS4502 code_cpu=皖AS4502 code_np=皖AS4502 agree=1 ok_cpu=1 ok_np=1 ms_cpu=23.371250 ms_np=4.454219
BARE file=皖AS4Z80.jpg gt=皖AS4Z80 code_cpu=皖AS4Z80 code_np=皖AS4Z80 agree=1 ok_cpu=1 ok_np=1 ms_cpu=15.055937 ms_np=3.721875
BARE file=皖AS522L.jpg gt=皖AS522L code_cpu=皖AS522L code_np=皖AS522L agree=1 ok_cpu=1 ok_np=1 ms_cpu=15.046875 ms_np=3.503125
BARE file=皖AS6W73.jpg gt=皖AS6W73 code_cpu=皖AS6W73 code_np=皖AS6W73 agree=1 ok_cpu=1 ok_np=1 ms_cpu=20.132969 ms_np=3.190469
BARE file=皖AS6X81.jpg gt=皖AS6X81 code_cpu=皖AS6X81 code_np=皖AS6X81 agree=1 ok_cpu=1 ok_np=1 ms_cpu=14.933437 ms_np=3.522500
BARE file=皖AS7E15.jpg gt=皖AS7E15 code_cpu=琼AS7E15 code_np=琼AS7E15 agree=1 ok_cpu=0 ok_np=0 ms_cpu=18.502344 ms_np=3.243750
BARE file=皖AS7F77.jpg gt=皖AS7F77 code_cpu=皖AS7F77 code_np=皖AS7F77 agree=1 ok_cpu=1 ok_np=1 ms_cpu=18.571250 ms_np=3.462500
BARE file=皖AS7G30.jpg gt=皖AS7G30 code_cpu=皖AS7G30 code_np=皖AS7G30 agree=1 ok_cpu=1 ok_np=1 ms_cpu=24.121250 ms_np=4.508438
BARE file=皖AS7P15.jpg gt=皖AS7P15 code_cpu=皖AS7P15 code_np=皖AS7P15 agree=1 ok_cpu=1 ok_np=1 ms_cpu=14.740469 ms_np=3.353437
BARE file=皖AS836Z.jpg gt=皖AS836Z code_cpu=粤A3S8361 code_np=粤A3S8361 agree=1 ok_cpu=0 ok_np=0 ms_cpu=15.150312 ms_np=3.251719
BARE file=皖AS896V.jpg gt=皖AS896V code_cpu=皖AS896V code_np=皖AS896V agree=1 ok_cpu=1 ok_np=1 ms_cpu=14.403750 ms_np=3.360937
BARE file=皖AS897E.jpg gt=皖AS897E code_cpu=皖AS897E code_np=皖AS897E agree=1 ok_cpu=1 ok_np=1 ms_cpu=22.281562 ms_np=3.335000
BARE file=皖AS8L21.jpg gt=皖AS8L21 code_cpu=粤AS8L21 code_np=粤AS8L21 agree=1 ok_cpu=0 ok_np=0 ms_cpu=14.974218 ms_np=3.341250
BARE file=皖AS9006.jpg gt=皖AS9006 code_cpu=皖AS9006 code_np=皖AS9006 agree=1 ok_cpu=1 ok_np=1 ms_cpu=14.547500 ms_np=3.245156
BARE file=皖AS9957.jpg gt=皖AS9957 code_cpu=皖AS9957 code_np=皖AS9957 agree=1 ok_cpu=1 ok_np=1 ms_cpu=14.720625 ms_np=3.285312
BARE file=皖ASE186.jpg gt=皖ASE186 code_cpu=皖ASE186 code_np=皖ASE186 agree=1 ok_cpu=1 ok_np=1 ms_cpu=18.770625 ms_np=3.960937
BARE file=皖ASF682.jpg gt=皖ASF682 code_cpu=皖ASF682 code_np=皖ASF682 agree=1 ok_cpu=1 ok_np=1 ms_cpu=17.321719 ms_np=3.414218
BARE file=皖ASH615.jpg gt=皖ASH615 code_cpu=皖ASH615 code_np=皖ASH615 agree=1 ok_cpu=1 ok_np=1 ms_cpu=25.472656 ms_np=4.151875
BARE file=皖ASJ346.jpg gt=皖ASJ346 code_cpu=皖ASJ346 code_np=皖ASJ346 agree=1 ok_cpu=1 ok_np=1 ms_cpu=14.852812 ms_np=3.374375
BARE file=皖ASL612.jpg gt=皖ASL612 code_cpu=皖ASL612 code_np=皖ASL612 agree=1 ok_cpu=1 ok_np=1 ms_cpu=14.460312 ms_np=3.489218
BARE file=皖ASR727.jpg gt=皖ASR727 code_cpu=皖ASR727 code_np=皖ASR727 agree=1 ok_cpu=1 ok_np=1 ms_cpu=14.418282 ms_np=3.404375
BARE file=皖ASS375.jpg gt=皖ASS375 code_cpu=皖ASS375 code_np=皖ASS375 agree=1 ok_cpu=1 ok_np=1 ms_cpu=21.330468 ms_np=4.277188
BARE file=皖ASS990.jpg gt=皖ASS990 code_cpu=皖ASS990 code_np=皖ASS990 agree=1 ok_cpu=1 ok_np=1 ms_cpu=14.718907 ms_np=3.446406
BARE file=皖ASU978.jpg gt=皖ASU978 code_cpu=皖ASU978 code_np=皖ASU978 agree=1 ok_cpu=1 ok_np=1 ms_cpu=15.092343 ms_np=3.303750
BARE file=皖ASZ180.jpg gt=皖ASZ180 code_cpu=皖ASZ180 code_np=皖ASZ180 agree=1 ok_cpu=1 ok_np=1 ms_cpu=14.906875 ms_np=3.295156
BARE file=皖ASZ600.jpg gt=皖ASZ600 code_cpu=皖ASZ600 code_np=皖ASZ600 agree=1 ok_cpu=1 ok_np=1 ms_cpu=14.926250 ms_np=3.359219
BARE file=皖AT0D33.jpg gt=皖AT0D33 code_cpu=皖AT0D33 code_np=皖AT0D33 agree=1 ok_cpu=1 ok_np=1 ms_cpu=15.155781 ms_np=3.207812
BARE file=皖AT0T85.jpg gt=皖AT0T85 code_cpu=皖AT0T85 code_np=皖AT0T85 agree=1 ok_cpu=1 ok_np=1 ms_cpu=30.833750 ms_np=3.634063
BARE file=皖AT152M.jpg gt=皖AT152M code_cpu=沪AT152M code_np=沪AT152M agree=1 ok_cpu=0 ok_np=0 ms_cpu=18.166250 ms_np=3.835937
BARE file=皖AT1L05.jpg gt=皖AT1L05 code_cpu=皖AT1L05 code_np=皖AT1L05 agree=1 ok_cpu=1 ok_np=1 ms_cpu=16.114687 ms_np=3.291250
BARE file=皖AT2419.jpg gt=皖AT2419 code_cpu=皖AT2419 code_np=皖AT2419 agree=1 ok_cpu=1 ok_np=1 ms_cpu=15.245000 ms_np=3.223281
BARE file=皖AT582T.jpg gt=皖AT582T code_cpu=皖AT582T code_np=皖AT582T agree=1 ok_cpu=1 ok_np=1 ms_cpu=14.872969 ms_np=3.792500
BARE file=皖AT5Y25.jpg gt=皖AT5Y25 code_cpu=皖AT5Y25 code_np=皖AT5Y25 agree=1 ok_cpu=1 ok_np=1 ms_cpu=19.550313 ms_np=3.379531
BARE file=皖AT5Y57.jpg gt=皖AT5Y57 code_cpu=皖AT5Y57 code_np=皖AT5Y57 agree=1 ok_cpu=1 ok_np=1 ms_cpu=14.898125 ms_np=3.341875
BARE file=皖AT667N.jpg gt=皖AT667N code_cpu=皖AT667N code_np=皖AT667N agree=1 ok_cpu=1 ok_np=1 ms_cpu=28.206563 ms_np=3.536407
BARE file=皖AT721J.jpg gt=皖AT721J code_cpu=皖AT721J code_np=皖AT721J agree=1 ok_cpu=1 ok_np=1 ms_cpu=21.751250 ms_np=3.375781
BARE file=皖AT7T56.jpg gt=皖AT7T56 code_cpu=皖AT7T56 code_np=皖AT7T56 agree=1 ok_cpu=1 ok_np=1 ms_cpu=21.110156 ms_np=3.362656
BARE file=皖AT813C.jpg gt=皖AT813C code_cpu=皖AT813C code_np=皖AT813C agree=1 ok_cpu=1 ok_np=1 ms_cpu=14.568281 ms_np=3.325000
BARE file=皖ATB916.jpg gt=皖ATB916 code_cpu=京ATB916 code_np=京ATB916 agree=1 ok_cpu=0 ok_np=0 ms_cpu=21.127031 ms_np=4.476875
BARE file=皖ATC890.jpg gt=皖ATC890 code_cpu=皖ATC890 code_np=皖ATC890 agree=1 ok_cpu=1 ok_np=1 ms_cpu=14.582812 ms_np=3.253125
BARE file=皖ATG611.jpg gt=皖ATG611 code_cpu=皖ATG611 code_np=皖ATG611 agree=1 ok_cpu=1 ok_np=1 ms_cpu=15.022812 ms_np=3.345156
BARE file=皖ATG730.jpg gt=皖ATG730 code_cpu=皖ATG730 code_np=皖ATG730 agree=1 ok_cpu=1 ok_np=1 ms_cpu=17.925782 ms_np=3.513281
BARE file=皖ATL587.jpg gt=皖ATL587 code_cpu=皖ATL587 code_np=皖ATL587 agree=1 ok_cpu=1 ok_np=1 ms_cpu=14.672031 ms_np=3.190000
BARE file=皖ATM455.jpg gt=皖ATM455 code_cpu=皖ATM455 code_np=皖ATM455 agree=1 ok_cpu=1 ok_np=1 ms_cpu=18.903281 ms_np=3.710000
BARE file=皖ATN006.jpg gt=皖ATN006 code_cpu=皖ATN006 code_np=皖ATN006 agree=1 ok_cpu=1 ok_np=1 ms_cpu=15.614687 ms_np=3.227031
BARE file=皖ATP208.jpg gt=皖ATP208 code_cpu=皖ATP208 code_np=皖ATP208 agree=1 ok_cpu=1 ok_np=1 ms_cpu=14.960469 ms_np=3.311250
BARE file=皖ATQ828.jpg gt=皖ATQ828 code_cpu=皖ATQ828 code_np=皖ATQ828 agree=1 ok_cpu=1 ok_np=1 ms_cpu=14.964688 ms_np=3.296094
BARE file=皖ATT493.jpg gt=皖ATT493 code_cpu=皖ATT493 code_np=皖ATT493 agree=1 ok_cpu=1 ok_np=1 ms_cpu=15.302969 ms_np=3.271718
BARE file=皖ATU196.jpg gt=皖ATU196 code_cpu=皖ATU196 code_np=皖ATU196 agree=1 ok_cpu=1 ok_np=1 ms_cpu=14.728906 ms_np=3.249375
BARE file=皖ATW219.jpg gt=皖ATW219 code_cpu=皖ATW219 code_np=皖ATW219 agree=1 ok_cpu=1 ok_np=1 ms_cpu=21.655156 ms_np=3.576250
BARE file=皖AU369X.jpg gt=皖AU369X code_cpu=皖AU369X code_np=皖AU369X agree=1 ok_cpu=1 ok_np=1 ms_cpu=14.921093 ms_np=3.276875
BARE file=皖AU3942.jpg gt=皖AU3942 code_cpu=皖AU3942 code_np=皖AU3942 agree=1 ok_cpu=1 ok_np=1 ms_cpu=14.622812 ms_np=3.250938
BARE file=皖AU509X.jpg gt=皖AU509X code_cpu=皖AU509X code_np=皖AU509X agree=1 ok_cpu=1 ok_np=1 ms_cpu=14.704063 ms_np=3.217813
BARE file=皖AU833R.jpg gt=皖AU833R code_cpu=京AU833R code_np=京AU833R agree=1 ok_cpu=0 ok_np=0 ms_cpu=14.511093 ms_np=3.326094
BARE file=皖AU860J.jpg gt=皖AU860J code_cpu=皖AU860J code_np=皖AU860J agree=1 ok_cpu=1 ok_np=1 ms_cpu=24.034844 ms_np=4.278125
BARE file=皖AU869H.jpg gt=皖AU869H code_cpu=皖AU869H code_np=皖AU869H agree=1 ok_cpu=1 ok_np=1 ms_cpu=13.407187 ms_np=3.369844
BARE file=皖AU915H.jpg gt=皖AU915H code_cpu=皖AU915H code_np=皖AU915H agree=1 ok_cpu=1 ok_np=1 ms_cpu=16.098437 ms_np=3.238125
BARE file=皖AU993G.jpg gt=皖AU993G code_cpu=皖AU993G code_np=皖AU993G agree=1 ok_cpu=1 ok_np=1 ms_cpu=16.033750 ms_np=3.321094
BARE file=皖AUJ299.jpg gt=皖AUJ299 code_cpu=皖AUJ299 code_np=皖AUJ299 agree=1 ok_cpu=1 ok_np=1 ms_cpu=14.892812 ms_np=3.335937
BARE file=皖AUM581.jpg gt=皖AUM581 code_cpu=皖AUM581 code_np=皖AUM581 agree=1 ok_cpu=1 ok_np=1 ms_cpu=15.878281 ms_np=3.304688
BARE file=皖AUS029.jpg gt=皖AUS029 code_cpu=皖AUS029 code_np=皖AUS029 agree=1 ok_cpu=1 ok_np=1 ms_cpu=15.350938 ms_np=3.307500
BARE file=皖AUS087.jpg gt=皖AUS087 code_cpu=皖AUS087 code_np=皖AUS087 agree=1 ok_cpu=1 ok_np=1 ms_cpu=9.867344 ms_np=3.248282
BARE file=皖AUS393.jpg gt=皖AUS393 code_cpu=皖AUS393 code_np=皖AUS393 agree=1 ok_cpu=1 ok_np=1 ms_cpu=16.994687 ms_np=3.241250
BARE file=皖AUS995.jpg gt=皖AUS995 code_cpu=皖AUS995 code_np=皖AUS995 agree=1 ok_cpu=1 ok_np=1 ms_cpu=14.657031 ms_np=3.309688
BARE file=皖AUU185.jpg gt=皖AUU185 code_cpu=粤AUU185 code_np=粤AUU185 agree=1 ok_cpu=0 ok_np=0 ms_cpu=16.513750 ms_np=3.412031
BARE file=皖AUW302.jpg gt=皖AUW302 code_cpu=皖AUW302 code_np=皖AUW302 agree=1 ok_cpu=1 ok_np=1 ms_cpu=14.860781 ms_np=3.332656
BARE file=皖AV0213.jpg gt=皖AV0213 code_cpu=皖AV0213 code_np=皖AV0213 agree=1 ok_cpu=1 ok_np=1 ms_cpu=10.488594 ms_np=3.602032
BARE file=皖AV2Z86.jpg gt=皖AV2Z86 code_cpu=皖AV2Z86 code_np=皖AV2Z86 agree=1 ok_cpu=1 ok_np=1 ms_cpu=15.244687 ms_np=3.251875
BARE file=皖AV321W.jpg gt=皖AV321W code_cpu=皖AV321W code_np=皖AV321W agree=1 ok_cpu=1 ok_np=1 ms_cpu=14.732500 ms_np=3.474844
BARE file=皖AV3M16.jpg gt=皖AV3M16 code_cpu=皖AV3M16 code_np=皖AV3M16 agree=1 ok_cpu=1 ok_np=1 ms_cpu=12.696250 ms_np=3.286407
BARE file=皖AV6323.jpg gt=皖AV6323 code_cpu=皖AV6323 code_np=皖AV6323 agree=1 ok_cpu=1 ok_np=1 ms_cpu=15.151875 ms_np=3.240625
BARE file=皖AV683V.jpg gt=皖AV683V code_cpu=皖AV683V code_np=皖AV683V agree=1 ok_cpu=1 ok_np=1 ms_cpu=17.782500 ms_np=3.438281
BARE file=皖AV6T88.jpg gt=皖AV6T88 code_cpu=皖AV6T88 code_np=皖AV6T88 agree=1 ok_cpu=1 ok_np=1 ms_cpu=15.386718 ms_np=3.327969
BARE file=皖AV720Z.jpg gt=皖AV720Z code_cpu=皖AV720Z code_np=皖AV720Z agree=1 ok_cpu=1 ok_np=1 ms_cpu=15.603438 ms_np=3.306875
BARE file=皖AV7840.jpg gt=皖AV7840 code_cpu=皖AV7840 code_np=皖AV7840 agree=1 ok_cpu=1 ok_np=1 ms_cpu=16.680469 ms_np=3.643437
BARE file=皖AV8G96.jpg gt=皖AV8G96 code_cpu=皖AV8G96 code_np=皖AV8G96 agree=1 ok_cpu=1 ok_np=1 ms_cpu=15.927813 ms_np=3.353594
BARE file=皖AV9A26.jpg gt=皖AV9A26 code_cpu=皖AV9A26 code_np=皖AV9A26 agree=1 ok_cpu=1 ok_np=1 ms_cpu=15.106719 ms_np=3.350469
BARE file=皖AV9G58.jpg gt=皖AV9G58 code_cpu=皖AV9G58 code_np=皖AV9G58 agree=1 ok_cpu=1 ok_np=1 ms_cpu=15.218438 ms_np=3.487656
BARE file=皖AVC195.jpg gt=皖AVC195 code_cpu=皖AVC195 code_np=皖AVC195 agree=1 ok_cpu=1 ok_np=1 ms_cpu=18.771563 ms_np=3.392657
BARE file=皖AVF029.jpg gt=皖AVF029 code_cpu=皖AVF029 code_np=皖AVF029 agree=1 ok_cpu=1 ok_np=1 ms_cpu=19.450625 ms_np=3.502656
BARE file=皖AVH276.jpg gt=皖AVH276 code_cpu=皖AVH276 code_np=皖AVH276 agree=1 ok_cpu=1 ok_np=1 ms_cpu=14.455312 ms_np=4.255313
BARE file=皖AVH519.jpg gt=皖AVH519 code_cpu=皖AVH519 code_np=皖AVH519 agree=1 ok_cpu=1 ok_np=1 ms_cpu=25.227344 ms_np=4.185625
BARE file=皖AVN316.jpg gt=皖AVN316 code_cpu=皖AVN316 code_np=皖AVN316 agree=1 ok_cpu=1 ok_np=1 ms_cpu=14.599219 ms_np=3.428125
BARE file=皖AVQ091.jpg gt=皖AVQ091 code_cpu=皖AVQ091 code_np=皖AVQ091 agree=1 ok_cpu=1 ok_np=1 ms_cpu=16.599375 ms_np=3.420469
BARE file=皖AVQ225.jpg gt=皖AVQ225 code_cpu=湘ANQ225 code_np=湘ANQ225 agree=1 ok_cpu=0 ok_np=0 ms_cpu=16.942188 ms_np=3.749687
BARE file=皖AVU208.jpg gt=皖AVU208 code_cpu=皖AVU208 code_np=皖AVU208 agree=1 ok_cpu=1 ok_np=1 ms_cpu=15.981719 ms_np=4.511719
BARE file=皖AVX566.jpg gt=皖AVX566 code_cpu=皖AVX566 code_np=皖AVX566 agree=1 ok_cpu=1 ok_np=1 ms_cpu=15.616875 ms_np=3.997969
BARE file=皖AVY501.jpg gt=皖AVY501 code_cpu=皖AVY501 code_np=皖AVY501 agree=1 ok_cpu=1 ok_np=1 ms_cpu=18.602968 ms_np=3.611719
BARE file=皖AW088A.jpg gt=皖AW088A code_cpu=皖AW088A code_np=皖AW088A agree=1 ok_cpu=1 ok_np=1 ms_cpu=15.261406 ms_np=4.136563
BARE file=皖AW0N92.jpg gt=皖AW0N92 code_cpu=皖AW0N92 code_np=皖AW0N92 agree=1 ok_cpu=1 ok_np=1 ms_cpu=15.923750 ms_np=4.276875
BARE file=皖AW112U.jpg gt=皖AW112U code_cpu=皖AW112U code_np=皖AW112U agree=1 ok_cpu=1 ok_np=1 ms_cpu=24.768907 ms_np=4.384843
BARE file=皖AW1A28.jpg gt=皖AW1A28 code_cpu=皖AW1A28 code_np=皖AW1A28 agree=1 ok_cpu=1 ok_np=1 ms_cpu=14.969844 ms_np=3.361562
BARE file=皖AW1M21.jpg gt=皖AW1M21 code_cpu=皖AW1M21 code_np=皖AW1M21 agree=1 ok_cpu=1 ok_np=1 ms_cpu=16.632344 ms_np=3.242656
BARE file=皖AW1P96.jpg gt=皖AW1P96 code_cpu=皖AW1P96 code_np=皖AW1P96 agree=1 ok_cpu=1 ok_np=1 ms_cpu=26.960156 ms_np=4.443437
BARE file=皖AW1Z95.jpg gt=皖AW1Z95 code_cpu=皖AW1Z95 code_np=皖AW1Z95 agree=1 ok_cpu=1 ok_np=1 ms_cpu=16.169687 ms_np=4.025468
BARE file=皖AW283F.jpg gt=皖AW283F code_cpu=皖AW283F code_np=皖AW283F agree=1 ok_cpu=1 ok_np=1 ms_cpu=10.134375 ms_np=3.346407
BARE file=皖AW2J96.jpg gt=皖AW2J96 code_cpu=皖AW2J96 code_np=皖AW2J96 agree=1 ok_cpu=1 ok_np=1 ms_cpu=15.567812 ms_np=4.112344
BARE file=皖AW400S.jpg gt=皖AW400S code_cpu=皖AW400S code_np=皖AW400S agree=1 ok_cpu=1 ok_np=1 ms_cpu=15.359844 ms_np=4.470625
BARE file=皖AW570Y.jpg gt=皖AW570Y code_cpu=皖AW570Y code_np=皖AW570Y agree=1 ok_cpu=1 ok_np=1 ms_cpu=15.083125 ms_np=3.458593
BARE file=皖AW5F38.jpg gt=皖AW5F38 code_cpu=皖AW5F38 code_np=皖AW5F38 agree=1 ok_cpu=1 ok_np=1 ms_cpu=15.423750 ms_np=4.737812
BARE file=皖AW5V00.jpg gt=皖AW5V00 code_cpu=陕AW5V00 code_np=陕AW5V00 agree=1 ok_cpu=0 ok_np=0 ms_cpu=14.871875 ms_np=3.306719
BARE file=皖AW5Y86.jpg gt=皖AW5Y86 code_cpu=皖AW5Y86 code_np=皖AW5Y86 agree=1 ok_cpu=1 ok_np=1 ms_cpu=14.930469 ms_np=4.145000
BARE file=皖AW657T.jpg gt=皖AW657T code_cpu=皖AW657T code_np=皖AW657T agree=1 ok_cpu=1 ok_np=1 ms_cpu=15.494063 ms_np=4.383281
BARE file=皖AW710M.jpg gt=皖AW710M code_cpu=皖AW710M code_np=皖AW710M agree=1 ok_cpu=1 ok_np=1 ms_cpu=14.533438 ms_np=3.286719
BARE file=皖AW798E.jpg gt=皖AW798E code_cpu=皖AW798E code_np=皖AW798E agree=1 ok_cpu=1 ok_np=1 ms_cpu=15.665625 ms_np=4.383281
BARE file=皖AW8A08.jpg gt=皖AW8A08 code_cpu=皖AW8A08 code_np=皖AW8A08 agree=1 ok_cpu=1 ok_np=1 ms_cpu=14.690782 ms_np=3.284219
BARE file=皖AW8W35.jpg gt=皖AW8W35 code_cpu=皖AW8W35 code_np=皖AW8W35 agree=1 ok_cpu=1 ok_np=1 ms_cpu=14.869844 ms_np=3.812500
BARE file=皖AWE516.jpg gt=皖AWE516 code_cpu=皖AWE516 code_np=皖AWE516 agree=1 ok_cpu=1 ok_np=1 ms_cpu=11.489062 ms_np=3.619063
BARE file=皖AWF028.jpg gt=皖AWF028 code_cpu=皖AWF028 code_np=皖AWF028 agree=1 ok_cpu=1 ok_np=1 ms_cpu=14.879688 ms_np=3.348906
BARE file=皖AWF684.jpg gt=皖AWF684 code_cpu=皖AWF684 code_np=皖AWF684 agree=1 ok_cpu=1 ok_np=1 ms_cpu=15.524531 ms_np=4.283593
BARE file=皖AWG139.jpg gt=皖AWG139 code_cpu=皖AWG139 code_np=皖AWG139 agree=1 ok_cpu=1 ok_np=1 ms_cpu=15.272813 ms_np=3.471406
BARE file=皖AWK423.jpg gt=皖AWK423 code_cpu=皖AWK423 code_np=皖AWK423 agree=1 ok_cpu=1 ok_np=1 ms_cpu=15.997188 ms_np=4.360156
BARE file=皖AWS299.jpg gt=皖AWS299 code_cpu=皖AWS299 code_np=皖AWS299 agree=1 ok_cpu=1 ok_np=1 ms_cpu=14.866875 ms_np=3.517031
BARE file=皖AWT410.jpg gt=皖AWT410 code_cpu=皖AWT410 code_np=皖AWT410 agree=1 ok_cpu=1 ok_np=1 ms_cpu=15.740625 ms_np=4.386094
BARE file=皖AWU124.jpg gt=皖AWU124 code_cpu=苏AWJ124 code_np=苏AWJ124 agree=1 ok_cpu=0 ok_np=0 ms_cpu=10.441406 ms_np=3.280937
BARE file=皖AWU931.jpg gt=皖AWU931 code_cpu=皖AWU931 code_np=皖AWU931 agree=1 ok_cpu=1 ok_np=1 ms_cpu=15.244687 ms_np=3.822500
BARE file=皖AWW211.jpg gt=皖AWW211 code_cpu=皖AWW211 code_np=皖AWW211 agree=1 ok_cpu=1 ok_np=1 ms_cpu=10.700156 ms_np=4.132969
BARE file=皖AX017L.jpg gt=皖AX017L code_cpu=皖AX017L code_np=皖AX017L agree=1 ok_cpu=1 ok_np=1 ms_cpu=15.998438 ms_np=3.460313
BARE file=皖AX235L.jpg gt=皖AX235L code_cpu=皖AX235L code_np=皖AX235L agree=1 ok_cpu=1 ok_np=1 ms_cpu=16.481562 ms_np=4.354688
BARE file=皖AX289K.jpg gt=皖AX289K code_cpu=皖AX289K code_np=皖AX289K agree=1 ok_cpu=1 ok_np=1 ms_cpu=16.498906 ms_np=4.183125
BARE file=皖AX3355.jpg gt=皖AX3355 code_cpu=皖AX3355 code_np=皖AX3355 agree=1 ok_cpu=1 ok_np=1 ms_cpu=16.878906 ms_np=4.160156
BARE file=皖AX3Z77.jpg gt=皖AX3Z77 code_cpu=皖AX3Z77 code_np=皖AX3Z77 agree=1 ok_cpu=1 ok_np=1 ms_cpu=13.687656 ms_np=3.378750
BARE file=皖AX528M.jpg gt=皖AX528M code_cpu=皖AX528M code_np=皖AX528M agree=1 ok_cpu=1 ok_np=1 ms_cpu=16.181250 ms_np=3.326562
BARE file=皖AX5716.jpg gt=皖AX5716 code_cpu=皖AX5716 code_np=皖AX5716 agree=1 ok_cpu=1 ok_np=1 ms_cpu=16.069844 ms_np=4.411250
BARE file=皖AX5A50.jpg gt=皖AX5A50 code_cpu=皖AX5A50 code_np=皖AX5A50 agree=1 ok_cpu=1 ok_np=1 ms_cpu=14.720313 ms_np=3.260469
BARE file=皖AX600H.jpg gt=皖AX600H code_cpu=皖AX600H code_np=皖AX600H agree=1 ok_cpu=1 ok_np=1 ms_cpu=15.073906 ms_np=3.272500
BARE file=皖AX636G.jpg gt=皖AX636G code_cpu=皖AX636G code_np=皖AX636G agree=1 ok_cpu=1 ok_np=1 ms_cpu=14.799219 ms_np=3.272344
BARE file=皖AX6996.jpg gt=皖AX6996 code_cpu=皖AX6996 code_np=皖AX6996 agree=1 ok_cpu=1 ok_np=1 ms_cpu=9.828125 ms_np=3.382812
BARE file=皖AX6R95.jpg gt=皖AX6R95 code_cpu=皖AX6R95 code_np=皖AX6R95 agree=1 ok_cpu=1 ok_np=1 ms_cpu=15.600625 ms_np=3.264531
BARE file=皖AX702L.jpg gt=皖AX702L code_cpu=皖AX702L code_np=皖AX702L agree=1 ok_cpu=1 ok_np=1 ms_cpu=17.579375 ms_np=3.425312
BARE file=皖AX726L.jpg gt=皖AX726L code_cpu=皖AX726L code_np=皖AX726L agree=1 ok_cpu=1 ok_np=1 ms_cpu=13.911407 ms_np=4.134531
BARE file=皖AX775X.jpg gt=皖AX775X code_cpu=皖AX775X code_np=皖AX775X agree=1 ok_cpu=1 ok_np=1 ms_cpu=22.505000 ms_np=3.362188
BARE file=皖AX788P.jpg gt=皖AX788P code_cpu=皖AX788P code_np=皖AX788P agree=1 ok_cpu=1 ok_np=1 ms_cpu=20.321094 ms_np=3.486562
BARE file=皖AX799L.jpg gt=皖AX799L code_cpu=皖AX7991 code_np=皖AX7991 agree=1 ok_cpu=0 ok_np=0 ms_cpu=14.702968 ms_np=3.165156
BARE file=皖AX7L17.jpg gt=皖AX7L17 code_cpu=皖AX7L17 code_np=皖AX7L17 agree=1 ok_cpu=1 ok_np=1 ms_cpu=15.928282 ms_np=3.325000
BARE file=皖AX8007.jpg gt=皖AX8007 code_cpu=皖AX8007 code_np=皖AX8007 agree=1 ok_cpu=1 ok_np=1 ms_cpu=16.920156 ms_np=4.182969
BARE file=皖AX823M.jpg gt=皖AX823M code_cpu=皖AX823M code_np=皖AX823M agree=1 ok_cpu=1 ok_np=1 ms_cpu=25.517032 ms_np=3.893125
BARE file=皖AX875N.jpg gt=皖AX875N code_cpu=皖AX875N code_np=皖AX875N agree=1 ok_cpu=1 ok_np=1 ms_cpu=15.577657 ms_np=3.348906
BARE file=皖AX908A.jpg gt=皖AX908A code_cpu=皖AX908A code_np=皖AX908A agree=1 ok_cpu=1 ok_np=1 ms_cpu=14.239844 ms_np=3.374532
BARE file=皖AXB933.jpg gt=皖AXB933 code_cpu=皖AXB933 code_np=皖AXB933 agree=1 ok_cpu=1 ok_np=1 ms_cpu=14.783594 ms_np=3.223125
BARE file=皖AXC061.jpg gt=皖AXC061 code_cpu=皖AXC061 code_np=皖AXC061 agree=1 ok_cpu=1 ok_np=1 ms_cpu=11.062812 ms_np=3.197344
BARE file=皖AXC602.jpg gt=皖AXC602 code_cpu=京AXC602 code_np=京AXC602 agree=1 ok_cpu=0 ok_np=0 ms_cpu=14.716250 ms_np=3.251093
BARE file=皖AXJ221.jpg gt=皖AXJ221 code_cpu=皖AXJ221 code_np=皖AXJ221 agree=1 ok_cpu=1 ok_np=1 ms_cpu=13.706406 ms_np=3.301407
BARE file=皖AXK190.jpg gt=皖AXK190 code_cpu=皖AXK190 code_np=皖AXK190 agree=1 ok_cpu=1 ok_np=1 ms_cpu=14.707969 ms_np=3.288906
BARE file=皖AXL725.jpg gt=皖AXL725 code_cpu=皖AXL725 code_np=皖AXL725 agree=1 ok_cpu=1 ok_np=1 ms_cpu=11.639063 ms_np=3.456407
BARE file=皖AXL746.jpg gt=皖AXL746 code_cpu=皖AXL746 code_np=皖AXL746 agree=1 ok_cpu=1 ok_np=1 ms_cpu=15.407812 ms_np=3.202969
BARE file=皖AXQ311.jpg gt=皖AXQ311 code_cpu=皖AXQ311 code_np=皖AXQ311 agree=1 ok_cpu=1 ok_np=1 ms_cpu=16.037031 ms_np=3.544687
BARE file=皖AXQ959.jpg gt=皖AXQ959 code_cpu=皖AXQ959 code_np=皖AXQ959 agree=1 ok_cpu=1 ok_np=1 ms_cpu=18.286093 ms_np=3.374219
BARE file=皖AXR226.jpg gt=皖AXR226 code_cpu=皖AXR226 code_np=皖AXR226 agree=1 ok_cpu=1 ok_np=1 ms_cpu=14.501875 ms_np=3.677187
BARE file=皖AXZ961.jpg gt=皖AXZ961 code_cpu=皖AXZ961 code_np=皖AXZ961 agree=1 ok_cpu=1 ok_np=1 ms_cpu=15.338750 ms_np=3.197812
BARE file=皖AY008J.jpg gt=皖AY008J code_cpu=皖AY008J code_np=皖AY008J agree=1 ok_cpu=1 ok_np=1 ms_cpu=14.619531 ms_np=3.404688
BARE file=皖AY021B.jpg gt=皖AY021B code_cpu=皖AY021B code_np=皖AY021B agree=1 ok_cpu=1 ok_np=1 ms_cpu=18.817344 ms_np=3.360782
BARE file=皖AY023H.jpg gt=皖AY023H code_cpu=皖AY023H code_np=皖AY023H agree=1 ok_cpu=1 ok_np=1 ms_cpu=26.149531 ms_np=3.460937
BARE file=皖AY066J.jpg gt=皖AY066J code_cpu=皖AY066J code_np=皖AY066J agree=1 ok_cpu=1 ok_np=1 ms_cpu=23.020938 ms_np=3.299688
BARE file=皖AY0691.jpg gt=皖AY0691 code_cpu=皖AY0691 code_np=皖AY0691 agree=1 ok_cpu=1 ok_np=1 ms_cpu=29.719062 ms_np=3.377812
BARE file=皖AY0D83.jpg gt=皖AY0D83 code_cpu=皖AY0D83 code_np=皖AY0D83 agree=1 ok_cpu=1 ok_np=1 ms_cpu=23.325156 ms_np=3.368906
BARE file=皖AY1122.jpg gt=皖AY1122 code_cpu=皖AY1122 code_np=皖AY1122 agree=1 ok_cpu=1 ok_np=1 ms_cpu=14.570625 ms_np=3.479688
BARE file=皖AY1V22.jpg gt=皖AY1V22 code_cpu=皖AY1V22 code_np=皖AY1V22 agree=1 ok_cpu=1 ok_np=1 ms_cpu=14.539062 ms_np=3.341562
BARE file=皖AY208Y.jpg gt=皖AY208Y code_cpu=皖AY208Y code_np=皖AY208Y agree=1 ok_cpu=1 ok_np=1 ms_cpu=14.387812 ms_np=3.259688
BARE file=皖AY3633.jpg gt=皖AY3633 code_cpu=琼AY3633 code_np=琼AY3633 agree=1 ok_cpu=0 ok_np=0 ms_cpu=15.554688 ms_np=3.224532
BARE file=皖AY3R00.jpg gt=皖AY3R00 code_cpu=皖AY3R00 code_np=皖AY3R00 agree=1 ok_cpu=1 ok_np=1 ms_cpu=10.082188 ms_np=3.393906
BARE file=皖AY4K56.jpg gt=皖AY4K56 code_cpu=陕AY4K56 code_np=陕AY4K56 agree=1 ok_cpu=0 ok_np=0 ms_cpu=16.485937 ms_np=3.490625
BARE file=皖AY532X.jpg gt=皖AY532X code_cpu=皖AY532X code_np=皖AY532X agree=1 ok_cpu=1 ok_np=1 ms_cpu=23.365000 ms_np=4.698594
BARE file=皖AY551G.jpg gt=皖AY551G code_cpu=皖AY551G code_np=皖AY551G agree=1 ok_cpu=1 ok_np=1 ms_cpu=14.769375 ms_np=3.419219
BARE file=皖AY5L09.jpg gt=皖AY5L09 code_cpu=皖AY5L09 code_np=皖AY5L09 agree=1 ok_cpu=1 ok_np=1 ms_cpu=14.808438 ms_np=3.441094
BARE file=皖AY605B.jpg gt=皖AY605B code_cpu=皖A605B code_np=皖A605B agree=1 ok_cpu=0 ok_np=0 ms_cpu=14.975938 ms_np=3.320000
BARE file=皖AY628X.jpg gt=皖AY628X code_cpu=鄂AX628X code_np=鄂AX628X agree=1 ok_cpu=0 ok_np=0 ms_cpu=11.954375 ms_np=4.050156
BARE file=皖AY631Y.jpg gt=皖AY631Y code_cpu=皖AY631Y code_np=皖AY631Y agree=1 ok_cpu=1 ok_np=1 ms_cpu=14.805000 ms_np=3.295469
BARE file=皖AY6P56.jpg gt=皖AY6P56 code_cpu=皖AY6P56 code_np=皖AY6P56 agree=1 ok_cpu=1 ok_np=1 ms_cpu=14.757188 ms_np=3.264531
BARE file=皖AY710V.jpg gt=皖AY710V code_cpu=皖AY710V code_np=皖AY710V agree=1 ok_cpu=1 ok_np=1 ms_cpu=23.955781 ms_np=3.713438
BARE file=皖AY800C.jpg gt=皖AY800C code_cpu=粤AX800C code_np=粤AX800C agree=1 ok_cpu=0 ok_np=0 ms_cpu=15.203750 ms_np=4.329844
BARE file=皖AY898U.jpg gt=皖AY898U code_cpu=皖AY898U code_np=皖AY898U agree=1 ok_cpu=1 ok_np=1 ms_cpu=16.207344 ms_np=3.942500
BARE file=皖AY959T.jpg gt=皖AY959T code_cpu=皖AY959T code_np=皖AY959T agree=1 ok_cpu=1 ok_np=1 ms_cpu=18.375469 ms_np=3.248125
BARE file=皖AY9K21.jpg gt=皖AY9K21 code_cpu=皖AY9K21 code_np=皖AY9K21 agree=1 ok_cpu=1 ok_np=1 ms_cpu=15.630938 ms_np=3.267031
BARE file=皖AY9N79.jpg gt=皖AY9N79 code_cpu=皖AY9N79 code_np=皖AY9N79 agree=1 ok_cpu=1 ok_np=1 ms_cpu=15.037344 ms_np=3.270782
BARE file=皖AYA716.jpg gt=皖AYA716 code_cpu=皖AYA716 code_np=皖AYA716 agree=1 ok_cpu=1 ok_np=1 ms_cpu=14.512657 ms_np=3.236250
BARE file=皖AYA753.jpg gt=皖AYA753 code_cpu=皖AYA753 code_np=皖AYA753 agree=1 ok_cpu=1 ok_np=1 ms_cpu=15.202656 ms_np=3.229531
BARE file=皖AYG248.jpg gt=皖AYG248 code_cpu=皖AYG248 code_np=皖AYG248 agree=1 ok_cpu=1 ok_np=1 ms_cpu=15.719375 ms_np=3.935625
BARE file=皖AYL000.jpg gt=皖AYL000 code_cpu=皖AYL000 code_np=皖AYL000 agree=1 ok_cpu=1 ok_np=1 ms_cpu=27.623750 ms_np=3.620469
BARE file=皖AYN166.jpg gt=皖AYN166 code_cpu=皖AYN166 code_np=皖AYN166 agree=1 ok_cpu=1 ok_np=1 ms_cpu=24.528125 ms_np=3.602969
BARE file=皖AYR633.jpg gt=皖AYR633 code_cpu=皖AYR633 code_np=皖AYR633 agree=1 ok_cpu=1 ok_np=1 ms_cpu=18.428907 ms_np=3.751093
BARE file=皖AYV170.jpg gt=皖AYV170 code_cpu=皖AYV170 code_np=皖AYV170 agree=1 ok_cpu=1 ok_np=1 ms_cpu=15.473125 ms_np=3.454063
BARE file=皖AYY728.jpg gt=皖AYY728 code_cpu=皖AYY728 code_np=皖AYY728 agree=1 ok_cpu=1 ok_np=1 ms_cpu=15.336406 ms_np=3.402500
BARE file=皖AYZ120.jpg gt=皖AYZ120 code_cpu=皖AYZ120 code_np=皖AYZ120 agree=1 ok_cpu=1 ok_np=1 ms_cpu=13.354844 ms_np=3.260625
BARE file=皖AZ009U.jpg gt=皖AZ009U code_cpu=皖AZ009U code_np=皖AZ009U agree=1 ok_cpu=1 ok_np=1 ms_cpu=24.865469 ms_np=3.351562
BARE file=皖AZ1X26.jpg gt=皖AZ1X26 code_cpu=皖AZ1X26 code_np=皖AZ1X26 agree=1 ok_cpu=1 ok_np=1 ms_cpu=22.215312 ms_np=3.518438
BARE file=皖AZ5911.jpg gt=皖AZ5911 code_cpu=皖AZ5911 code_np=皖AZ5911 agree=1 ok_cpu=1 ok_np=1 ms_cpu=15.950625 ms_np=4.358281
BARE file=皖AZ5Y68.jpg gt=皖AZ5Y68 code_cpu=皖AZ5Y68 code_np=皖AZ5Y68 agree=1 ok_cpu=1 ok_np=1 ms_cpu=16.208750 ms_np=4.061718
BARE file=皖AZ650K.jpg gt=皖AZ650K code_cpu=皖AZ650K code_np=皖AZ650K agree=1 ok_cpu=1 ok_np=1 ms_cpu=20.425938 ms_np=4.221094
BARE file=皖AZ688D.jpg gt=皖AZ688D code_cpu=皖AZ688D code_np=皖AZ688D agree=1 ok_cpu=1 ok_np=1 ms_cpu=14.841719 ms_np=3.215157
BARE file=皖AZ787K.jpg gt=皖AZ787K code_cpu=皖AZ787K code_np=皖AZ787K agree=1 ok_cpu=1 ok_np=1 ms_cpu=14.702188 ms_np=3.342656
BARE file=皖AZ7M97.jpg gt=皖AZ7M97 code_cpu=皖AZ7M97 code_np=皖AZ7M97 agree=1 ok_cpu=1 ok_np=1 ms_cpu=25.505156 ms_np=4.239532
BARE file=皖AZ835P.jpg gt=皖AZ835P code_cpu=皖AZ835P code_np=皖AZ835P agree=1 ok_cpu=1 ok_np=1 ms_cpu=15.009531 ms_np=3.276875
BARE file=皖AZ8G70.jpg gt=皖AZ8G70 code_cpu=皖AZ8G70 code_np=皖AZ8G70 agree=1 ok_cpu=1 ok_np=1 ms_cpu=20.554531 ms_np=3.629219
BARE file=皖AZ8L32.jpg gt=皖AZ8L32 code_cpu=皖AZ8L32 code_np=皖AZ8L32 agree=1 ok_cpu=1 ok_np=1 ms_cpu=23.249219 ms_np=4.654062
BARE file=皖AZ8W20.jpg gt=皖AZ8W20 code_cpu=皖AZ8W20 code_np=皖AZ8W20 agree=1 ok_cpu=1 ok_np=1 ms_cpu=14.566250 ms_np=3.282813
BARE file=皖AZ948W.jpg gt=皖AZ948W code_cpu=皖AZ948W code_np=皖AZ948W agree=1 ok_cpu=1 ok_np=1 ms_cpu=13.911093 ms_np=3.344063
BARE file=皖AZ9D80.jpg gt=皖AZ9D80 code_cpu=皖AZ9D80 code_np=皖AZ9D80 agree=1 ok_cpu=1 ok_np=1 ms_cpu=14.926094 ms_np=3.278593
BARE file=皖AZB220.jpg gt=皖AZB220 code_cpu=皖AZB220 code_np=皖AZB220 agree=1 ok_cpu=1 ok_np=1 ms_cpu=10.817500 ms_np=3.328750
BARE file=皖AZC893.jpg gt=皖AZC893 code_cpu=皖AZC893 code_np=皖AZC893 agree=1 ok_cpu=1 ok_np=1 ms_cpu=26.518125 ms_np=3.420313
BARE file=皖AZJ692.jpg gt=皖AZJ692 code_cpu=皖AZJ692 code_np=皖AZJ692 agree=1 ok_cpu=1 ok_np=1 ms_cpu=15.526719 ms_np=3.307031
BARE file=皖AZN553.jpg gt=皖AZN553 code_cpu=皖AZN553 code_np=皖AZN553 agree=1 ok_cpu=1 ok_np=1 ms_cpu=10.154688 ms_np=3.262500
BARE file=皖AZN833.jpg gt=皖AZN833 code_cpu=皖AZN833 code_np=皖AZN833 agree=1 ok_cpu=1 ok_np=1 ms_cpu=15.596406 ms_np=3.320781
BARE file=皖AZP403.jpg gt=皖AZP403 code_cpu=皖AZP403 code_np=皖AZP403 agree=1 ok_cpu=1 ok_np=1 ms_cpu=23.697343 ms_np=3.473750
BARE file=皖AZS066.jpg gt=皖AZS066 code_cpu=皖AZS066 code_np=皖AZS066 agree=1 ok_cpu=1 ok_np=1 ms_cpu=14.930938 ms_np=3.249063
BARE file=皖AZX040.jpg gt=皖AZX040 code_cpu=粤A7X040 code_np=粤A7X040 agree=1 ok_cpu=0 ok_np=0 ms_cpu=19.855313 ms_np=3.364688
BARE file=皖BL399L.jpg gt=皖BL399L code_cpu=皖BL399L code_np=皖BL399L agree=1 ok_cpu=1 ok_np=1 ms_cpu=21.747032 ms_np=3.557188
BARE file=皖BU5521.jpg gt=皖BU5521 code_cpu=皖BU5521 code_np=皖BU5521 agree=1 ok_cpu=1 ok_np=1 ms_cpu=14.359532 ms_np=3.230781
BARE file=皖BV5266.jpg gt=皖BV5266 code_cpu=皖BV5266 code_np=皖BV5266 agree=1 ok_cpu=1 ok_np=1 ms_cpu=15.443593 ms_np=3.499687
BARE file=皖BV668X.jpg gt=皖BV668X code_cpu=皖BV668X code_np=皖BV668X agree=1 ok_cpu=1 ok_np=1 ms_cpu=17.027812 ms_np=3.275469
BARE file=皖CDJ611.jpg gt=皖CDJ611 code_cpu=皖CDJ611 code_np=皖CDJ611 agree=1 ok_cpu=1 ok_np=1 ms_cpu=27.374843 ms_np=3.979218
BARE file=皖CKP578.jpg gt=皖CKP578 code_cpu=皖CKP578 code_np=皖CKP578 agree=1 ok_cpu=1 ok_np=1 ms_cpu=24.695782 ms_np=4.446875
BARE file=皖CQ8788.jpg gt=皖CQ8788 code_cpu=皖CQ8788 code_np=皖CQ8788 agree=1 ok_cpu=1 ok_np=1 ms_cpu=14.679219 ms_np=3.317500
BARE file=皖D93138.jpg gt=皖D93138 code_cpu=皖D93138 code_np=皖D93138 agree=1 ok_cpu=1 ok_np=1 ms_cpu=14.695156 ms_np=3.384062
BARE file=皖DFX886.jpg gt=皖DFX886 code_cpu=皖DFX886 code_np=皖DFX886 agree=1 ok_cpu=1 ok_np=1 ms_cpu=28.849531 ms_np=3.472344
BARE file=皖DG8266.jpg gt=皖DG8266 code_cpu=皖DG8266 code_np=皖DG8266 agree=1 ok_cpu=1 ok_np=1 ms_cpu=15.322344 ms_np=3.279687
BARE file=皖DH5003.jpg gt=皖DH5003 code_cpu=皖DH5003 code_np=皖DH5003 agree=1 ok_cpu=1 ok_np=1 ms_cpu=21.193750 ms_np=3.288594
BARE file=皖DJ9650.jpg gt=皖DJ9650 code_cpu=湘DJ9650 code_np=湘DJ9650 agree=1 ok_cpu=0 ok_np=0 ms_cpu=24.200625 ms_np=5.050937
BARE file=皖DXJ916.jpg gt=皖DXJ916 code_cpu=皖DXJ916 code_np=皖DXJ916 agree=1 ok_cpu=1 ok_np=1 ms_cpu=15.348125 ms_np=3.202656
BARE file=皖DZZ214.jpg gt=皖DZZ214 code_cpu=皖DZZ214 code_np=皖DZZ214 agree=1 ok_cpu=1 ok_np=1 ms_cpu=12.949219 ms_np=3.337188
BARE file=皖EDJ399.jpg gt=皖EDJ399 code_cpu=皖EDJ399 code_np=皖EDJ399 agree=1 ok_cpu=1 ok_np=1 ms_cpu=17.474688 ms_np=3.383750
BARE file=皖EF0971.jpg gt=皖EF0971 code_cpu=皖EF0971 code_np=皖EF0971 agree=1 ok_cpu=1 ok_np=1 ms_cpu=20.279218 ms_np=4.815781
BARE file=皖EJ120Z.jpg gt=皖EJ120Z code_cpu=皖EJ120Z code_np=皖EJ120Z agree=1 ok_cpu=1 ok_np=1 ms_cpu=16.881875 ms_np=3.366875
BARE file=皖EWJ922.jpg gt=皖EWJ922 code_cpu=皖EWJ922 code_np=皖EWJ922 agree=1 ok_cpu=1 ok_np=1 ms_cpu=29.330157 ms_np=4.210000
BARE file=皖FFL257.jpg gt=皖FFL257 code_cpu=皖FFL257 code_np=皖FFL257 agree=1 ok_cpu=1 ok_np=1 ms_cpu=15.467657 ms_np=3.301719
BARE file=皖GC2689.jpg gt=皖GC2689 code_cpu=皖GC2689 code_np=皖GC2689 agree=1 ok_cpu=1 ok_np=1 ms_cpu=16.841250 ms_np=3.597812
BARE file=皖H18147.jpg gt=皖H18147 code_cpu=皖HJ8147 code_np=皖HJ8147 agree=1 ok_cpu=0 ok_np=0 ms_cpu=19.094063 ms_np=3.384688
BARE file=皖HGB111.jpg gt=皖HGB111 code_cpu=皖HGB111 code_np=皖HGB111 agree=1 ok_cpu=1 ok_np=1 ms_cpu=15.280625 ms_np=3.218125
BARE file=皖HJ5C55.jpg gt=皖HJ5C55 code_cpu=皖HJ5C55 code_np=皖HJ5C55 agree=1 ok_cpu=1 ok_np=1 ms_cpu=26.626250 ms_np=3.356562
BARE file=皖HLE188.jpg gt=皖HLE188 code_cpu=皖HLE188 code_np=皖HLE188 agree=1 ok_cpu=1 ok_np=1 ms_cpu=15.518281 ms_np=3.287969
BARE file=皖HRE869.jpg gt=皖HRE869 code_cpu=皖HRE869 code_np=皖HRE869 agree=1 ok_cpu=1 ok_np=1 ms_cpu=16.150469 ms_np=3.374063
BARE file=皖HS9110.jpg gt=皖HS9110 code_cpu=皖HS9110 code_np=皖HS9110 agree=1 ok_cpu=1 ok_np=1 ms_cpu=19.537656 ms_np=4.775313
BARE file=皖HX333P.jpg gt=皖HX333P code_cpu=皖HX333P code_np=皖HX333P agree=1 ok_cpu=1 ok_np=1 ms_cpu=12.298281 ms_np=3.457657
BARE file=皖K1C868.jpg gt=皖K1C868 code_cpu=皖K1C868 code_np=皖K1C868 agree=1 ok_cpu=1 ok_np=1 ms_cpu=15.565469 ms_np=3.322656
BARE file=皖K33K92.jpg gt=皖K33K92 code_cpu=皖K33K92 code_np=皖K33K92 agree=1 ok_cpu=1 ok_np=1 ms_cpu=15.328750 ms_np=3.915781
BARE file=皖K39J62.jpg gt=皖K39J62 code_cpu=皖K39J62 code_np=皖K39J62 agree=1 ok_cpu=1 ok_np=1 ms_cpu=16.188125 ms_np=3.448125
BARE file=皖KNS886.jpg gt=皖KNS886 code_cpu=皖KNS886 code_np=皖KNS886 agree=1 ok_cpu=1 ok_np=1 ms_cpu=11.312187 ms_np=3.863593
BARE file=皖KR0356.jpg gt=皖KR0356 code_cpu=皖KR0356 code_np=皖KR0356 agree=1 ok_cpu=1 ok_np=1 ms_cpu=22.058906 ms_np=4.286562
BARE file=皖KW1P29.jpg gt=皖KW1P29 code_cpu=皖KW1P29 code_np=皖KW1P29 agree=1 ok_cpu=1 ok_np=1 ms_cpu=16.055000 ms_np=3.298594
BARE file=皖KZ2283.jpg gt=皖KZ2283 code_cpu=皖KZ2283 code_np=皖KZ2283 agree=1 ok_cpu=1 ok_np=1 ms_cpu=15.938125 ms_np=3.219531
BARE file=皖KZ9660.jpg gt=皖KZ9660 code_cpu=皖KZ9660 code_np=皖KZ9660 agree=1 ok_cpu=1 ok_np=1 ms_cpu=20.932500 ms_np=3.471094
BARE file=皖L57785.jpg gt=皖L57785 code_cpu=皖L57785 code_np=皖L57785 agree=1 ok_cpu=1 ok_np=1 ms_cpu=15.463906 ms_np=3.355781
BARE file=皖L9R839.jpg gt=皖L9R839 code_cpu=皖L9R839 code_np=皖L9R839 agree=1 ok_cpu=1 ok_np=1 ms_cpu=19.562344 ms_np=3.270000
BARE file=皖LV022V.jpg gt=皖LV022V code_cpu=皖LV022V code_np=皖LV022V agree=1 ok_cpu=1 ok_np=1 ms_cpu=27.693750 ms_np=3.621250
BARE file=皖LYS310.jpg gt=皖LYS310 code_cpu=皖LYS310 code_np=皖LYS310 agree=1 ok_cpu=1 ok_np=1 ms_cpu=33.381406 ms_np=3.918437
BARE file=皖M04698.jpg gt=皖M04698 code_cpu=皖M04698 code_np=皖M04698 agree=1 ok_cpu=1 ok_np=1 ms_cpu=24.000000 ms_np=3.451406
BARE file=皖M5G687.jpg gt=皖M5G687 code_cpu=皖M5G687 code_np=皖M5G687 agree=1 ok_cpu=1 ok_np=1 ms_cpu=14.623438 ms_np=3.347812
BARE file=皖M99060.jpg gt=皖M99060 code_cpu=皖M99060 code_np=皖M99060 agree=1 ok_cpu=1 ok_np=1 ms_cpu=21.518438 ms_np=3.531094
BARE file=皖M99CC6.jpg gt=皖M99CC6 code_cpu=皖M99CC6 code_np=皖M99CC6 agree=1 ok_cpu=1 ok_np=1 ms_cpu=26.121563 ms_np=3.399687
BARE file=皖MCN117.jpg gt=皖MCN117 code_cpu=皖MCN117 code_np=皖MCN117 agree=1 ok_cpu=1 ok_np=1 ms_cpu=33.459531 ms_np=4.041250
BARE file=皖MF821F.jpg gt=皖MF821F code_cpu=皖MF821F code_np=皖MF821F agree=1 ok_cpu=1 ok_np=1 ms_cpu=25.575937 ms_np=3.966250
BARE file=皖MNY138.jpg gt=皖MNY138 code_cpu=皖MNY138 code_np=皖MNY138 agree=1 ok_cpu=1 ok_np=1 ms_cpu=21.395157 ms_np=3.739844
BARE file=皖MX105Z.jpg gt=皖MX105Z code_cpu=皖MX105Z code_np=皖MX105Z agree=1 ok_cpu=1 ok_np=1 ms_cpu=14.802812 ms_np=3.325781
BARE file=皖N1B096.jpg gt=皖N1B096 code_cpu=皖N1B096 code_np=皖N1B096 agree=1 ok_cpu=1 ok_np=1 ms_cpu=29.260312 ms_np=3.608750
BARE file=皖N76999.jpg gt=皖N76999 code_cpu=皖N76999 code_np=皖N76999 agree=1 ok_cpu=1 ok_np=1 ms_cpu=16.081406 ms_np=3.391563
BARE file=皖N8E309.jpg gt=皖N8E309 code_cpu=皖N8E309 code_np=皖N8E309 agree=1 ok_cpu=1 ok_np=1 ms_cpu=23.918593 ms_np=3.825000
BARE file=皖N98066.jpg gt=皖N98066 code_cpu=皖N98066 code_np=皖N98066 agree=1 ok_cpu=1 ok_np=1 ms_cpu=14.803906 ms_np=3.352187
BARE file=皖NE1199.jpg gt=皖NE1199 code_cpu=皖NE1199 code_np=皖NE1199 agree=1 ok_cpu=1 ok_np=1 ms_cpu=22.362344 ms_np=4.300938
BARE file=皖NG3660.jpg gt=皖NG3660 code_cpu=皖NG3660 code_np=皖NG3660 agree=1 ok_cpu=1 ok_np=1 ms_cpu=14.815625 ms_np=3.254688
BARE file=皖NGT329.jpg gt=皖NGT329 code_cpu=皖NGT329 code_np=皖NGT329 agree=1 ok_cpu=1 ok_np=1 ms_cpu=14.625313 ms_np=3.287187
BARE file=皖NLA900.jpg gt=皖NLA900 code_cpu=皖NLA900 code_np=皖NLA900 agree=1 ok_cpu=1 ok_np=1 ms_cpu=21.377812 ms_np=3.451563
BARE file=皖NM9235.jpg gt=皖NM9235 code_cpu=皖NM9235 code_np=皖NM9235 agree=1 ok_cpu=1 ok_np=1 ms_cpu=21.663281 ms_np=3.395781
BARE file=皖NQ0395.jpg gt=皖NQ0395 code_cpu=皖NQ0395 code_np=皖NQ0395 agree=1 ok_cpu=1 ok_np=1 ms_cpu=16.676093 ms_np=3.296875
BARE file=皖NVV229.jpg gt=皖NVV229 code_cpu=皖NVV229 code_np=皖NVV229 agree=1 ok_cpu=1 ok_np=1 ms_cpu=19.508438 ms_np=3.825782
BARE file=皖NX589X.jpg gt=皖NX589X code_cpu=皖AX589X code_np=皖AX589X agree=1 ok_cpu=0 ok_np=0 ms_cpu=14.633125 ms_np=3.297188
BARE file=皖NXT689.jpg gt=皖NXT689 code_cpu=皖NXT689 code_np=皖NXT689 agree=1 ok_cpu=1 ok_np=1 ms_cpu=10.261875 ms_np=3.248438
BARE file=皖NZ109J.jpg gt=皖NZ109J code_cpu=皖NZ109J code_np=皖NZ109J agree=1 ok_cpu=1 ok_np=1 ms_cpu=14.907500 ms_np=3.357813
BARE file=皖PB2153.jpg gt=皖PB2153 code_cpu=皖PB2153 code_np=皖PB2153 agree=1 ok_cpu=1 ok_np=1 ms_cpu=13.912031 ms_np=3.606407
BARE file=皖PQ5086.jpg gt=皖PQ5086 code_cpu=皖PQ5086 code_np=皖PQ5086 agree=1 ok_cpu=1 ok_np=1 ms_cpu=24.071563 ms_np=3.522343
BARE file=皖QA999D.jpg gt=皖QA999D code_cpu=皖QA999D code_np=皖QA999D agree=1 ok_cpu=1 ok_np=1 ms_cpu=14.916563 ms_np=4.312969
BARE file=皖QG4136.jpg gt=皖QG4136 code_cpu=皖QG4136 code_np=皖QG4136 agree=1 ok_cpu=1 ok_np=1 ms_cpu=20.188906 ms_np=3.412031
BARE file=皖QG9633.jpg gt=皖QG9633 code_cpu=皖QG9633 code_np=皖QG9633 agree=1 ok_cpu=1 ok_np=1 ms_cpu=15.241250 ms_np=3.330000
BARE file=皖S08407.jpg gt=皖S08407 code_cpu=皖S08407 code_np=皖S08407 agree=1 ok_cpu=1 ok_np=1 ms_cpu=20.172188 ms_np=3.202187
BARE file=皖SYZ927.jpg gt=皖SYZ927 code_cpu=皖SYZ927 code_np=皖SYZ927 agree=1 ok_cpu=1 ok_np=1 ms_cpu=15.047031 ms_np=3.422344
BARE file=皖SZ788K.jpg gt=皖SZ788K code_cpu=皖SZ788K code_np=皖SZ788K agree=1 ok_cpu=1 ok_np=1 ms_cpu=25.004844 ms_np=4.117969
BARE file=皖SZH382.jpg gt=皖SZH382 code_cpu=皖SZH382 code_np=皖SZH382 agree=1 ok_cpu=1 ok_np=1 ms_cpu=16.701563 ms_np=3.393750
BARE file=粤A3ZB32.jpg gt=粤A3ZB32 code_cpu=粤A3ZB32 code_np=粤A3ZB32 agree=1 ok_cpu=1 ok_np=1 ms_cpu=22.619688 ms_np=3.365625
BARE file=粤B0GJ76.jpg gt=粤B0GJ76 code_cpu=粤B0GJ76 code_np=粤B0GJ76 agree=1 ok_cpu=1 ok_np=1 ms_cpu=14.722656 ms_np=3.238125
BARE file=苏A0X3B2.jpg gt=苏A0X3B2 code_cpu=苏A0X3B2 code_np=苏A0X3B2 agree=1 ok_cpu=1 ok_np=1 ms_cpu=15.260000 ms_np=3.250625
BARE file=苏A53D97.jpg gt=苏A53D97 code_cpu=苏A53D97 code_np=苏A53D97 agree=1 ok_cpu=1 ok_np=1 ms_cpu=31.369531 ms_np=3.889688
BARE file=苏A57NT9.jpg gt=苏A57NT9 code_cpu=苏A57NT9 code_np=苏A57NT9 agree=1 ok_cpu=1 ok_np=1 ms_cpu=24.930781 ms_np=4.162032
BARE file=苏A8DC31.jpg gt=苏A8DC31 code_cpu=苏A8DC31 code_np=苏A8DC31 agree=1 ok_cpu=1 ok_np=1 ms_cpu=26.479218 ms_np=3.688906
BARE file=苏AP48A8.jpg gt=苏AP48A8 code_cpu=苏AP48A8 code_np=苏AP48A8 agree=1 ok_cpu=1 ok_np=1 ms_cpu=14.899375 ms_np=3.192187
BARE file=苏B810FT.jpg gt=苏B810FT code_cpu=苏B810FT code_np=苏B810FT agree=1 ok_cpu=1 ok_np=1 ms_cpu=9.234375 ms_np=3.565156
BARE file=苏BH828L.jpg gt=苏BH828L code_cpu=苏BH828L code_np=苏BH828L agree=1 ok_cpu=1 ok_np=1 ms_cpu=18.279375 ms_np=3.656094
BARE file=苏E5YR23.jpg gt=苏E5YR23 code_cpu=苏E5XR23 code_np=苏E5XR23 agree=1 ok_cpu=0 ok_np=0 ms_cpu=23.515938 ms_np=3.559688
BARE file=苏E7R5Y0.jpg gt=苏E7R5Y0 code_cpu=苏E7R5Y0 code_np=苏E7R5Y0 agree=1 ok_cpu=1 ok_np=1 ms_cpu=23.750312 ms_np=3.456250
BARE file=苏E9CD08.jpg gt=苏E9CD08 code_cpu=苏E9CD08 code_np=苏E9CD08 agree=1 ok_cpu=1 ok_np=1 ms_cpu=26.822969 ms_np=3.598906
BARE file=苏EW0806.jpg gt=苏EW0806 code_cpu=苏EW0806 code_np=苏EW0806 agree=1 ok_cpu=1 ok_np=1 ms_cpu=24.795312 ms_np=3.515781
BARE file=苏EYV501.jpg gt=苏EYV501 code_cpu=苏EYV501 code_np=苏EYV501 agree=1 ok_cpu=1 ok_np=1 ms_cpu=31.694063 ms_np=4.366407
BARE file=苏G2F335.jpg gt=苏G2F335 code_cpu=苏G2F335 code_np=苏G2F335 agree=1 ok_cpu=1 ok_np=1 ms_cpu=35.631562 ms_np=4.661719
BARE file=苏HXN335.jpg gt=苏HXN335 code_cpu=苏HXN335 code_np=苏HXN335 agree=1 ok_cpu=1 ok_np=1 ms_cpu=28.225000 ms_np=4.327812
BARE file=豫BLU198.jpg gt=豫BLU198 code_cpu=豫BLU198 code_np=豫BLU198 agree=1 ok_cpu=1 ok_np=1 ms_cpu=23.546563 ms_np=4.011407
BARE file=豫DYA080.jpg gt=豫DYA080 code_cpu=豫DYA080 code_np=豫DYA080 agree=1 ok_cpu=1 ok_np=1 ms_cpu=29.223906 ms_np=4.128125
BARE file=豫EZP772.jpg gt=豫EZP772 code_cpu=豫EZP772 code_np=豫EZP772 agree=1 ok_cpu=1 ok_np=1 ms_cpu=22.237969 ms_np=3.341562
BARE file=豫KMZ810.jpg gt=豫KMZ810 code_cpu=豫KMZ810 code_np=豫KMZ810 agree=1 ok_cpu=1 ok_np=1 ms_cpu=26.262812 ms_np=3.424219
BARE file=豫PU4520.jpg gt=豫PU4520 code_cpu=豫PU4520 code_np=豫PU4520 agree=1 ok_cpu=1 ok_np=1 ms_cpu=16.171563 ms_np=3.285313
BARE file=豫RM6396.jpg gt=豫RM6396 code_cpu=豫RM6396 code_np=豫RM6396 agree=1 ok_cpu=1 ok_np=1 ms_cpu=17.290782 ms_np=3.402188
BARE file=闽D33U29.jpg gt=闽D33U29 code_cpu=闽D33U29 code_np=闽D33U29 agree=1 ok_cpu=1 ok_np=1 ms_cpu=15.930625 ms_np=3.267344
BARE file=鲁AW9V20.jpg gt=鲁AW9V20 code_cpu=鲁AW9V20 code_np=鲁AW9V20 agree=1 ok_cpu=1 ok_np=1 ms_cpu=15.496406 ms_np=3.298750
BARE file=鲁BE31L9.jpg gt=鲁BE31L9 code_cpu=鲁BE31L9 code_np=鲁BE31L9 agree=1 ok_cpu=1 ok_np=1 ms_cpu=16.236875 ms_np=3.305157
BARE file=鲁Q08F99.jpg gt=鲁Q08F99 code_cpu=鲁Q08F99 code_np=鲁Q08F99 agree=1 ok_cpu=1 ok_np=1 ms_cpu=14.931406 ms_np=3.214063
BARE file=鲁R8D57Z.jpg gt=鲁R8D57Z code_cpu=鲁R8D57Z code_np=鲁R8D57Z agree=1 ok_cpu=1 ok_np=1 ms_cpu=31.288438 ms_np=4.085782
